id,section_number,section_name_en,section_name_fr,subsection_number,subsection_name_en,subsection_name_fr,title_en,title_fr
Inst,,General Information,Informations générales,,Identification,Identification,Name of institution,Nom de l’institution
Report,,General Information,Informations générales,,Reporting period,Période d'établissement de rapport,Reporting period,Période d'établissement de rapport
Q1R1C1,1,Section 1: Requests Under the Access to Information Act,Section 1 – Demandes en vertu de la Loi sur l’accès à l’information (LAI),1.1,1.1 Number of requests,1.1 Nombre de demandes,Number of Requests - Received during reporting period,Nombre de demandes - Reçues pendant la période d'établissement de rapport
Q1R2C1,1,Section 1: Requests Under the Access to Information Act,Section 1 – Demandes en vertu de la Loi sur l’accès à l’information (LAI),1.1,1.1 Number of requests,1.1 Nombre de demandes,Number of Requests - Outstanding from previous reporting periods,Nombre de demandes - En suspens à la fin de la période d'établissement de rapport précédente
Q1R3C1,1,Section 1: Requests Under the Access to Information Act,Section 1 – Demandes en vertu de la Loi sur l’accès à l’information (LAI),1.1,1.1 Number of requests,1.1 Nombre de demandes,Number of Requests - Outstanding from previous reporting period,Nombre de demandes - En suspens à la fin de la période d'établissement de rapport précédente
Q1R4C1,1,Section 1: Requests Under the Access to Information Act,Section 1 – Demandes en vertu de la Loi sur l’accès à l’information (LAI),1.1,1.1 Number of requests,1.1 Nombre de demandes,Number of Requests - Outstanding from more than one reporting period,Nombre de demandes - En suspens pour plus d'une période d'établissement de rapport
Q1R5C1,1,Section 1: Requests Under the Access to Information Act,Section 1 – Demandes en vertu de la Loi sur l’accès à l’information (LAI),1.1,1.1 Number of requests,1.1 Nombre de demandes,Number of Requests - Total,Nombre de demandes - Total
Q1R6C1,1,Section 1: Requests Under the Access to Information Act,Section 1 – Demandes en vertu de la Loi sur l’accès à l’information (LAI),1.1,1.1 Number of requests,1.1 Nombre de demandes,Number of Requests - Closed during reporting period,Nombre de demandes - Fermées pendant la période d'établissement de rapport
Q1R7C1,1,Section 1: Requests Under the Access to Information Act,Section 1 – Demandes en vertu de la Loi sur l’accès à l’information (LAI),1.1,1.1 Number of requests,1.1 Nombre de demandes,Number of Requests - Carried over to next reporting period,Nombre de demandes - Reportées à la prochaine période d'établissement de rapport
Q1R8C1,1,Section 1: Requests Under the Access to Information Act,Section 1 – Demandes en vertu de la Loi sur l’accès à l’information (LAI),1.1,1.1 Number of requests,1.1 Nombre de demandes,Number of Requests - Carried over within legislated timeline,Nombre de demandes - Reportées à la prochaine période d'établissement de rapport dans les délais prévus par la LAI
Q1R9C1,1,Section 1: Requests Under the Access to Information Act,Section 1 – Demandes en vertu de la Loi sur l’accès à l’information (LAI),1.1,1.1 Number of requests,1.1 Nombre de demandes,Number of Requests - Carried over beyond legislated timeline,Nombre de demandes - Reportées à la prochaine période d'établissement de rapport au-delà des délais prévus par la LAI
Q2R1C1,1,Section 1: Requests Under the Access to Information Act,Section 1 – Demandes en vertu de la Loi sur l’accès à l’information (LAI),1.2,1.2 Sources of requests,1.2 Source des demandes,Number of Requests - Media,Nombre de demandes - Médias
Q2R2C1,1,Section 1: Requests Under the Access to Information Act,Section 1 – Demandes en vertu de la Loi sur l’accès à l’information (LAI),1.2,1.2 Sources of requests,1.2 Source des demandes,Number of Requests - Academia,Nombre de demandes - Secteur universitaire
Q2R3C1,1,Section 1: Requests Under the Access to Information Act,Section 1 – Demandes en vertu de la Loi sur l’accès à l’information (LAI),1.2,1.2 Sources of requests,1.2 Source des demandes,Number of Requests - Business (private sector),Nombre de demandes - Secteur commercial (secteur privé)
Q2R4C1,1,Section 1: Requests Under the Access to Information Act,Section 1 – Demandes en vertu de la Loi sur l’accès à l’information (LAI),1.2,1.2 Sources of requests,1.2 Source des demandes,Number of Requests - Organization,Nombre de demandes - Organisation
Q2R5C1,1,Section 1: Requests Under the Access to Information Act,Section 1 – Demandes en vertu de la Loi sur l’accès à l’information (LAI),1.2,1.2 Sources of requests,1.2 Source des demandes,Number of Requests - Public,Nombre de demandes - Public
Q2R6C1,1,Section 1: Requests Under the Access to Information Act,Section 1 – Demandes en vertu de la Loi sur l’accès à l’information (LAI),1.2,1.2 Sources of requests,1.2 Source des demandes,Number of Requests - Decline to Identify,Nombre de demandes - Refus de s'identifier
Q2R7C1,1,Section 1: Requests Under the Access to Information Act,Section 1 – Demandes en vertu de la Loi sur l’accès à l’information (LAI),1.2,1.2 Sources of requests,1.2 Source des demandes,Number of Requests - Total,Nombre de demandes - Total
Q3R1C1,1,Section 1: Requests Under the Access to Information Act,Section 1 – Demandes en vertu de la Loi sur l’accès à l’information (LAI),1.3,1.3 Channels of requests,1.3 Mode des demandes,Number of Requests - Online,Nombre des demandes - En ligne
Q3R2C1,1,Section 1: Requests Under the Access to Information Act,Section 1 – Demandes en vertu de la Loi sur l’accès à l’information (LAI),1.3,1.3 Channels of requests,1.3 Mode des demandes,Number of Requests - E-mail,Nombre des demandes - Courriel
Q3R3C1,1,Section 1: Requests Under the Access to Information Act,Section 1 – Demandes en vertu de la Loi sur l’accès à l’information (LAI),1.3,1.3 Channels of requests,1.3 Mode des demandes,Number of Requests - Mail,Nombre des demandes - Poste
Q3R4C1,1,Section 1: Requests Under the Access to Information Act,Section 1 – Demandes en vertu de la Loi sur l’accès à l’information (LAI),1.3,1.3 Channels of requests,1.3 Mode des demandes,Number of Requests - In person,Nombre des demandes - En personne
Q3R5C1,1,Section 1: Requests Under the Access to Information Act,Section 1 – Demandes en vertu de la Loi sur l’accès à l’information (LAI),1.3,1.3 Channels of requests,1.3 Mode des demandes,Number of Requests - Phone,Nombre des demandes - Téléphone
Q3R6C1,1,Section 1: Requests Under the Access to Information Act,Section 1 – Demandes en vertu de la Loi sur l’accès à l’information (LAI),1.3,1.3 Channels of requests,1.3 Mode des demandes,Number of Requests - Fax,Nombre des demandes - Télécopieur
Q3R7C1,1,Section 1: Requests Under the Access to Information Act,Section 1 – Demandes en vertu de la Loi sur l’accès à l’information (LAI),1.3,1.3 Channels of requests,1.3 Mode des demandes,Number of Requests - Total,Nombre des demandes - Total
Q4R1C1,2,Section 2: Informal Requests,Section 2 – Demandes informelles,2.1,2.1 Number of informal requests,2.1 Nombre de demandes informelles,Number of Requests - Received during reporting period,Nombre de demandes - Reçues pendant la période d'établissement de rapport
Q4R2C1,2,Section 2: Informal Requests,Section 2 – Demandes informelles,2.1,2.1 Number of informal requests,2.1 Nombre de demandes informelles,Number of Requests - Outstanding from previous reporting periods,Nombre de demandes - En suspens à la fin de la période d'établissement de rapport précédente
Q4R3C1,2,Section 2: Informal Requests,Section 2 – Demandes informelles,2.1,2.1 Number of informal requests,2.1 Nombre de demandes informelles,Number of Requests - Outstanding from previous reporting period,Nombre de demandes - En suspens à la fin de la période d'établissement de rapport précédente
Q4R4C1,2,Section 2: Informal Requests,Section 2 – Demandes informelles,2.1,2.1 Number of informal requests,2.1 Nombre de demandes informelles,Number of Requests - Outstanding from more than one reporting period,Nombre de demandes - En suspens pour plus d'une période d'établissement de rapport
Q4R5C1,2,Section 2: Informal Requests,Section 2 – Demandes informelles,2.1,2.1 Number of informal requests,2.1 Nombre de demandes informelles,Number of Requests - Total,Nombre de demandes - Total
Q4R6C1,2,Section 2: Informal Requests,Section 2 – Demandes informelles,2.1,2.1 Number of informal requests,2.1 Nombre de demandes informelles,Number of Requests - Closed during reporting period,Nombre de demandes - Fermées pendant la période d'établissement de rapport
Q4R7C1,2,Section 2: Informal Requests,Section 2 – Demandes informelles,2.1,2.1 Number of informal requests,2.1 Nombre de demandes informelles,Number of Requests - Carried over to next reporting period,Nombre de demandes - Reportées à la prochaine période d'établissement de rapport
Q6R1C1,2,Section 2: Informal Requests,Section 2 – Demandes informelles,2.2,2.2 Completion time of informal requests,2.2 Délai de traitement pour les demandes informelles,Completion Time - 0 to 15 Days,Délai de traitement - 0 à 15 jours
Q6R1C2,2,Section 2: Informal Requests,Section 2 – Demandes informelles,2.2,2.2 Completion time of informal requests,2.2 Délai de traitement pour les demandes informelles,Completion Time - 16 to 30 Days,Délai de traitement - 16 à 30 jours
Q6R1C3,2,Section 2: Informal Requests,Section 2 – Demandes informelles,2.2,2.2 Completion time of informal requests,2.2 Délai de traitement pour les demandes informelles,Completion Time - 31 to 60 Days,Délai de traitement - 31 à 60 jours
Q6R1C4,2,Section 2: Informal Requests,Section 2 – Demandes informelles,2.2,2.2 Completion time of informal requests,2.2 Délai de traitement pour les demandes informelles,Completion Time - 61 to 120 Days,Délai de traitement - 61 à 120 jours
Q6R1C5,2,Section 2: Informal Requests,Section 2 – Demandes informelles,2.2,2.2 Completion time of informal requests,2.2 Délai de traitement pour les demandes informelles,Completion Time - 121 to 180 Days,Délai de traitement - 121 à 180 jours
Q6R1C6,2,Section 2: Informal Requests,Section 2 – Demandes informelles,2.2,2.2 Completion time of informal requests,2.2 Délai de traitement pour les demandes informelles,Completion Time - 181 to 365 Days,Délai de traitement - 181 à 365 jours
Q6R1C7,2,Section 2: Informal Requests,Section 2 – Demandes informelles,2.2,2.2 Completion time of informal requests,2.2 Délai de traitement pour les demandes informelles,Completion Time - More Than 365 Days,Délai de traitement - Plus de 365 jours
Q8R1C1,2,Section 2: Informal Requests,Section 2 – Demandes informelles,2.3,2.3 Pages released and re-released informally,2.3 Pages communiquées et recommuniquées informellement,Less Than 500 Pages Released and Re-released - Number of Requests,Moins de 500 pages recommuniquées - Nombre de demandes
Q8R1C2,2,Section 2: Informal Requests,Section 2 – Demandes informelles,2.3,2.3 Pages released and re-released informally,2.3 Pages communiquées et recommuniquées informellement,Less Than 500 Pages Released and Re-released - Number of pages,Moins de 500 pages recommuniquées - Nombre de pages
Q8R1C5,2,Section 2: Informal Requests,Section 2 – Demandes informelles,2.3,2.3 Pages released and re-released informally,2.3 Pages communiquées et recommuniquées informellement,500-10000 Pages Released and Re-released - Number of Requests,De 500 à 10 000 pages recommuniquées - Nombre de demandes
Q8R1C6,2,Section 2: Informal Requests,Section 2 – Demandes informelles,2.3,2.3 Pages released and re-released informally,2.3 Pages communiquées et recommuniquées informellement,500-10000 Pages Released and Re-released - Number of pages,De 500 à 10 000 pages recommuniquées - Nombre de pages
Q8R1C9,2,Section 2: Informal Requests,Section 2 – Demandes informelles,2.3,2.3 Pages released and re-released informally,2.3 Pages communiquées et recommuniquées informellement,More Than 10000 Pages Released and Re-released - Number of Requests,Plus de 10 000 pages recommuniquées - Nombre de demandes
Q8R1C10,2,Section 2: Informal Requests,Section 2 – Demandes informelles,2.3,2.3 Pages released and re-released informally,2.3 Pages communiquées et recommuniquées informellement,More Than 10000 Pages Released and Re-released - Number of pages,Plus de 10 000 pages recommuniquées - Nombre de pages
Q9R1C1,3,Section 3: Applications to the Information Commissioner on Declining to Act on Requests,Section 3 – Demandes à la Commissaire à l'information pour ne pas donner suite à la demande,,N/A,N/A,Number of Requests - Outstanding from previous reporting period,Nombre de demandes - En suspens depuis la période d’établissement de rapports précédente
Q9R2C1,3,Section 3: Applications to the Information Commissioner on Declining to Act on Requests,Section 3 – Demandes à la Commissaire à l'information pour ne pas donner suite à la demande,,N/A,N/A,Number of Requests - Sent during reporting period,Nombre de demandes - Envoyées pendant la période d’établissement de rapports
Q9R3C1,3,Section 3: Applications to the Information Commissioner on Declining to Act on Requests,Section 3 – Demandes à la Commissaire à l'information pour ne pas donner suite à la demande,,N/A,N/A,Number of Requests - Total,Nombre de demandes - Total
Q9R4C1,3,Section 3: Applications to the Information Commissioner on Declining to Act on Requests,Section 3 – Demandes à la Commissaire à l'information pour ne pas donner suite à la demande,,N/A,N/A,Number of Requests - Approved by the Information Commissioner during reporting period,Nombre de demandes - Approuvées par la Commissaire à l’information pendant la période d’établissement de rapports
Q9R5C1,3,Section 3: Applications to the Information Commissioner on Declining to Act on Requests,Section 3 – Demandes à la Commissaire à l'information pour ne pas donner suite à la demande,,N/A,N/A,Number of Requests - Declined by the Information Commissioner during reporting period,Nombre de demandes - Refusées par la Commissaire à l’information au cours de la période d’établissement de rapports
Q9R6C1,3,Section 3: Applications to the Information Commissioner on Declining to Act on Requests,Section 3 – Demandes à la Commissaire à l'information pour ne pas donner suite à la demande,,N/A,N/A,Number of Requests - Withdrawn during reporting period,Nombre de demandes - Retirées pendant la période d'établissement de rapports
Q9R7C1,3,Section 3: Applications to the Information Commissioner on Declining to Act on Requests,Section 3 – Demandes à la Commissaire à l'information pour ne pas donner suite à la demande,,N/A,N/A,Number of Requests - Carried over to next reporting period,Nombre de demandes - Reportées à la prochaine période d’établissement de rapports
Q10R1C1,4,Section 4: Requests Closed During the Reporting Period,Section 4 – Demandes fermées pendant la période d'établissement de rapports,4.1,4.1 Disposition and completion time,4.1 Disposition et délai de traitement,Completion Time: 0 to 15 Days - All disclosed,Délai de traitement: 0 à 15 jours - Communication totale
Q10R1C2,4,Section 4: Requests Closed During the Reporting Period,Section 4 – Demandes fermées pendant la période d'établissement de rapports,4.1,4.1 Disposition and completion time,4.1 Disposition et délai de traitement,Completion Time: 16 to 30 Days - All disclosed,Délai de traitement: 16 à 30 jours - Communication totale
Q10R1C3,4,Section 4: Requests Closed During the Reporting Period,Section 4 – Demandes fermées pendant la période d'établissement de rapports,4.1,4.1 Disposition and completion time,4.1 Disposition et délai de traitement,Completion Time: 31 to 60 Days - All disclosed,Délai de traitement: 31 à 60 jours - Communication totale
Q10R1C4,4,Section 4: Requests Closed During the Reporting Period,Section 4 – Demandes fermées pendant la période d'établissement de rapports,4.1,4.1 Disposition and completion time,4.1 Disposition et délai de traitement,Completion Time: 61 to 120 Days - All disclosed,Délai de traitement: 61 à 120 jours - Communication totale
Q10R1C5,4,Section 4: Requests Closed During the Reporting Period,Section 4 – Demandes fermées pendant la période d'établissement de rapports,4.1,4.1 Disposition and completion time,4.1 Disposition et délai de traitement,Completion Time: 121 to 180 Days - All disclosed,Délai de traitement: 121 à 180 jours - Communication totale
Q10R1C6,4,Section 4: Requests Closed During the Reporting Period,Section 4 – Demandes fermées pendant la période d'établissement de rapports,4.1,4.1 Disposition and completion time,4.1 Disposition et délai de traitement,Completion Time: 181 to 365 Days - All disclosed,Délai de traitement: 181 à 365 jours - Communication totale
Q10R1C7,4,Section 4: Requests Closed During the Reporting Period,Section 4 – Demandes fermées pendant la période d'établissement de rapports,4.1,4.1 Disposition and completion time,4.1 Disposition et délai de traitement,Completion Time: More Than 365 Days - All disclosed,Délai de traitement: Plus de 365 jours - Communication totale
Q10R2C1,4,Section 4: Requests Closed During the Reporting Period,Section 4 – Demandes fermées pendant la période d'établissement de rapports,4.1,4.1 Disposition and completion time,4.1 Disposition et délai de traitement,Completion Time: 0 to 15 Days - Disclosed in part,Délai de traitement: 0 à 15 jours - Communication partielle
Q10R2C2,4,Section 4: Requests Closed During the Reporting Period,Section 4 – Demandes fermées pendant la période d'établissement de rapports,4.1,4.1 Disposition and completion time,4.1 Disposition et délai de traitement,Completion Time: 16 to 30 Days - Disclosed in part,Délai de traitement: 16 à 30 jours - Communication partielle
Q10R2C3,4,Section 4: Requests Closed During the Reporting Period,Section 4 – Demandes fermées pendant la période d'établissement de rapports,4.1,4.1 Disposition and completion time,4.1 Disposition et délai de traitement,Completion Time: 31 to 60 Days - Disclosed in part,Délai de traitement: 31 à 60 jours - Communication partielle
Q10R2C4,4,Section 4: Requests Closed During the Reporting Period,Section 4 – Demandes fermées pendant la période d'établissement de rapports,4.1,4.1 Disposition and completion time,4.1 Disposition et délai de traitement,Completion Time: 61 to 120 Days - Disclosed in part,Délai de traitement: 61 à 120 jours - Communication partielle
Q10R2C5,4,Section 4: Requests Closed During the Reporting Period,Section 4 – Demandes fermées pendant la période d'établissement de rapports,4.1,4.1 Disposition and completion time,4.1 Disposition et délai de traitement,Completion Time: 121 to 180 Days - Disclosed in part,Délai de traitement: 121 à 180 jours - Communication partielle
Q10R2C6,4,Section 4: Requests Closed During the Reporting Period,Section 4 – Demandes fermées pendant la période d'établissement de rapports,4.1,4.1 Disposition and completion time,4.1 Disposition et délai de traitement,Completion Time: 181 to 365 Days - Disclosed in part,Délai de traitement: 181 à 365 jours - Communication partielle
Q10R2C7,4,Section 4: Requests Closed During the Reporting Period,Section 4 – Demandes fermées pendant la période d'établissement de rapports,4.1,4.1 Disposition and completion time,4.1 Disposition et délai de traitement,Completion Time: More Than 365 Days - Disclosed in part,Délai de traitement: Plus de 365 jours - Communication partielle
Q10R3C1,4,Section 4: Requests Closed During the Reporting Period,Section 4 – Demandes fermées pendant la période d'établissement de rapports,4.1,4.1 Disposition and completion time,4.1 Disposition et délai de traitement,Completion Time: 0 to 15 Days - All exempted,Délai de traitement: 0 à 15 jours - Exception totale
Q10R3C2,4,Section 4: Requests Closed During the Reporting Period,Section 4 – Demandes fermées pendant la période d'établissement de rapports,4.1,4.1 Disposition and completion time,4.1 Disposition et délai de traitement,Completion Time: 16 to 30 Days - All exempted,Délai de traitement: 16 à 30 jours - Exception totale
Q10R3C3,4,Section 4: Requests Closed During the Reporting Period,Section 4 – Demandes fermées pendant la période d'établissement de rapports,4.1,4.1 Disposition and completion time,4.1 Disposition et délai de traitement,Completion Time: 31 to 60 Days - All exempted,Délai de traitement: 31 à 60 jours - Exception totale
Q10R3C4,4,Section 4: Requests Closed During the Reporting Period,Section 4 – Demandes fermées pendant la période d'établissement de rapports,4.1,4.1 Disposition and completion time,4.1 Disposition et délai de traitement,Completion Time: 61 to 120 Days - All exempted,Délai de traitement: 61 à 120 jours - Exception totale
Q10R3C5,4,Section 4: Requests Closed During the Reporting Period,Section 4 – Demandes fermées pendant la période d'établissement de rapports,4.1,4.1 Disposition and completion time,4.1 Disposition et délai de traitement,Completion Time: 121 to 180 Days - All exempted,Délai de traitement: 121 à 180 jours - Exception totale
Q10R3C6,4,Section 4: Requests Closed During the Reporting Period,Section 4 – Demandes fermées pendant la période d'établissement de rapports,4.1,4.1 Disposition and completion time,4.1 Disposition et délai de traitement,Completion Time: 181 to 365 Days - All exempted,Délai de traitement: 181 à 365 jours - Exception totale
Q10R3C7,4,Section 4: Requests Closed During the Reporting Period,Section 4 – Demandes fermées pendant la période d'établissement de rapports,4.1,4.1 Disposition and completion time,4.1 Disposition et délai de traitement,Completion Time: More Than 365 Days - All exempted,Délai de traitement: Plus de 365 jours - Exception totale
Q10R4C1,4,Section 4: Requests Closed During the Reporting Period,Section 4 – Demandes fermées pendant la période d'établissement de rapports,4.1,4.1 Disposition and completion time,4.1 Disposition et délai de traitement,Completion Time: 0 to 15 Days - All excluded,Délai de traitement: 0 à 15 jours - Exclusion totale
Q10R4C2,4,Section 4: Requests Closed During the Reporting Period,Section 4 – Demandes fermées pendant la période d'établissement de rapports,4.1,4.1 Disposition and completion time,4.1 Disposition et délai de traitement,Completion Time: 16 to 30 Days - All excluded,Délai de traitement: 16 à 30 jours - Exclusion totale
Q10R4C3,4,Section 4: Requests Closed During the Reporting Period,Section 4 – Demandes fermées pendant la période d'établissement de rapports,4.1,4.1 Disposition and completion time,4.1 Disposition et délai de traitement,Completion Time: 31 to 60 Days - All excluded,Délai de traitement: 31 à 60 jours - Exclusion totale
Q10R4C4,4,Section 4: Requests Closed During the Reporting Period,Section 4 – Demandes fermées pendant la période d'établissement de rapports,4.1,4.1 Disposition and completion time,4.1 Disposition et délai de traitement,Completion Time: 61 to 120 Days - All excluded,Délai de traitement: 61 à 120 jours - Exclusion totale
Q10R4C5,4,Section 4: Requests Closed During the Reporting Period,Section 4 – Demandes fermées pendant la période d'établissement de rapports,4.1,4.1 Disposition and completion time,4.1 Disposition et délai de traitement,Completion Time: 121 to 180 Days - All excluded,Délai de traitement: 121 à 180 jours - Exclusion totale
Q10R4C6,4,Section 4: Requests Closed During the Reporting Period,Section 4 – Demandes fermées pendant la période d'établissement de rapports,4.1,4.1 Disposition and completion time,4.1 Disposition et délai de traitement,Completion Time: 181 to 365 Days - All excluded,Délai de traitement: 181 à 365 jours - Exclusion totale
Q10R4C7,4,Section 4: Requests Closed During the Reporting Period,Section 4 – Demandes fermées pendant la période d'établissement de rapports,4.1,4.1 Disposition and completion time,4.1 Disposition et délai de traitement,Completion Time: More Than 365 Days - All excluded,Délai de traitement: Plus de 365 jours - Exclusion totale
Q10R5C1,4,Section 4: Requests Closed During the Reporting Period,Section 4 – Demandes fermées pendant la période d'établissement de rapports,4.1,4.1 Disposition and completion time,4.1 Disposition et délai de traitement,Completion Time: 0 to 15 Days - No records exist,Délai de traitement: 0 à 15 jours - Aucun document n’existe
Q10R5C2,4,Section 4: Requests Closed During the Reporting Period,Section 4 – Demandes fermées pendant la période d'établissement de rapports,4.1,4.1 Disposition and completion time,4.1 Disposition et délai de traitement,Completion Time: 16 to 30 Days - No records exist,Délai de traitement: 16 à 30 jours - Aucun document n’existe
Q10R5C3,4,Section 4: Requests Closed During the Reporting Period,Section 4 – Demandes fermées pendant la période d'établissement de rapports,4.1,4.1 Disposition and completion time,4.1 Disposition et délai de traitement,Completion Time: 31 to 60 Days - No records exist,Délai de traitement: 31 à 60 jours - Aucun document n’existe
Q10R5C4,4,Section 4: Requests Closed During the Reporting Period,Section 4 – Demandes fermées pendant la période d'établissement de rapports,4.1,4.1 Disposition and completion time,4.1 Disposition et délai de traitement,Completion Time: 61 to 120 Days - No records exist,Délai de traitement: 61 à 120 jours - Aucun document n’existe
Q10R5C5,4,Section 4: Requests Closed During the Reporting Period,Section 4 – Demandes fermées pendant la période d'établissement de rapports,4.1,4.1 Disposition and completion time,4.1 Disposition et délai de traitement,Completion Time: 121 to 180 Days - No records exist,Délai de traitement: 121 à 180 jours - Aucun document n’existe
Q10R5C6,4,Section 4: Requests Closed During the Reporting Period,Section 4 – Demandes fermées pendant la période d'établissement de rapports,4.1,4.1 Disposition and completion time,4.1 Disposition et délai de traitement,Completion Time: 181 to 365 Days - No records exist,Délai de traitement: 181 à 365 jours - Aucun document n’existe
Q10R5C7,4,Section 4: Requests Closed During the Reporting Period,Section 4 – Demandes fermées pendant la période d'établissement de rapports,4.1,4.1 Disposition and completion time,4.1 Disposition et délai de traitement,Completion Time: More Than 365 Days - No records exist,Délai de traitement: Plus de 365 jours - Aucun document n’existe
Q10R6C1,4,Section 4: Requests Closed During the Reporting Period,Section 4 – Demandes fermées pendant la période d'établissement de rapports,4.1,4.1 Disposition and completion time,4.1 Disposition et délai de traitement,Completion Time: 0 to 15 Days - Request transferred,Délai de traitement: 0 à 15 jours - Demande transférée
Q10R6C2,4,Section 4: Requests Closed During the Reporting Period,Section 4 – Demandes fermées pendant la période d'établissement de rapports,4.1,4.1 Disposition and completion time,4.1 Disposition et délai de traitement,Completion Time: 16 to 30 Days - Request transferred,Délai de traitement: 16 à 30 jours - Demande transférée
Q10R6C3,4,Section 4: Requests Closed During the Reporting Period,Section 4 – Demandes fermées pendant la période d'établissement de rapports,4.1,4.1 Disposition and completion time,4.1 Disposition et délai de traitement,Completion Time: 31 to 60 Days - Request transferred,Délai de traitement: 31 à 60 jours - Demande transférée
Q10R6C4,4,Section 4: Requests Closed During the Reporting Period,Section 4 – Demandes fermées pendant la période d'établissement de rapports,4.1,4.1 Disposition and completion time,4.1 Disposition et délai de traitement,Completion Time: 61 to 120 Days - Request transferred,Délai de traitement: 61 à 120 jours - Demande transférée
Q10R6C5,4,Section 4: Requests Closed During the Reporting Period,Section 4 – Demandes fermées pendant la période d'établissement de rapports,4.1,4.1 Disposition and completion time,4.1 Disposition et délai de traitement,Completion Time: 121 to 180 Days - Request transferred,Délai de traitement: 121 à 180 jours - Demande transférée
Q10R6C6,4,Section 4: Requests Closed During the Reporting Period,Section 4 – Demandes fermées pendant la période d'établissement de rapports,4.1,4.1 Disposition and completion time,4.1 Disposition et délai de traitement,Completion Time: 181 to 365 Days - Request transferred,Délai de traitement: 181 à 365 jours - Demande transférée
Q10R6C7,4,Section 4: Requests Closed During the Reporting Period,Section 4 – Demandes fermées pendant la période d'établissement de rapports,4.1,4.1 Disposition and completion time,4.1 Disposition et délai de traitement,Completion Time: More Than 365 Days - Request transferred,Délai de traitement: Plus de 365 jours - Demande transférée
Q10R7C1,4,Section 4: Requests Closed During the Reporting Period,Section 4 – Demandes fermées pendant la période d'établissement de rapports,4.1,4.1 Disposition and completion time,4.1 Disposition et délai de traitement,Completion Time: 0 to 15 Days - Request abandoned,Délai de traitement: 0 à 15 jours - Demande abandonnée
Q10R7C2,4,Section 4: Requests Closed During the Reporting Period,Section 4 – Demandes fermées pendant la période d'établissement de rapports,4.1,4.1 Disposition and completion time,4.1 Disposition et délai de traitement,Completion Time: 16 to 30 Days - Request abandoned,Délai de traitement: 16 à 30 jours - Demande abandonnée
Q10R7C3,4,Section 4: Requests Closed During the Reporting Period,Section 4 – Demandes fermées pendant la période d'établissement de rapports,4.1,4.1 Disposition and completion time,4.1 Disposition et délai de traitement,Completion Time: 31 to 60 Days - Request abandoned,Délai de traitement: 31 à 60 jours - Demande abandonnée
Q10R7C4,4,Section 4: Requests Closed During the Reporting Period,Section 4 – Demandes fermées pendant la période d'établissement de rapports,4.1,4.1 Disposition and completion time,4.1 Disposition et délai de traitement,Completion Time: 61 to 120 Days - Request abandoned,Délai de traitement: 61 à 120 jours - Demande abandonnée
Q10R7C5,4,Section 4: Requests Closed During the Reporting Period,Section 4 – Demandes fermées pendant la période d'établissement de rapports,4.1,4.1 Disposition and completion time,4.1 Disposition et délai de traitement,Completion Time: 121 to 180 Days - Request abandoned,Délai de traitement: 121 à 180 jours - Demande abandonnée
Q10R7C6,4,Section 4: Requests Closed During the Reporting Period,Section 4 – Demandes fermées pendant la période d'établissement de rapports,4.1,4.1 Disposition and completion time,4.1 Disposition et délai de traitement,Completion Time: 181 to 365 Days - Request abandoned,Délai de traitement: 181 à 365 jours - Demande abandonnée
Q10R7C7,4,Section 4: Requests Closed During the Reporting Period,Section 4 – Demandes fermées pendant la période d'établissement de rapports,4.1,4.1 Disposition and completion time,4.1 Disposition et délai de traitement,Completion Time: More Than 365 Days - Request abandoned,Délai de traitement: Plus de 365 jours - Demande abandonnée
Q10R8C1,4,Section 4: Requests Closed During the Reporting Period,Section 4 – Demandes fermées pendant la période d'établissement de rapports,4.1,4.1 Disposition and completion time,4.1 Disposition et délai de traitement,Completion Time: 0 to 15 Days - Neither confirmed nor denied,Délai de traitement: 0 à 15 jours - Ni confirmée ni infirmée
Q10R8C2,4,Section 4: Requests Closed During the Reporting Period,Section 4 – Demandes fermées pendant la période d'établissement de rapports,4.1,4.1 Disposition and completion time,4.1 Disposition et délai de traitement,Completion Time: 16 to 30 Days - Neither confirmed nor denied,Délai de traitement: 16 à 30 jours - Ni confirmée ni infirmée
Q10R8C3,4,Section 4: Requests Closed During the Reporting Period,Section 4 – Demandes fermées pendant la période d'établissement de rapports,4.1,4.1 Disposition and completion time,4.1 Disposition et délai de traitement,Completion Time: 31 to 60 Days - Neither confirmed nor denied,Délai de traitement: 31 à 60 jours - Ni confirmée ni infirmée
Q10R8C4,4,Section 4: Requests Closed During the Reporting Period,Section 4 – Demandes fermées pendant la période d'établissement de rapports,4.1,4.1 Disposition and completion time,4.1 Disposition et délai de traitement,Completion Time: 61 to 120 Days - Neither confirmed nor denied,Délai de traitement: 61 à 120 jours - Ni confirmée ni infirmée
Q10R8C5,4,Section 4: Requests Closed During the Reporting Period,Section 4 – Demandes fermées pendant la période d'établissement de rapports,4.1,4.1 Disposition and completion time,4.1 Disposition et délai de traitement,Completion Time: 121 to 180 Days - Neither confirmed nor denied,Délai de traitement: 121 à 180 jours - Ni confirmée ni infirmée
Q10R8C6,4,Section 4: Requests Closed During the Reporting Period,Section 4 – Demandes fermées pendant la période d'établissement de rapports,4.1,4.1 Disposition and completion time,4.1 Disposition et délai de traitement,Completion Time: 181 to 365 Days - Neither confirmed nor denied,Délai de traitement: 181 à 365 jours - Ni confirmée ni infirmée
Q10R8C7,4,Section 4: Requests Closed During the Reporting Period,Section 4 – Demandes fermées pendant la période d'établissement de rapports,4.1,4.1 Disposition and completion time,4.1 Disposition et délai de traitement,Completion Time: More Than 365 Days - Neither confirmed nor denied,Délai de traitement: Plus de 365 jours - Ni confirmée ni infirmée
Q10R9C1,4,Section 4: Requests Closed During the Reporting Period,Section 4 – Demandes fermées pendant la période d'établissement de rapports,4.1,4.1 Disposition and completion time,4.1 Disposition et délai de traitement,Completion Time: 0 to 15 Days - Declined to act with the approval of the Information Commissioner,Délai de traitement: 0 à 15 jours - Refus d'agir avec l'approbation de la Commissaire à l'information
Q10R9C2,4,Section 4: Requests Closed During the Reporting Period,Section 4 – Demandes fermées pendant la période d'établissement de rapports,4.1,4.1 Disposition and completion time,4.1 Disposition et délai de traitement,Completion Time: 16 to 30 Days - Declined to act with the approval of the Information Commissioner,Délai de traitement: 16 à 30 jours - Refus d'agir avec l'approbation de la Commissaire à l'information
Q10R9C3,4,Section 4: Requests Closed During the Reporting Period,Section 4 – Demandes fermées pendant la période d'établissement de rapports,4.1,4.1 Disposition and completion time,4.1 Disposition et délai de traitement,Completion Time: 31 to 60 Days - Declined to act with the approval of the Information Commissioner,Délai de traitement: 31 à 60 jours - Refus d'agir avec l'approbation de la Commissaire à l'information
Q10R9C4,4,Section 4: Requests Closed During the Reporting Period,Section 4 – Demandes fermées pendant la période d'établissement de rapports,4.1,4.1 Disposition and completion time,4.1 Disposition et délai de traitement,Completion Time: 61 to 120 Days - Declined to act with the approval of the Information Commissioner,Délai de traitement: 61 à 120 jours - Refus d'agir avec l'approbation de la Commissaire à l'information
Q10R9C5,4,Section 4: Requests Closed During the Reporting Period,Section 4 – Demandes fermées pendant la période d'établissement de rapports,4.1,4.1 Disposition and completion time,4.1 Disposition et délai de traitement,Completion Time: 121 to 180 Days - Declined to act with the approval of the Information Commissioner,Délai de traitement: 121 à 180 jours - Refus d'agir avec l'approbation de la Commissaire à l'information
Q10R9C6,4,Section 4: Requests Closed During the Reporting Period,Section 4 – Demandes fermées pendant la période d'établissement de rapports,4.1,4.1 Disposition and completion time,4.1 Disposition et délai de traitement,Completion Time: 181 to 365 Days - Declined to act with the approval of the Information Commissioner,Délai de traitement: 181 à 365 jours - Refus d'agir avec l'approbation de la Commissaire à l'information
Q10R9C7,4,Section 4: Requests Closed During the Reporting Period,Section 4 – Demandes fermées pendant la période d'établissement de rapports,4.1,4.1 Disposition and completion time,4.1 Disposition et délai de traitement,Completion Time: More Than 365 Days - Declined to act with the approval of the Information Commissioner,Délai de traitement: Plus de 365 jours - Refus d'agir avec l'approbation de la Commissaire à l'information
Q11R1C1,4,Section 4: Requests Closed During the Reporting Period,Section 4 – Demandes fermées pendant la période d'établissement de rapports,4.2,4.2 Exemptions,4.2 Exceptions,Number of Requests - 13(1)(a),Nombre de demandes - 13(1)a)
Q11R2C1,4,Section 4: Requests Closed During the Reporting Period,Section 4 – Demandes fermées pendant la période d'établissement de rapports,4.2,4.2 Exemptions,4.2 Exceptions,Number of Requests - 13(1)(b),Nombre de demandes - 13(1)b)
Q11R3C1,4,Section 4: Requests Closed During the Reporting Period,Section 4 – Demandes fermées pendant la période d'établissement de rapports,4.2,4.2 Exemptions,4.2 Exceptions,Number of Requests - 13(1)(c),Nombre de demandes - 13(1)c)
Q11R4C1,4,Section 4: Requests Closed During the Reporting Period,Section 4 – Demandes fermées pendant la période d'établissement de rapports,4.2,4.2 Exemptions,4.2 Exceptions,Number of Requests - 13(1)(d),Nombre de demandes - 13(1)d)
Q11R5C1,4,Section 4: Requests Closed During the Reporting Period,Section 4 – Demandes fermées pendant la période d'établissement de rapports,4.2,4.2 Exemptions,4.2 Exceptions,Number of Requests - 13(1)(e),Nombre de demandes - 13(1)e)
Q11R6C1,4,Section 4: Requests Closed During the Reporting Period,Section 4 – Demandes fermées pendant la période d'établissement de rapports,4.2,4.2 Exemptions,4.2 Exceptions,Number of Requests,Nombre de demandes
Q11R7C1,4,Section 4: Requests Closed During the Reporting Period,Section 4 – Demandes fermées pendant la période d'établissement de rapports,4.2,4.2 Exemptions,4.2 Exceptions,Number of Requests - 14(a),Nombre de demandes - 14a)
Q11R8C1,4,Section 4: Requests Closed During the Reporting Period,Section 4 – Demandes fermées pendant la période d'établissement de rapports,4.2,4.2 Exemptions,4.2 Exceptions,Number of Requests - 14(b),Nombre de demandes - 14b)
Q11R9C1,4,Section 4: Requests Closed During the Reporting Period,Section 4 – Demandes fermées pendant la période d'établissement de rapports,4.2,4.2 Exemptions,4.2 Exceptions,Number of Requests - 15(1),Nombre de demandes - 15(1)
Q11R10C1,4,Section 4: Requests Closed During the Reporting Period,Section 4 – Demandes fermées pendant la période d'établissement de rapports,4.2,4.2 Exemptions,4.2 Exceptions,Number of Requests - 15(1) - I.A.*,Nombre de demandes - 15(1) - A.I.*
Q11R11C1,4,Section 4: Requests Closed During the Reporting Period,Section 4 – Demandes fermées pendant la période d'établissement de rapports,4.2,4.2 Exemptions,4.2 Exceptions,Number of Requests - 15(1) - Def.*,Nombre de demandes - 15(1) - Déf.*
Q11R12C1,4,Section 4: Requests Closed During the Reporting Period,Section 4 – Demandes fermées pendant la période d'établissement de rapports,4.2,4.2 Exemptions,4.2 Exceptions,Number of Requests - 15(1) - S.A.*,Nombre de demandes - 15(1) - A.S.*
Q11R13C1,4,Section 4: Requests Closed During the Reporting Period,Section 4 – Demandes fermées pendant la période d'établissement de rapports,4.2,4.2 Exemptions,4.2 Exceptions,Number of Requests - 16(1)(a)(i),Nombre de demandes - 16(1)a)(i)
Q11R14C1,4,Section 4: Requests Closed During the Reporting Period,Section 4 – Demandes fermées pendant la période d'établissement de rapports,4.2,4.2 Exemptions,4.2 Exceptions,Number of Requests - 16(1)(a)(ii),Nombre de demandes - 16(1)a)(ii)
Q11R15C1,4,Section 4: Requests Closed During the Reporting Period,Section 4 – Demandes fermées pendant la période d'établissement de rapports,4.2,4.2 Exemptions,4.2 Exceptions,Number of Requests - 16(1)(a)(iii),Nombre de demandes - 16(1)a)(iii)
Q11R16C1,4,Section 4: Requests Closed During the Reporting Period,Section 4 – Demandes fermées pendant la période d'établissement de rapports,4.2,4.2 Exemptions,4.2 Exceptions,Number of Requests - 16(1)(b),Nombre de demandes - 16(1)b)
Q11R17C1,4,Section 4: Requests Closed During the Reporting Period,Section 4 – Demandes fermées pendant la période d'établissement de rapports,4.2,4.2 Exemptions,4.2 Exceptions,Number of Requests - 16(1)(c),Nombre de demandes - 16(1)c)
Q11R18C1,4,Section 4: Requests Closed During the Reporting Period,Section 4 – Demandes fermées pendant la période d'établissement de rapports,4.2,4.2 Exemptions,4.2 Exceptions,Number of Requests - 16(1)(d),Nombre de demandes - 16(1)d)
Q11R19C1,4,Section 4: Requests Closed During the Reporting Period,Section 4 – Demandes fermées pendant la période d'établissement de rapports,4.2,4.2 Exemptions,4.2 Exceptions,Number of Requests - 13(1)(a) - 16(2),Nombre de demandes - 13(1)a) - 16(2)
Q11R20C1,4,Section 4: Requests Closed During the Reporting Period,Section 4 – Demandes fermées pendant la période d'établissement de rapports,4.2,4.2 Exemptions,4.2 Exceptions,Number of Requests - 13(1)(b) - 16(2)(a),Nombre de demandes - 13(1)b) - 16(2)a)
Q11R21C1,4,Section 4: Requests Closed During the Reporting Period,Section 4 – Demandes fermées pendant la période d'établissement de rapports,4.2,4.2 Exemptions,4.2 Exceptions,Number of Requests - 13(1)(c) - 16(2)(b),Nombre de demandes - 13(1)c) - 16(2)b)
Q11R22C1,4,Section 4: Requests Closed During the Reporting Period,Section 4 – Demandes fermées pendant la période d'établissement de rapports,4.2,4.2 Exemptions,4.2 Exceptions,Number of Requests - 13(1)(d) - 16(2)(c),Nombre de demandes - 13(1)d) - 16(2)c)
Q11R23C1,4,Section 4: Requests Closed During the Reporting Period,Section 4 – Demandes fermées pendant la période d'établissement de rapports,4.2,4.2 Exemptions,4.2 Exceptions,Number of Requests - 13(1)(e) - 16(3),Nombre de demandes - 13(1)e) - 16(3)
Q11R24C1,4,Section 4: Requests Closed During the Reporting Period,Section 4 – Demandes fermées pendant la période d'établissement de rapports,4.2,4.2 Exemptions,4.2 Exceptions,Number of Requests - 16.1(1)(a),Nombre de demandes - 16.1(1)a)
Q11R25C1,4,Section 4: Requests Closed During the Reporting Period,Section 4 – Demandes fermées pendant la période d'établissement de rapports,4.2,4.2 Exemptions,4.2 Exceptions,Number of Requests - 14(a) - 16.1(1)(b),Nombre de demandes - 14a) - 16.1(1)b)
Q11R26C1,4,Section 4: Requests Closed During the Reporting Period,Section 4 – Demandes fermées pendant la période d'établissement de rapports,4.2,4.2 Exemptions,4.2 Exceptions,Number of Requests - 14(b) - 16.1(1)(c),Nombre de demandes - 14b) - 16.1(1)c)
Q11R27C1,4,Section 4: Requests Closed During the Reporting Period,Section 4 – Demandes fermées pendant la période d'établissement de rapports,4.2,4.2 Exemptions,4.2 Exceptions,Number of Requests - 15(1) - 16.1(1)(d),Nombre de demandes - 15(1) - 16.1(1)d)
Q11R28C1,4,Section 4: Requests Closed During the Reporting Period,Section 4 – Demandes fermées pendant la période d'établissement de rapports,4.2,4.2 Exemptions,4.2 Exceptions,Number of Requests - 15(1) - I.A.* - 16.2(1),Nombre de demandes - 15(1) - A.I.* - 16.2(1)
Q11R29C1,4,Section 4: Requests Closed During the Reporting Period,Section 4 – Demandes fermées pendant la période d'établissement de rapports,4.2,4.2 Exemptions,4.2 Exceptions,Number of Requests - 15(1) - Def.*,Nombre de demandes - 15(1) - Déf.*
Q11R30C1,4,Section 4: Requests Closed During the Reporting Period,Section 4 – Demandes fermées pendant la période d'établissement de rapports,4.2,4.2 Exemptions,4.2 Exceptions,Number of Requests - 15(1) - S.A.* - 16.4(1)(a),Nombre de demandes - 15(1) - A.S.* - 16.4(1)a)
Q11R31C1,4,Section 4: Requests Closed During the Reporting Period,Section 4 – Demandes fermées pendant la période d'établissement de rapports,4.2,4.2 Exemptions,4.2 Exceptions,Number of Requests - 16(1)(a)(i) - 16.4(1)(b),Nombre de demandes - 16(1)a)(i) - 16.4(1)b)
Q11R32C1,4,Section 4: Requests Closed During the Reporting Period,Section 4 – Demandes fermées pendant la période d'établissement de rapports,4.2,4.2 Exemptions,4.2 Exceptions,Number of Requests - 16(1)(a)(ii),Nombre de demandes - 16(1)a)(ii)
Q11R33C1,4,Section 4: Requests Closed During the Reporting Period,Section 4 – Demandes fermées pendant la période d'établissement de rapports,4.2,4.2 Exemptions,4.2 Exceptions,Number of Requests - 16(1)(a)(iii),Nombre de demandes - 16(1)a)(iii)
Q11R34C1,4,Section 4: Requests Closed During the Reporting Period,Section 4 – Demandes fermées pendant la période d'établissement de rapports,4.2,4.2 Exemptions,4.2 Exceptions,Number of Requests - 16(1)(b),Nombre de demandes - 16(1)b)
Q11R35C1,4,Section 4: Requests Closed During the Reporting Period,Section 4 – Demandes fermées pendant la période d'établissement de rapports,4.2,4.2 Exemptions,4.2 Exceptions,Number of Requests - 13(1)(a) - 16(2) - 18(a),Nombre de demandes - 13(1)a) - 16(2) - 18a)
Q11R36C1,4,Section 4: Requests Closed During the Reporting Period,Section 4 – Demandes fermées pendant la période d'établissement de rapports,4.2,4.2 Exemptions,4.2 Exceptions,Number of Requests - 13(1)(b) - 16(2)(a) - 18(b),Nombre de demandes - 13(1)b) - 16(2)a) - 18b)
Q11R37C1,4,Section 4: Requests Closed During the Reporting Period,Section 4 – Demandes fermées pendant la période d'établissement de rapports,4.2,4.2 Exemptions,4.2 Exceptions,Number of Requests - 13(1)(c) - 16(2)(b) - 18(c),Nombre de demandes - 13(1)c) - 16(2)b) - 18c)
Q11R38C1,4,Section 4: Requests Closed During the Reporting Period,Section 4 – Demandes fermées pendant la période d'établissement de rapports,4.2,4.2 Exemptions,4.2 Exceptions,Number of Requests - 13(1)(d) - 16(2)(c) - 18(d),Nombre de demandes - 13(1)d) - 16(2)c) - 18d)
Q11R39C1,4,Section 4: Requests Closed During the Reporting Period,Section 4 – Demandes fermées pendant la période d'établissement de rapports,4.2,4.2 Exemptions,4.2 Exceptions,Number of Requests - 13(1)(e) - 16(3) - 18.1(1)(a),Nombre de demandes - 13(1)e) - 16(3) - 18.1(1)a)
Q11R40C1,4,Section 4: Requests Closed During the Reporting Period,Section 4 – Demandes fermées pendant la période d'établissement de rapports,4.2,4.2 Exemptions,4.2 Exceptions,Number of Requests - 16.1(1)(a) - 18.1(1)(b),Nombre de demandes - 16.1(1)a) - 18.1(1)b)
Q11R41C1,4,Section 4: Requests Closed During the Reporting Period,Section 4 – Demandes fermées pendant la période d'établissement de rapports,4.2,4.2 Exemptions,4.2 Exceptions,Number of Requests - 14(a) - 16.1(1)(b) - 18.1(1)(c),Nombre de demandes - 14a) - 16.1(1)b) - 18.1(1)c)
Q11R42C1,4,Section 4: Requests Closed During the Reporting Period,Section 4 – Demandes fermées pendant la période d'établissement de rapports,4.2,4.2 Exemptions,4.2 Exceptions,Number of Requests - 14(b) - 16.1(1)(c) - 18.1(1)(d),Nombre de demandes - 14b) - 16.1(1)c) - 18.1(1)d)
Q11R43C1,4,Section 4: Requests Closed During the Reporting Period,Section 4 – Demandes fermées pendant la période d'établissement de rapports,4.2,4.2 Exemptions,4.2 Exceptions,Number of Requests - 15(1) - 16.1(1)(d) - 19(1),Nombre de demandes - 15(1) - 16.1(1)d) - 19(1)
Q11R44C1,4,Section 4: Requests Closed During the Reporting Period,Section 4 – Demandes fermées pendant la période d'établissement de rapports,4.2,4.2 Exemptions,4.2 Exceptions,Number of Requests - 15(1) - I.A.* - 16.2(1) - 20(1)(a),Nombre de demandes - 15(1) - A.I.* - 16.2(1) - 20(1)a)
Q11R45C1,4,Section 4: Requests Closed During the Reporting Period,Section 4 – Demandes fermées pendant la période d'établissement de rapports,4.2,4.2 Exemptions,4.2 Exceptions,Number of Requests - 15(1) - Def.* - 20(1)(b),Nombre de demandes - 15(1) - Déf.* - 20(1)b)
Q11R46C1,4,Section 4: Requests Closed During the Reporting Period,Section 4 – Demandes fermées pendant la période d'établissement de rapports,4.2,4.2 Exemptions,4.2 Exceptions,Number of Requests - 15(1) - S.A.* - 16.4(1)(a) - 20(1)(b.1),Nombre de demandes - 15(1) - A.S.* - 16.4(1)a) - 20(1)b.1)
Q11R47C1,4,Section 4: Requests Closed During the Reporting Period,Section 4 – Demandes fermées pendant la période d'établissement de rapports,4.2,4.2 Exemptions,4.2 Exceptions,Number of Requests - 16(1)(a)(i) - 16.4(1)(b) - 20(1)(c),Nombre de demandes - 16(1)a)(i) - 16.4(1)b) - 20(1)c)
Q11R48C1,4,Section 4: Requests Closed During the Reporting Period,Section 4 – Demandes fermées pendant la période d'établissement de rapports,4.2,4.2 Exemptions,4.2 Exceptions,Number of Requests - 16(1)(a)(ii) - 20(1)(d),Nombre de demandes - 16(1)a)(ii) - 20(1)d)
Q11R49C1,4,Section 4: Requests Closed During the Reporting Period,Section 4 – Demandes fermées pendant la période d'établissement de rapports,4.2,4.2 Exemptions,4.2 Exceptions,Number of Requests - 13(1)(a) - 16(2) - 18(a),Nombre de demandes - 13(1)a) - 16(2) - 18a)
Q11R50C1,4,Section 4: Requests Closed During the Reporting Period,Section 4 – Demandes fermées pendant la période d'établissement de rapports,4.2,4.2 Exemptions,4.2 Exceptions,Number of Requests - 13(1)(b) - 16(2)(a) - 18(b),Nombre de demandes - 13(1)b) - 16(2)a) - 18b)
Q11R51C1,4,Section 4: Requests Closed During the Reporting Period,Section 4 – Demandes fermées pendant la période d'établissement de rapports,4.2,4.2 Exemptions,4.2 Exceptions,Number of Requests - 13(1)(c) - 16(2)(b) - 18(c),Nombre de demandes - 13(1)c) - 16(2)b) - 18c)
Q11R52C1,4,Section 4: Requests Closed During the Reporting Period,Section 4 – Demandes fermées pendant la période d'établissement de rapports,4.2,4.2 Exemptions,4.2 Exceptions,Number of Requests - 13(1)(d) - 16(2)(c) - 18(d) - 21(1)(a),Nombre de demandes - 13(1)d) - 16(2)c) - 18d) - 21(1)a)
Q11R53C1,4,Section 4: Requests Closed During the Reporting Period,Section 4 – Demandes fermées pendant la période d'établissement de rapports,4.2,4.2 Exemptions,4.2 Exceptions,Number of Requests - 13(1)(e) - 16(3) - 18.1(1)(a) - 21(1)(b),Nombre de demandes - 13(1)e) - 16(3) - 18.1(1)a) - 21(1)b)
Q11R54C1,4,Section 4: Requests Closed During the Reporting Period,Section 4 – Demandes fermées pendant la période d'établissement de rapports,4.2,4.2 Exemptions,4.2 Exceptions,Number of Requests - 16.1(1)(a) - 18.1(1)(b) - 21(1)(c),Nombre de demandes - 16.1(1)a) - 18.1(1)b) - 21(1)c)
Q11R55C1,4,Section 4: Requests Closed During the Reporting Period,Section 4 – Demandes fermées pendant la période d'établissement de rapports,4.2,4.2 Exemptions,4.2 Exceptions,Number of Requests - 14(a) - 16.1(1)(b) - 18.1(1)(c) - 21(1)(d),Nombre de demandes - 14a) - 16.1(1)b) - 18.1(1)c) - 21(1)d)
Q11R56C1,4,Section 4: Requests Closed During the Reporting Period,Section 4 – Demandes fermées pendant la période d'établissement de rapports,4.2,4.2 Exemptions,4.2 Exceptions,Number of Requests - 14(b) - 16.1(1)(c) - 18.1(1)(d),Nombre de demandes - 14b) - 16.1(1)c) - 18.1(1)d)
Q11R57C1,4,Section 4: Requests Closed During the Reporting Period,Section 4 – Demandes fermées pendant la période d'établissement de rapports,4.2,4.2 Exemptions,4.2 Exceptions,Number of Requests - 15(1) - 16.1(1)(d) - 19(1) - 22.1(1),Nombre de demandes - 15(1) - 16.1(1)d) - 19(1) - 22.1(1)
Q11R58C1,4,Section 4: Requests Closed During the Reporting Period,Section 4 – Demandes fermées pendant la période d'établissement de rapports,4.2,4.2 Exemptions,4.2 Exceptions,Number of Requests - 15(1) - I.A.* - 16.2(1) - 20(1)(a),Nombre de demandes - 15(1) - A.I.* - 16.2(1) - 20(1)a)
Q11R59C1,4,Section 4: Requests Closed During the Reporting Period,Section 4 – Demandes fermées pendant la période d'établissement de rapports,4.2,4.2 Exemptions,4.2 Exceptions,Number of Requests - 15(1) - Def.* - 20(1)(b),Nombre de demandes - 15(1) - Déf.* - 20(1)b)
Q11R60C1,4,Section 4: Requests Closed During the Reporting Period,Section 4 – Demandes fermées pendant la période d'établissement de rapports,4.2,4.2 Exemptions,4.2 Exceptions,Number of Requests - 15(1) - S.A.* - 16.4(1)(a) - 20(1)(b.1) - 24(1),Nombre de demandes - 15(1) - A.S.* - 16.4(1)a) - 20(1)b.1) - 24(1)
Q11R61C1,4,Section 4: Requests Closed During the Reporting Period,Section 4 – Demandes fermées pendant la période d'établissement de rapports,4.2,4.2 Exemptions,4.2 Exceptions,Number of Requests - 16(1)(a)(i) - 16.4(1)(b) - 20(1)(c),Nombre de demandes - 16(1)a)(i) - 16.4(1)b) - 20(1)c)
Q12R1C1,4,Section 4: Requests Closed During the Reporting Period,Section 4 – Demandes fermées pendant la période d'établissement de rapports,4.3,4.3 Exclusions,4.3 Exclusions,Number of Requests - 68(a),Nombre de demandes - 68a)
Q12R2C1,4,Section 4: Requests Closed During the Reporting Period,Section 4 – Demandes fermées pendant la période d'établissement de rapports,4.3,4.3 Exclusions,4.3 Exclusions,Number of Requests - 68(b),Nombre de demandes - 68b)
Q12R3C1,4,Section 4: Requests Closed During the Reporting Period,Section 4 – Demandes fermées pendant la période d'établissement de rapports,4.3,4.3 Exclusions,4.3 Exclusions,Number of Requests - 68(c),Nombre de demandes - 68c)
Q12R4C1,4,Section 4: Requests Closed During the Reporting Period,Section 4 – Demandes fermées pendant la période d'établissement de rapports,4.3,4.3 Exclusions,4.3 Exclusions,Number of Requests - 68.1,Nombre de demandes - 68.1
Q12R5C1,4,Section 4: Requests Closed During the Reporting Period,Section 4 – Demandes fermées pendant la période d'établissement de rapports,4.3,4.3 Exclusions,4.3 Exclusions,Number of Requests - 68.2(a),Nombre de demandes - 68.2a)
Q12R6C1,4,Section 4: Requests Closed During the Reporting Period,Section 4 – Demandes fermées pendant la période d'établissement de rapports,4.3,4.3 Exclusions,4.3 Exclusions,Number of Requests - 68.2(b),Nombre de demandes - 68.2b)
Q12R7C1,4,Section 4: Requests Closed During the Reporting Period,Section 4 – Demandes fermées pendant la période d'établissement de rapports,4.3,4.3 Exclusions,4.3 Exclusions,Number of Requests - 68(a) - 69(1),Nombre de demandes - 68a) - 69(1)
Q12R8C1,4,Section 4: Requests Closed During the Reporting Period,Section 4 – Demandes fermées pendant la période d'établissement de rapports,4.3,4.3 Exclusions,4.3 Exclusions,Number of Requests - 68(b) - 69(1)(a),Nombre de demandes - 68b) - 69(1)a)
Q12R9C1,4,Section 4: Requests Closed During the Reporting Period,Section 4 – Demandes fermées pendant la période d'établissement de rapports,4.3,4.3 Exclusions,4.3 Exclusions,Number of Requests - 68(c) - 69(1)(b),Nombre de demandes - 68c) - 69(1)b)
Q12R10C1,4,Section 4: Requests Closed During the Reporting Period,Section 4 – Demandes fermées pendant la période d'établissement de rapports,4.3,4.3 Exclusions,4.3 Exclusions,Number of Requests - 68.1 - 69(1)(c),Nombre de demandes - 68.1 - 69(1)c)
Q12R11C1,4,Section 4: Requests Closed During the Reporting Period,Section 4 – Demandes fermées pendant la période d'établissement de rapports,4.3,4.3 Exclusions,4.3 Exclusions,Number of Requests - 68.2(a) - 69(1)(d),Nombre de demandes - 68.2a) - 69(1)d)
Q12R12C1,4,Section 4: Requests Closed During the Reporting Period,Section 4 – Demandes fermées pendant la période d'établissement de rapports,4.3,4.3 Exclusions,4.3 Exclusions,Number of Requests - 68.2(b) - 69(1)(e),Nombre de demandes - 68.2b) - 69(1)e)
Q12R13C1,4,Section 4: Requests Closed During the Reporting Period,Section 4 – Demandes fermées pendant la période d'établissement de rapports,4.3,4.3 Exclusions,4.3 Exclusions,Number of Requests - 69(1)(f),Nombre de demandes - 69(1)f)
Q12R14C1,4,Section 4: Requests Closed During the Reporting Period,Section 4 – Demandes fermées pendant la période d'établissement de rapports,4.3,4.3 Exclusions,4.3 Exclusions,Number of Requests - 68(a) - 69(1) - 69(1)(g) re (a),Nombre de demandes - 68a) - 69(1) - 69(1)g) re a)
Q12R15C1,4,Section 4: Requests Closed During the Reporting Period,Section 4 – Demandes fermées pendant la période d'établissement de rapports,4.3,4.3 Exclusions,4.3 Exclusions,Number of Requests - 68(b) - 69(1)(a) - 69(1)(g) re (b),Nombre de demandes - 68b) - 69(1)a) - 69(1)g) re b)
Q12R16C1,4,Section 4: Requests Closed During the Reporting Period,Section 4 – Demandes fermées pendant la période d'établissement de rapports,4.3,4.3 Exclusions,4.3 Exclusions,Number of Requests - 68(c) - 69(1)(b) - 69(1)(g) re (c),Nombre de demandes - 68c) - 69(1)b) - 69(1)g) re c)
Q12R17C1,4,Section 4: Requests Closed During the Reporting Period,Section 4 – Demandes fermées pendant la période d'établissement de rapports,4.3,4.3 Exclusions,4.3 Exclusions,Number of Requests - 68.1 - 69(1)(c) - 69(1)(g) re (d),Nombre de demandes - 68.1 - 69(1)c) - 69(1)g) re d)
Q12R18C1,4,Section 4: Requests Closed During the Reporting Period,Section 4 – Demandes fermées pendant la période d'établissement de rapports,4.3,4.3 Exclusions,4.3 Exclusions,Number of Requests - 68.2(a) - 69(1)(d) - 69(1)(g) re (e),Nombre de demandes - 68.2a) - 69(1)d) - 69(1)g) re e)
Q12R19C1,4,Section 4: Requests Closed During the Reporting Period,Section 4 – Demandes fermées pendant la période d'établissement de rapports,4.3,4.3 Exclusions,4.3 Exclusions,Number of Requests - 68.2(b) - 69(1)(e) - 69(1)(g) re (f),Nombre de demandes - 68.2b) - 69(1)e) - 69(1)g) re f)
Q12R20C1,4,Section 4: Requests Closed During the Reporting Period,Section 4 – Demandes fermées pendant la période d'établissement de rapports,4.3,4.3 Exclusions,4.3 Exclusions,Number of Requests - 69(1)(f) - 69.1(1),Nombre de demandes - 69(1)f) - 69.1(1)
Q13R1C1,4,Section 4: Requests Closed During the Reporting Period,Section 4 – Demandes fermées pendant la période d'établissement de rapports,4.4,4.4 Format of information released,4.4 Format des documents communiqués,Paper,Papier
Q13R1C2,4,Section 4: Requests Closed During the Reporting Period,Section 4 – Demandes fermées pendant la période d'établissement de rapports,4.4,4.4 Format of information released,4.4 Format des documents communiqués,Electronic - E-record,Électronique - Document électronique
Q13R1C3,4,Section 4: Requests Closed During the Reporting Period,Section 4 – Demandes fermées pendant la période d'établissement de rapports,4.4,4.4 Format of information released,4.4 Format des documents communiqués,Electronic - Data set,Électronique - Ensemble de données
Q13R1C4,4,Section 4: Requests Closed During the Reporting Period,Section 4 – Demandes fermées pendant la période d'établissement de rapports,4.4,4.4 Format of information released,4.4 Format des documents communiqués,Electronic - Video,Électronique - Vidéo
Q13R1C5,4,Section 4: Requests Closed During the Reporting Period,Section 4 – Demandes fermées pendant la période d'établissement de rapports,4.4,4.4 Format of information released,4.4 Format des documents communiqués,Electronic - Audio,Électronique - Audio
Q13R1C6,4,Section 4: Requests Closed During the Reporting Period,Section 4 – Demandes fermées pendant la période d'établissement de rapports,4.4,4.4 Format of information released,4.4 Format des documents communiqués,Other,Autres
Q14R1C1,4,Section 4: Requests Closed During the Reporting Period,Section 4 – Demandes fermées pendant la période d'établissement de rapports,4.5.1,"4.5.1 Relevant pages processed and disclosed for paper, e-record and dataset formats","4.5.1 Pages pertinentes traitées et communiquées en formats papier, document électronique et ensemble de données",Number of Pages Processed,Nombre de pages traitées
Q14R1C2,4,Section 4: Requests Closed During the Reporting Period,Section 4 – Demandes fermées pendant la période d'établissement de rapports,4.5.1,"4.5.1 Relevant pages processed and disclosed for paper, e-record and dataset formats","4.5.1 Pages pertinentes traitées et communiquées en formats papier, document électronique et ensemble de données",Number of Pages Disclosed,Nombre de pages communiquées
Q14R1C3,4,Section 4: Requests Closed During the Reporting Period,Section 4 – Demandes fermées pendant la période d'établissement de rapports,4.5.1,"4.5.1 Relevant pages processed and disclosed for paper, e-record and dataset formats","4.5.1 Pages pertinentes traitées et communiquées en formats papier, document électronique et ensemble de données",Number of Requests,Nombre de demandes
Q15R1C1,4,Section 4: Requests Closed During the Reporting Period,Section 4 – Demandes fermées pendant la période d'établissement de rapports,4.5.2,"4.5.2 Relevant pages processed per request disposition for paper, e-record and dataset formats by size of requests","4.5.2 Pages pertinentes traitées et communiquées en fonction de l’ampleur des demandes en formats papier, document électronique et ensemble de données par disposition des demandes",Less Than 500 Pages Processed: Number of Requests - All disclosed,Moins de 500 pages traitées: Nombre de demandes - Communication totale
Q15R1C2,4,Section 4: Requests Closed During the Reporting Period,Section 4 – Demandes fermées pendant la période d'établissement de rapports,4.5.2,"4.5.2 Relevant pages processed per request disposition for paper, e-record and dataset formats by size of requests","4.5.2 Pages pertinentes traitées et communiquées en fonction de l’ampleur des demandes en formats papier, document électronique et ensemble de données par disposition des demandes",Less Than 500 Pages Processed: Pages Processed - All disclosed,Moins de 500 pages traitées: Pages traitées - Communication totale
Q15R1C3,4,Section 4: Requests Closed During the Reporting Period,Section 4 – Demandes fermées pendant la période d'établissement de rapports,4.5.2,"4.5.2 Relevant pages processed per request disposition for paper, e-record and dataset formats by size of requests","4.5.2 Pages pertinentes traitées et communiquées en fonction de l’ampleur des demandes en formats papier, document électronique et ensemble de données par disposition des demandes",500-10 000 Pages Processed: Number of Requests - All disclosed,500 à 10 000 pages traitées: Nombre de demandes - Communication totale
Q15R1C4,4,Section 4: Requests Closed During the Reporting Period,Section 4 – Demandes fermées pendant la période d'établissement de rapports,4.5.2,"4.5.2 Relevant pages processed per request disposition for paper, e-record and dataset formats by size of requests","4.5.2 Pages pertinentes traitées et communiquées en fonction de l’ampleur des demandes en formats papier, document électronique et ensemble de données par disposition des demandes",500-10 000 Pages Processed: Pages Processed - All disclosed,500 à 10 000 pages traitées: Pages traitées - Communication totale
Q15R1C5,4,Section 4: Requests Closed During the Reporting Period,Section 4 – Demandes fermées pendant la période d'établissement de rapports,4.5.2,"4.5.2 Relevant pages processed per request disposition for paper, e-record and dataset formats by size of requests","4.5.2 Pages pertinentes traitées et communiquées en fonction de l’ampleur des demandes en formats papier, document électronique et ensemble de données par disposition des demandes",More Than 10 000 Pages Processed: Number of Requests - All disclosed,Plus de 10 000 pages traitées: Nombre de demandes - Communication totale
Q15R1C6,4,Section 4: Requests Closed During the Reporting Period,Section 4 – Demandes fermées pendant la période d'établissement de rapports,4.5.2,"4.5.2 Relevant pages processed per request disposition for paper, e-record and dataset formats by size of requests","4.5.2 Pages pertinentes traitées et communiquées en fonction de l’ampleur des demandes en formats papier, document électronique et ensemble de données par disposition des demandes",More Than 10 000 Pages Processed: Pages Processed - All disclosed,Plus de 10 000 pages traitées: Pages traitées - Communication totale
Q15R2C1,4,Section 4: Requests Closed During the Reporting Period,Section 4 – Demandes fermées pendant la période d'établissement de rapports,4.5.2,"4.5.2 Relevant pages processed per request disposition for paper, e-record and dataset formats by size of requests","4.5.2 Pages pertinentes traitées et communiquées en fonction de l’ampleur des demandes en formats papier, document électronique et ensemble de données par disposition des demandes",Less Than 500 Pages Processed: Number of Requests - Disclosed in part,Moins de 500 pages traitées: Nombre de demandes - Communication partielle
Q15R2C2,4,Section 4: Requests Closed During the Reporting Period,Section 4 – Demandes fermées pendant la période d'établissement de rapports,4.5.2,"4.5.2 Relevant pages processed per request disposition for paper, e-record and dataset formats by size of requests","4.5.2 Pages pertinentes traitées et communiquées en fonction de l’ampleur des demandes en formats papier, document électronique et ensemble de données par disposition des demandes",Less Than 500 Pages Processed: Pages Processed - Disclosed in part,Moins de 500 pages traitées: Pages traitées - Communication partielle
Q15R2C3,4,Section 4: Requests Closed During the Reporting Period,Section 4 – Demandes fermées pendant la période d'établissement de rapports,4.5.2,"4.5.2 Relevant pages processed per request disposition for paper, e-record and dataset formats by size of requests","4.5.2 Pages pertinentes traitées et communiquées en fonction de l’ampleur des demandes en formats papier, document électronique et ensemble de données par disposition des demandes",500-10 000 Pages Processed: Number of Requests - Disclosed in part,500 à 10 000 pages traitées: Nombre de demandes - Communication partielle
Q15R2C4,4,Section 4: Requests Closed During the Reporting Period,Section 4 – Demandes fermées pendant la période d'établissement de rapports,4.5.2,"4.5.2 Relevant pages processed per request disposition for paper, e-record and dataset formats by size of requests","4.5.2 Pages pertinentes traitées et communiquées en fonction de l’ampleur des demandes en formats papier, document électronique et ensemble de données par disposition des demandes",500-10 000 Pages Processed: Pages Processed - Disclosed in part,500 à 10 000 pages traitées: Pages traitées - Communication partielle
Q15R2C5,4,Section 4: Requests Closed During the Reporting Period,Section 4 – Demandes fermées pendant la période d'établissement de rapports,4.5.2,"4.5.2 Relevant pages processed per request disposition for paper, e-record and dataset formats by size of requests","4.5.2 Pages pertinentes traitées et communiquées en fonction de l’ampleur des demandes en formats papier, document électronique et ensemble de données par disposition des demandes",More Than 10 000 Pages Processed: Number of Requests - Disclosed in part,Plus de 10 000 pages traitées: Nombre de demandes - Communication partielle
Q15R2C6,4,Section 4: Requests Closed During the Reporting Period,Section 4 – Demandes fermées pendant la période d'établissement de rapports,4.5.2,"4.5.2 Relevant pages processed per request disposition for paper, e-record and dataset formats by size of requests","4.5.2 Pages pertinentes traitées et communiquées en fonction de l’ampleur des demandes en formats papier, document électronique et ensemble de données par disposition des demandes",More Than 10 000 Pages Processed: Pages Processed - Disclosed in part,Plus de 10 000 pages traitées: Pages traitées - Communication partielle
Q15R3C1,4,Section 4: Requests Closed During the Reporting Period,Section 4 – Demandes fermées pendant la période d'établissement de rapports,4.5.2,"4.5.2 Relevant pages processed per request disposition for paper, e-record and dataset formats by size of requests","4.5.2 Pages pertinentes traitées et communiquées en fonction de l’ampleur des demandes en formats papier, document électronique et ensemble de données par disposition des demandes",Less Than 500 Pages Processed: Number of Requests - All exempted,Moins de 500 pages traitées: Nombre de demandes - Exception totale
Q15R3C2,4,Section 4: Requests Closed During the Reporting Period,Section 4 – Demandes fermées pendant la période d'établissement de rapports,4.5.2,"4.5.2 Relevant pages processed per request disposition for paper, e-record and dataset formats by size of requests","4.5.2 Pages pertinentes traitées et communiquées en fonction de l’ampleur des demandes en formats papier, document électronique et ensemble de données par disposition des demandes",Less Than 500 Pages Processed: Pages Processed - All exempted,Moins de 500 pages traitées: Pages traitées - Exception totale
Q15R3C3,4,Section 4: Requests Closed During the Reporting Period,Section 4 – Demandes fermées pendant la période d'établissement de rapports,4.5.2,"4.5.2 Relevant pages processed per request disposition for paper, e-record and dataset formats by size of requests","4.5.2 Pages pertinentes traitées et communiquées en fonction de l’ampleur des demandes en formats papier, document électronique et ensemble de données par disposition des demandes",500-10 000 Pages Processed: Number of Requests - All exempted,500 à 10 000 pages traitées: Nombre de demandes - Exception totale
Q15R3C4,4,Section 4: Requests Closed During the Reporting Period,Section 4 – Demandes fermées pendant la période d'établissement de rapports,4.5.2,"4.5.2 Relevant pages processed per request disposition for paper, e-record and dataset formats by size of requests","4.5.2 Pages pertinentes traitées et communiquées en fonction de l’ampleur des demandes en formats papier, document électronique et ensemble de données par disposition des demandes",500-10 000 Pages Processed: Pages Processed - All exempted,500 à 10 000 pages traitées: Pages traitées - Exception totale
Q15R3C5,4,Section 4: Requests Closed During the Reporting Period,Section 4 – Demandes fermées pendant la période d'établissement de rapports,4.5.2,"4.5.2 Relevant pages processed per request disposition for paper, e-record and dataset formats by size of requests","4.5.2 Pages pertinentes traitées et communiquées en fonction de l’ampleur des demandes en formats papier, document électronique et ensemble de données par disposition des demandes",More Than 10 000 Pages Processed: Number of Requests - All exempted,Plus de 10 000 pages traitées: Nombre de demandes - Exception totale
Q15R3C6,4,Section 4: Requests Closed During the Reporting Period,Section 4 – Demandes fermées pendant la période d'établissement de rapports,4.5.2,"4.5.2 Relevant pages processed per request disposition for paper, e-record and dataset formats by size of requests","4.5.2 Pages pertinentes traitées et communiquées en fonction de l’ampleur des demandes en formats papier, document électronique et ensemble de données par disposition des demandes",More Than 10 000 Pages Processed: Pages Processed - All exempted,Plus de 10 000 pages traitées: Pages traitées - Exception totale
Q15R4C1,4,Section 4: Requests Closed During the Reporting Period,Section 4 – Demandes fermées pendant la période d'établissement de rapports,4.5.2,"4.5.2 Relevant pages processed per request disposition for paper, e-record and dataset formats by size of requests","4.5.2 Pages pertinentes traitées et communiquées en fonction de l’ampleur des demandes en formats papier, document électronique et ensemble de données par disposition des demandes",Less Than 500 Pages Processed: Number of Requests - All excluded,Moins de 500 pages traitées: Nombre de demandes - Exclusion totale
Q15R4C2,4,Section 4: Requests Closed During the Reporting Period,Section 4 – Demandes fermées pendant la période d'établissement de rapports,4.5.2,"4.5.2 Relevant pages processed per request disposition for paper, e-record and dataset formats by size of requests","4.5.2 Pages pertinentes traitées et communiquées en fonction de l’ampleur des demandes en formats papier, document électronique et ensemble de données par disposition des demandes",Less Than 500 Pages Processed: Pages Processed - All excluded,Moins de 500 pages traitées: Pages traitées - Exclusion totale
Q15R4C3,4,Section 4: Requests Closed During the Reporting Period,Section 4 – Demandes fermées pendant la période d'établissement de rapports,4.5.2,"4.5.2 Relevant pages processed per request disposition for paper, e-record and dataset formats by size of requests","4.5.2 Pages pertinentes traitées et communiquées en fonction de l’ampleur des demandes en formats papier, document électronique et ensemble de données par disposition des demandes",500-10 000 Pages Processed: Number of Requests - All excluded,500 à 10 000 pages traitées: Nombre de demandes - Exclusion totale
Q15R4C4,4,Section 4: Requests Closed During the Reporting Period,Section 4 – Demandes fermées pendant la période d'établissement de rapports,4.5.2,"4.5.2 Relevant pages processed per request disposition for paper, e-record and dataset formats by size of requests","4.5.2 Pages pertinentes traitées et communiquées en fonction de l’ampleur des demandes en formats papier, document électronique et ensemble de données par disposition des demandes",500-10 000 Pages Processed: Pages Processed - All excluded,500 à 10 000 pages traitées: Pages traitées - Exclusion totale
Q15R4C5,4,Section 4: Requests Closed During the Reporting Period,Section 4 – Demandes fermées pendant la période d'établissement de rapports,4.5.2,"4.5.2 Relevant pages processed per request disposition for paper, e-record and dataset formats by size of requests","4.5.2 Pages pertinentes traitées et communiquées en fonction de l’ampleur des demandes en formats papier, document électronique et ensemble de données par disposition des demandes",More Than 10 000 Pages Processed: Number of Requests - All excluded,Plus de 10 000 pages traitées: Nombre de demandes - Exclusion totale
Q15R4C6,4,Section 4: Requests Closed During the Reporting Period,Section 4 – Demandes fermées pendant la période d'établissement de rapports,4.5.2,"4.5.2 Relevant pages processed per request disposition for paper, e-record and dataset formats by size of requests","4.5.2 Pages pertinentes traitées et communiquées en fonction de l’ampleur des demandes en formats papier, document électronique et ensemble de données par disposition des demandes",More Than 10 000 Pages Processed: Pages Processed - All excluded,Plus de 10 000 pages traitées: Pages traitées - Exclusion totale
Q15R5C1,4,Section 4: Requests Closed During the Reporting Period,Section 4 – Demandes fermées pendant la période d'établissement de rapports,4.5.2,"4.5.2 Relevant pages processed per request disposition for paper, e-record and dataset formats by size of requests","4.5.2 Pages pertinentes traitées et communiquées en fonction de l’ampleur des demandes en formats papier, document électronique et ensemble de données par disposition des demandes",Less Than 500 Pages Processed: Number of Requests - Request abandoned,Moins de 500 pages traitées: Nombre de demandes - Demande abandonnée
Q15R5C2,4,Section 4: Requests Closed During the Reporting Period,Section 4 – Demandes fermées pendant la période d'établissement de rapports,4.5.2,"4.5.2 Relevant pages processed per request disposition for paper, e-record and dataset formats by size of requests","4.5.2 Pages pertinentes traitées et communiquées en fonction de l’ampleur des demandes en formats papier, document électronique et ensemble de données par disposition des demandes",Less Than 500 Pages Processed: Pages Processed - Request abandoned,Moins de 500 pages traitées: Pages traitées - Demande abandonnée
Q15R5C3,4,Section 4: Requests Closed During the Reporting Period,Section 4 – Demandes fermées pendant la période d'établissement de rapports,4.5.2,"4.5.2 Relevant pages processed per request disposition for paper, e-record and dataset formats by size of requests","4.5.2 Pages pertinentes traitées et communiquées en fonction de l’ampleur des demandes en formats papier, document électronique et ensemble de données par disposition des demandes",500-10 000 Pages Processed: Number of Requests - Request abandoned,500 à 10 000 pages traitées: Nombre de demandes - Demande abandonnée
Q15R5C4,4,Section 4: Requests Closed During the Reporting Period,Section 4 – Demandes fermées pendant la période d'établissement de rapports,4.5.2,"4.5.2 Relevant pages processed per request disposition for paper, e-record and dataset formats by size of requests","4.5.2 Pages pertinentes traitées et communiquées en fonction de l’ampleur des demandes en formats papier, document électronique et ensemble de données par disposition des demandes",500-10 000 Pages Processed: Pages Processed - Request abandoned,500 à 10 000 pages traitées: Pages traitées - Demande abandonnée
Q15R5C5,4,Section 4: Requests Closed During the Reporting Period,Section 4 – Demandes fermées pendant la période d'établissement de rapports,4.5.2,"4.5.2 Relevant pages processed per request disposition for paper, e-record and dataset formats by size of requests","4.5.2 Pages pertinentes traitées et communiquées en fonction de l’ampleur des demandes en formats papier, document électronique et ensemble de données par disposition des demandes",More Than 10 000 Pages Processed: Number of Requests - Request abandoned,Plus de 10 000 pages traitées: Nombre de demandes - Demande abandonnée
Q15R5C6,4,Section 4: Requests Closed During the Reporting Period,Section 4 – Demandes fermées pendant la période d'établissement de rapports,4.5.2,"4.5.2 Relevant pages processed per request disposition for paper, e-record and dataset formats by size of requests","4.5.2 Pages pertinentes traitées et communiquées en fonction de l’ampleur des demandes en formats papier, document électronique et ensemble de données par disposition des demandes",More Than 10 000 Pages Processed: Pages Processed - Request abandoned,Plus de 10 000 pages traitées: Pages traitées - Demande abandonnée
Q15R6C1,4,Section 4: Requests Closed During the Reporting Period,Section 4 – Demandes fermées pendant la période d'établissement de rapports,4.5.2,"4.5.2 Relevant pages processed per request disposition for paper, e-record and dataset formats by size of requests","4.5.2 Pages pertinentes traitées et communiquées en fonction de l’ampleur des demandes en formats papier, document électronique et ensemble de données par disposition des demandes",Less Than 500 Pages Processed: Number of Requests - Neither confirmed nor denied,Moins de 500 pages traitées: Nombre de demandes - Ni confirmée ni infirmée
Q15R6C2,4,Section 4: Requests Closed During the Reporting Period,Section 4 – Demandes fermées pendant la période d'établissement de rapports,4.5.2,"4.5.2 Relevant pages processed per request disposition for paper, e-record and dataset formats by size of requests","4.5.2 Pages pertinentes traitées et communiquées en fonction de l’ampleur des demandes en formats papier, document électronique et ensemble de données par disposition des demandes",Less Than 500 Pages Processed: Pages Processed - Neither confirmed nor denied,Moins de 500 pages traitées: Pages traitées - Ni confirmée ni infirmée
Q15R6C3,4,Section 4: Requests Closed During the Reporting Period,Section 4 – Demandes fermées pendant la période d'établissement de rapports,4.5.2,"4.5.2 Relevant pages processed per request disposition for paper, e-record and dataset formats by size of requests","4.5.2 Pages pertinentes traitées et communiquées en fonction de l’ampleur des demandes en formats papier, document électronique et ensemble de données par disposition des demandes",500-10 000 Pages Processed: Number of Requests - Neither confirmed nor denied,500 à 10 000 pages traitées: Nombre de demandes - Ni confirmée ni infirmée
Q15R6C4,4,Section 4: Requests Closed During the Reporting Period,Section 4 – Demandes fermées pendant la période d'établissement de rapports,4.5.2,"4.5.2 Relevant pages processed per request disposition for paper, e-record and dataset formats by size of requests","4.5.2 Pages pertinentes traitées et communiquées en fonction de l’ampleur des demandes en formats papier, document électronique et ensemble de données par disposition des demandes",500-10 000 Pages Processed: Pages Processed - Neither confirmed nor denied,500 à 10 000 pages traitées: Pages traitées - Ni confirmée ni infirmée
Q15R6C5,4,Section 4: Requests Closed During the Reporting Period,Section 4 – Demandes fermées pendant la période d'établissement de rapports,4.5.2,"4.5.2 Relevant pages processed per request disposition for paper, e-record and dataset formats by size of requests","4.5.2 Pages pertinentes traitées et communiquées en fonction de l’ampleur des demandes en formats papier, document électronique et ensemble de données par disposition des demandes",More Than 10 000 Pages Processed: Number of Requests - Neither confirmed nor denied,Plus de 10 000 pages traitées: Nombre de demandes - Ni confirmée ni infirmée
Q15R6C6,4,Section 4: Requests Closed During the Reporting Period,Section 4 – Demandes fermées pendant la période d'établissement de rapports,4.5.2,"4.5.2 Relevant pages processed per request disposition for paper, e-record and dataset formats by size of requests","4.5.2 Pages pertinentes traitées et communiquées en fonction de l’ampleur des demandes en formats papier, document électronique et ensemble de données par disposition des demandes",More Than 10 000 Pages Processed: Pages Processed - Neither confirmed nor denied,Plus de 10 000 pages traitées: Pages traitées - Ni confirmée ni infirmée
Q15R7C1,4,Section 4: Requests Closed During the Reporting Period,Section 4 – Demandes fermées pendant la période d'établissement de rapports,4.5.2,"4.5.2 Relevant pages processed per request disposition for paper, e-record and dataset formats by size of requests","4.5.2 Pages pertinentes traitées et communiquées en fonction de l’ampleur des demandes en formats papier, document électronique et ensemble de données par disposition des demandes",Less Than 500 Pages Processed: Number of Requests - Declined to act with the approval of the Information Commissioner,Moins de 500 pages traitées: Nombre de demandes - Refus d'agir avec l'approbation de la Commissaire à l'information
Q15R7C2,4,Section 4: Requests Closed During the Reporting Period,Section 4 – Demandes fermées pendant la période d'établissement de rapports,4.5.2,"4.5.2 Relevant pages processed per request disposition for paper, e-record and dataset formats by size of requests","4.5.2 Pages pertinentes traitées et communiquées en fonction de l’ampleur des demandes en formats papier, document électronique et ensemble de données par disposition des demandes",Less Than 500 Pages Processed: Pages Processed - Declined to act with the approval of the Information Commissioner,Moins de 500 pages traitées: Pages traitées - Refus d'agir avec l'approbation de la Commissaire à l'information
Q15R7C3,4,Section 4: Requests Closed During the Reporting Period,Section 4 – Demandes fermées pendant la période d'établissement de rapports,4.5.2,"4.5.2 Relevant pages processed per request disposition for paper, e-record and dataset formats by size of requests","4.5.2 Pages pertinentes traitées et communiquées en fonction de l’ampleur des demandes en formats papier, document électronique et ensemble de données par disposition des demandes",500-10 000 Pages Processed: Number of Requests - Declined to act with the approval of the Information Commissioner,500 à 10 000 pages traitées: Nombre de demandes - Refus d'agir avec l'approbation de la Commissaire à l'information
Q15R7C4,4,Section 4: Requests Closed During the Reporting Period,Section 4 – Demandes fermées pendant la période d'établissement de rapports,4.5.2,"4.5.2 Relevant pages processed per request disposition for paper, e-record and dataset formats by size of requests","4.5.2 Pages pertinentes traitées et communiquées en fonction de l’ampleur des demandes en formats papier, document électronique et ensemble de données par disposition des demandes",500-10 000 Pages Processed: Pages Processed - Declined to act with the approval of the Information Commissioner,500 à 10 000 pages traitées: Pages traitées - Refus d'agir avec l'approbation de la Commissaire à l'information
Q15R7C5,4,Section 4: Requests Closed During the Reporting Period,Section 4 – Demandes fermées pendant la période d'établissement de rapports,4.5.2,"4.5.2 Relevant pages processed per request disposition for paper, e-record and dataset formats by size of requests","4.5.2 Pages pertinentes traitées et communiquées en fonction de l’ampleur des demandes en formats papier, document électronique et ensemble de données par disposition des demandes",More Than 10 000 Pages Processed: Number of Requests - Declined to act with the approval of the Information Commissioner,Plus de 10 000 pages traitées: Nombre de demandes - Refus d'agir avec l'approbation de la Commissaire à l'information
Q15R7C6,4,Section 4: Requests Closed During the Reporting Period,Section 4 – Demandes fermées pendant la période d'établissement de rapports,4.5.2,"4.5.2 Relevant pages processed per request disposition for paper, e-record and dataset formats by size of requests","4.5.2 Pages pertinentes traitées et communiquées en fonction de l’ampleur des demandes en formats papier, document électronique et ensemble de données par disposition des demandes",More Than 10 000 Pages Processed: Pages Processed - Declined to act with the approval of the Information Commissioner,Plus de 10 000 pages traitées: Pages traitées - Refus d'agir avec l'approbation de la Commissaire à l'information
Q16R1C1,4,Section 4: Requests Closed During the Reporting Period,Section 4 – Demandes fermées pendant la période d'établissement de rapports,4.5.3,4.5.3 Relevant minutes processed and disclosed for audio and video formats,4.5.3 Minutes pertinentes traitées et communiquées en format audio et vidéo,Number of Minutes Processed,Nombre de minutes traitées
Q16R1C2,4,Section 4: Requests Closed During the Reporting Period,Section 4 – Demandes fermées pendant la période d'établissement de rapports,4.5.3,4.5.3 Relevant minutes processed and disclosed for audio and video formats,4.5.3 Minutes pertinentes traitées et communiquées en format audio et vidéo,Number of Minutes Disclosed,Nombre de minutes communiquées
Q16R1C3,4,Section 4: Requests Closed During the Reporting Period,Section 4 – Demandes fermées pendant la période d'établissement de rapports,4.5.3,4.5.3 Relevant minutes processed and disclosed for audio and video formats,4.5.3 Minutes pertinentes traitées et communiquées en format audio et vidéo,Number of Requests,Nombre de demandes
Q17R1C1,4,Section 4: Requests Closed During the Reporting Period,Section 4 – Demandes fermées pendant la période d'établissement de rapports,4.5.4,4.5.4 Relevant minutes processed per request disposition for audio and video formats,4.5.4 Minutes pertinentes traitées en fonction de l'ampleur des demandes en format audio et vidéo par disposition des demandes,Number of Requests - All disclosed,Nombre de demandes - Communication totale
Q17R1C2,4,Section 4: Requests Closed During the Reporting Period,Section 4 – Demandes fermées pendant la période d'établissement de rapports,4.5.4,4.5.4 Relevant minutes processed per request disposition for audio and video formats,4.5.4 Minutes pertinentes traitées en fonction de l'ampleur des demandes en format audio et vidéo par disposition des demandes,Minutes Processed - All disclosed,Minutes traitées - Communication totale
Q17R2C1,4,Section 4: Requests Closed During the Reporting Period,Section 4 – Demandes fermées pendant la période d'établissement de rapports,4.5.4,4.5.4 Relevant minutes processed per request disposition for audio and video formats,4.5.4 Minutes pertinentes traitées en fonction de l'ampleur des demandes en format audio et vidéo par disposition des demandes,Number of Requests - Disclosed in part,Nombre de demandes - Communication partielle
Q17R2C2,4,Section 4: Requests Closed During the Reporting Period,Section 4 – Demandes fermées pendant la période d'établissement de rapports,4.5.4,4.5.4 Relevant minutes processed per request disposition for audio and video formats,4.5.4 Minutes pertinentes traitées en fonction de l'ampleur des demandes en format audio et vidéo par disposition des demandes,Minutes Processed - Disclosed in part,Minutes traitées - Communication partielle
Q17R3C1,4,Section 4: Requests Closed During the Reporting Period,Section 4 – Demandes fermées pendant la période d'établissement de rapports,4.5.4,4.5.4 Relevant minutes processed per request disposition for audio and video formats,4.5.4 Minutes pertinentes traitées en fonction de l'ampleur des demandes en format audio et vidéo par disposition des demandes,Number of Requests - All exempted,Nombre de demandes - Exception totale
Q17R3C2,4,Section 4: Requests Closed During the Reporting Period,Section 4 – Demandes fermées pendant la période d'établissement de rapports,4.5.4,4.5.4 Relevant minutes processed per request disposition for audio and video formats,4.5.4 Minutes pertinentes traitées en fonction de l'ampleur des demandes en format audio et vidéo par disposition des demandes,Minutes Processed - All exempted,Minutes traitées - Exception totale
Q17R4C1,4,Section 4: Requests Closed During the Reporting Period,Section 4 – Demandes fermées pendant la période d'établissement de rapports,4.5.4,4.5.4 Relevant minutes processed per request disposition for audio and video formats,4.5.4 Minutes pertinentes traitées en fonction de l'ampleur des demandes en format audio et vidéo par disposition des demandes,Number of Requests - All excluded,Nombre de demandes - Exclusion totale
Q17R4C2,4,Section 4: Requests Closed During the Reporting Period,Section 4 – Demandes fermées pendant la période d'établissement de rapports,4.5.4,4.5.4 Relevant minutes processed per request disposition for audio and video formats,4.5.4 Minutes pertinentes traitées en fonction de l'ampleur des demandes en format audio et vidéo par disposition des demandes,Minutes Processed - All excluded,Minutes traitées - Exclusion totale
Q17R5C1,4,Section 4: Requests Closed During the Reporting Period,Section 4 – Demandes fermées pendant la période d'établissement de rapports,4.5.4,4.5.4 Relevant minutes processed per request disposition for audio and video formats,4.5.4 Minutes pertinentes traitées en fonction de l'ampleur des demandes en format audio et vidéo par disposition des demandes,Number of Requests - Request abandoned,Nombre de demandes - Demande abandonnée
Q17R5C2,4,Section 4: Requests Closed During the Reporting Period,Section 4 – Demandes fermées pendant la période d'établissement de rapports,4.5.4,4.5.4 Relevant minutes processed per request disposition for audio and video formats,4.5.4 Minutes pertinentes traitées en fonction de l'ampleur des demandes en format audio et vidéo par disposition des demandes,Minutes Processed - Request abandoned,Minutes traitées - Demande abandonnée
Q17R6C1,4,Section 4: Requests Closed During the Reporting Period,Section 4 – Demandes fermées pendant la période d'établissement de rapports,4.5.4,4.5.4 Relevant minutes processed per request disposition for audio and video formats,4.5.4 Minutes pertinentes traitées en fonction de l'ampleur des demandes en format audio et vidéo par disposition des demandes,Number of Requests - Neither confirmed nor denied,Nombre de demandes - Ni confirmée ni infirmée
Q17R6C2,4,Section 4: Requests Closed During the Reporting Period,Section 4 – Demandes fermées pendant la période d'établissement de rapports,4.5.4,4.5.4 Relevant minutes processed per request disposition for audio and video formats,4.5.4 Minutes pertinentes traitées en fonction de l'ampleur des demandes en format audio et vidéo par disposition des demandes,Minutes Processed - Neither confirmed nor denied,Minutes traitées - Ni confirmée ni infirmée
Q17R7C1,4,Section 4: Requests Closed During the Reporting Period,Section 4 – Demandes fermées pendant la période d'établissement de rapports,4.5.4,4.5.4 Relevant minutes processed per request disposition for audio and video formats,4.5.4 Minutes pertinentes traitées en fonction de l'ampleur des demandes en format audio et vidéo par disposition des demandes,Number of Requests - Declined to act with the approval of the Information Commissioner,Nombre de demandes - Refus d'agir avec l'approbation de la Commissaire à l'information
Q17R7C2,4,Section 4: Requests Closed During the Reporting Period,Section 4 – Demandes fermées pendant la période d'établissement de rapports,4.5.4,4.5.4 Relevant minutes processed per request disposition for audio and video formats,4.5.4 Minutes pertinentes traitées en fonction de l'ampleur des demandes en format audio et vidéo par disposition des demandes,Minutes Processed - Declined to act with the approval of the Information Commissioner,Minutes traitées - Refus d'agir avec l'approbation de la Commissaire à l'information
Q20R1C1,4,Section 4: Requests Closed During the Reporting Period,Section 4 – Demandes fermées pendant la période d'établissement de rapports,4.5.5,4.5.5 Other complexities,4.5.5 Autres complexités,Consultation Required - All disclosed,Consultation requise - Communication totale
Q20R1C2,4,Section 4: Requests Closed During the Reporting Period,Section 4 – Demandes fermées pendant la période d'établissement de rapports,4.5.5,4.5.5 Other complexities,4.5.5 Autres complexités,Legal Advice Sought - All disclosed,Avis juridique - Communication totale
Q20R1C3,4,Section 4: Requests Closed During the Reporting Period,Section 4 – Demandes fermées pendant la période d'établissement de rapports,4.5.5,4.5.5 Other complexities,4.5.5 Autres complexités,Other - All disclosed,Autres - Communication totale
Q20R2C1,4,Section 4: Requests Closed During the Reporting Period,Section 4 – Demandes fermées pendant la période d'établissement de rapports,4.5.5,4.5.5 Other complexities,4.5.5 Autres complexités,Consultation Required - Disclosed in part,Consultation requise - Communication partielle
Q20R2C2,4,Section 4: Requests Closed During the Reporting Period,Section 4 – Demandes fermées pendant la période d'établissement de rapports,4.5.5,4.5.5 Other complexities,4.5.5 Autres complexités,Legal Advice Sought - Disclosed in part,Avis juridique - Communication partielle
Q20R2C3,4,Section 4: Requests Closed During the Reporting Period,Section 4 – Demandes fermées pendant la période d'établissement de rapports,4.5.5,4.5.5 Other complexities,4.5.5 Autres complexités,Other - Disclosed in part,Autres - Communication partielle
Q20R3C1,4,Section 4: Requests Closed During the Reporting Period,Section 4 – Demandes fermées pendant la période d'établissement de rapports,4.5.5,4.5.5 Other complexities,4.5.5 Autres complexités,Consultation Required - All exempted,Consultation requise - Exception totale
Q20R3C2,4,Section 4: Requests Closed During the Reporting Period,Section 4 – Demandes fermées pendant la période d'établissement de rapports,4.5.5,4.5.5 Other complexities,4.5.5 Autres complexités,Legal Advice Sought - All exempted,Avis juridique - Exception totale
Q20R3C3,4,Section 4: Requests Closed During the Reporting Period,Section 4 – Demandes fermées pendant la période d'établissement de rapports,4.5.5,4.5.5 Other complexities,4.5.5 Autres complexités,Other - All exempted,Autres - Exception totale
Q20R4C1,4,Section 4: Requests Closed During the Reporting Period,Section 4 – Demandes fermées pendant la période d'établissement de rapports,4.5.5,4.5.5 Other complexities,4.5.5 Autres complexités,Consultation Required - All excluded,Consultation requise - Exclusion totale
Q20R4C2,4,Section 4: Requests Closed During the Reporting Period,Section 4 – Demandes fermées pendant la période d'établissement de rapports,4.5.5,4.5.5 Other complexities,4.5.5 Autres complexités,Legal Advice Sought - All excluded,Avis juridique - Exclusion totale
Q20R4C3,4,Section 4: Requests Closed During the Reporting Period,Section 4 – Demandes fermées pendant la période d'établissement de rapports,4.5.5,4.5.5 Other complexities,4.5.5 Autres complexités,Other - All excluded,Autres - Exclusion totale
Q20R5C1,4,Section 4: Requests Closed During the Reporting Period,Section 4 – Demandes fermées pendant la période d'établissement de rapports,4.5.5,4.5.5 Other complexities,4.5.5 Autres complexités,Consultation Required - Request abandoned,Consultation requise - Demande abandonnée
Q20R5C2,4,Section 4: Requests Closed During the Reporting Period,Section 4 – Demandes fermées pendant la période d'établissement de rapports,4.5.5,4.5.5 Other complexities,4.5.5 Autres complexités,Legal Advice Sought - Request abandoned,Avis juridique - Demande abandonnée
Q20R5C3,4,Section 4: Requests Closed During the Reporting Period,Section 4 – Demandes fermées pendant la période d'établissement de rapports,4.5.5,4.5.5 Other complexities,4.5.5 Autres complexités,Other - Request abandoned,Autres - Demande abandonnée
Q20R6C1,4,Section 4: Requests Closed During the Reporting Period,Section 4 – Demandes fermées pendant la période d'établissement de rapports,4.5.5,4.5.5 Other complexities,4.5.5 Autres complexités,Consultation Required - Neither confirmed nor denied,Consultation requise - Ni confirmée ni infirmée
Q20R6C2,4,Section 4: Requests Closed During the Reporting Period,Section 4 – Demandes fermées pendant la période d'établissement de rapports,4.5.5,4.5.5 Other complexities,4.5.5 Autres complexités,Legal Advice Sought - Neither confirmed nor denied,Avis juridique - Ni confirmée ni infirmée
Q20R6C3,4,Section 4: Requests Closed During the Reporting Period,Section 4 – Demandes fermées pendant la période d'établissement de rapports,4.5.5,4.5.5 Other complexities,4.5.5 Autres complexités,Other - Neither confirmed nor denied,Autres - Ni confirmée ni infirmée
Q20R7C1,4,Section 4: Requests Closed During the Reporting Period,Section 4 – Demandes fermées pendant la période d'établissement de rapports,4.5.5,4.5.5 Other complexities,4.5.5 Autres complexités,Consultation Required - Declined to act with the approval of the Information Commissioner,Consultation requise - Refus d'agir avec l'approbation de la Commissaire à l'information
Q20R7C2,4,Section 4: Requests Closed During the Reporting Period,Section 4 – Demandes fermées pendant la période d'établissement de rapports,4.5.5,4.5.5 Other complexities,4.5.5 Autres complexités,Legal Advice Sought - Declined to act with the approval of the Information Commissioner,Avis juridique - Refus d'agir avec l'approbation de la Commissaire à l'information
Q20R7C3,4,Section 4: Requests Closed During the Reporting Period,Section 4 – Demandes fermées pendant la période d'établissement de rapports,4.5.5,4.5.5 Other complexities,4.5.5 Autres complexités,Other - Declined to act with the approval of the Information Commissioner,Autres - Refus d'agir avec l'approbation de la Commissaire à l'information
Q21R1C1,4,Section 4: Requests Closed During the Reporting Period,Section 4 – Demandes fermées pendant la période d'établissement de rapports,4.6.1,4.6.1 Requests closed within legislated timelines,4.6 Nombre de demandes fermées dans les délais prévus par la LAI,Number of requests closed within legislated timelines,Nombre de demandes fermées dans les délais prévus par la LAI
Q21R2C1,4,Section 4: Requests Closed During the Reporting Period,Section 4 – Demandes fermées pendant la période d'établissement de rapports,4.6.1,4.6.1 Requests closed within legislated timelines,4.6 Nombre de demandes fermées dans les délais prévus par la LAI,Percentage of requests closed within legislated timelines (%),Pourcentage des demandes fermées dans les délais prévus par la LAI (%)
Q22R1C1,4,Section 4: Requests Closed During the Reporting Period,Section 4 – Demandes fermées pendant la période d'établissement de rapports,4.7.1,4.7.1 Reasons for not meeting legislated timelines,4.7.1 Motifs du non-respect des délais prévus par la LAI,Number of requests closed past the legislated timelines,Nombre de demandes fermées au-delà des délais prévus par la LAI
Q22R1C2,4,Section 4: Requests Closed During the Reporting Period,Section 4 – Demandes fermées pendant la période d'établissement de rapports,4.7.1,4.7.1 Reasons for not meeting legislated timelines,4.7.1 Motifs du non-respect des délais prévus par la LAI,Principal Reason - Interference with operations/ Workload,Motif principal - Entrave au fonctionnement / Charge de travail
Q22R1C3,4,Section 4: Requests Closed During the Reporting Period,Section 4 – Demandes fermées pendant la période d'établissement de rapports,4.7.1,4.7.1 Reasons for not meeting legislated timelines,4.7.1 Motifs du non-respect des délais prévus par la LAI,Principal Reason - External Consultation,Motif principal - Consultation externe
Q22R1C4,4,Section 4: Requests Closed During the Reporting Period,Section 4 – Demandes fermées pendant la période d'établissement de rapports,4.7.1,4.7.1 Reasons for not meeting legislated timelines,4.7.1 Motifs du non-respect des délais prévus par la LAI,Principal Reason - Internal Consultation,Motif principal - Consultation interne
Q22R1C5,4,Section 4: Requests Closed During the Reporting Period,Section 4 – Demandes fermées pendant la période d'établissement de rapports,4.7.1,4.7.1 Reasons for not meeting legislated timelines,4.7.1 Motifs du non-respect des délais prévus par la LAI,Principal Reason - Other,Motif principal - Autre
Q23R1C1,4,Section 4: Requests Closed During the Reporting Period,Section 4 – Demandes fermées pendant la période d'établissement de rapports,4.7.2,4.7.2 Requests closed beyond legislated timelines (including any extension taken),4.7.2 Demandes fermées au-dela des délais prévus par la Loi (y compris toute prorogation prise),Number of requests past legislated timeline where no extension was taken - 1 to 15 days,Nombre de demandes fermées au-delà des délais prévus par la Loi où aucune prorogation n’a été prise - 1 à 15 jours
Q23R1C2,4,Section 4: Requests Closed During the Reporting Period,Section 4 – Demandes fermées pendant la période d'établissement de rapports,4.7.2,4.7.2 Requests closed beyond legislated timelines (including any extension taken),4.7.2 Demandes fermées au-dela des délais prévus par la Loi (y compris toute prorogation prise),Number of requests past legislated timeline where an extension was taken - 1 to 15 days,Nombre de demandes fermées au-delà des délais prévus par la Loi où une prorogation a été prise - 1 à 15 jours
Q23R2C1,4,Section 4: Requests Closed During the Reporting Period,Section 4 – Demandes fermées pendant la période d'établissement de rapports,4.7.2,4.7.2 Requests closed beyond legislated timelines (including any extension taken),4.7.2 Demandes fermées au-dela des délais prévus par la Loi (y compris toute prorogation prise),Number of requests past legislated timeline where no extension was taken - 16 to 30 days,Nombre de demandes fermées au-delà des délais prévus par la Loi où aucune prorogation n’a été prise - 16 à 30 jours
Q23R2C2,4,Section 4: Requests Closed During the Reporting Period,Section 4 – Demandes fermées pendant la période d'établissement de rapports,4.7.2,4.7.2 Requests closed beyond legislated timelines (including any extension taken),4.7.2 Demandes fermées au-dela des délais prévus par la Loi (y compris toute prorogation prise),Number of requests past legislated timeline where an extension was taken - 16 to 30 days,Nombre de demandes fermées au-delà des délais prévus par la Loi où une prorogation a été prise - 16 à 30 jours
Q23R3C1,4,Section 4: Requests Closed During the Reporting Period,Section 4 – Demandes fermées pendant la période d'établissement de rapports,4.7.2,4.7.2 Requests closed beyond legislated timelines (including any extension taken),4.7.2 Demandes fermées au-dela des délais prévus par la Loi (y compris toute prorogation prise),Number of requests past legislated timeline where no extension was taken - 31 to 60 days,Nombre de demandes fermées au-delà des délais prévus par la Loi où aucune prorogation n’a été prise - 31 à 60 jours
Q23R3C2,4,Section 4: Requests Closed During the Reporting Period,Section 4 – Demandes fermées pendant la période d'établissement de rapports,4.7.2,4.7.2 Requests closed beyond legislated timelines (including any extension taken),4.7.2 Demandes fermées au-dela des délais prévus par la Loi (y compris toute prorogation prise),Number of requests past legislated timeline where an extension was taken - 31 to 60 days,Nombre de demandes fermées au-delà des délais prévus par la Loi où une prorogation a été prise - 31 à 60 jours
Q23R4C1,4,Section 4: Requests Closed During the Reporting Period,Section 4 – Demandes fermées pendant la période d'établissement de rapports,4.7.2,4.7.2 Requests closed beyond legislated timelines (including any extension taken),4.7.2 Demandes fermées au-dela des délais prévus par la Loi (y compris toute prorogation prise),Number of requests past legislated timeline where no extension was taken - 61 to 120 days,Nombre de demandes fermées au-delà des délais prévus par la Loi où aucune prorogation n’a été prise - 61 à 120 jours
Q23R4C2,4,Section 4: Requests Closed During the Reporting Period,Section 4 – Demandes fermées pendant la période d'établissement de rapports,4.7.2,4.7.2 Requests closed beyond legislated timelines (including any extension taken),4.7.2 Demandes fermées au-dela des délais prévus par la Loi (y compris toute prorogation prise),Number of requests past legislated timeline where an extension was taken - 61 to 120 days,Nombre de demandes fermées au-delà des délais prévus par la Loi où une prorogation a été prise - 61 à 120 jours
Q23R5C1,4,Section 4: Requests Closed During the Reporting Period,Section 4 – Demandes fermées pendant la période d'établissement de rapports,4.7.2,4.7.2 Requests closed beyond legislated timelines (including any extension taken),4.7.2 Demandes fermées au-dela des délais prévus par la Loi (y compris toute prorogation prise),Number of requests past legislated timeline where no extension was taken - 121 to 180 days,Nombre de demandes fermées au-delà des délais prévus par la Loi où aucune prorogation n’a été prise - 121 à 180 jours
Q23R5C2,4,Section 4: Requests Closed During the Reporting Period,Section 4 – Demandes fermées pendant la période d'établissement de rapports,4.7.2,4.7.2 Requests closed beyond legislated timelines (including any extension taken),4.7.2 Demandes fermées au-dela des délais prévus par la Loi (y compris toute prorogation prise),Number of requests past legislated timeline where an extension was taken - 121 to 180 days,Nombre de demandes fermées au-delà des délais prévus par la Loi où une prorogation a été prise - 121 à 180 jours
Q23R6C1,4,Section 4: Requests Closed During the Reporting Period,Section 4 – Demandes fermées pendant la période d'établissement de rapports,4.7.2,4.7.2 Requests closed beyond legislated timelines (including any extension taken),4.7.2 Demandes fermées au-dela des délais prévus par la Loi (y compris toute prorogation prise),Number of requests past legislated timeline where no extension was taken - 181 to 365 days,Nombre de demandes fermées au-delà des délais prévus par la Loi où aucune prorogation n’a été prise - 181 à 365 jours
Q23R6C2,4,Section 4: Requests Closed During the Reporting Period,Section 4 – Demandes fermées pendant la période d'établissement de rapports,4.7.2,4.7.2 Requests closed beyond legislated timelines (including any extension taken),4.7.2 Demandes fermées au-dela des délais prévus par la Loi (y compris toute prorogation prise),Number of requests past legislated timeline where an extension was taken - 181 to 365 days,Nombre de demandes fermées au-delà des délais prévus par la Loi où une prorogation a été prise - 181 à 365 jours
Q23R7C1,4,Section 4: Requests Closed During the Reporting Period,Section 4 – Demandes fermées pendant la période d'établissement de rapports,4.7.2,4.7.2 Requests closed beyond legislated timelines (including any extension taken),4.7.2 Demandes fermées au-dela des délais prévus par la Loi (y compris toute prorogation prise),Number of requests past legislated timeline where no extension was taken - More than 365 days,Nombre de demandes fermées au-delà des délais prévus par la Loi où aucune prorogation n’a été prise - Plus de 365 jours
Q23R7C2,4,Section 4: Requests Closed During the Reporting Period,Section 4 – Demandes fermées pendant la période d'établissement de rapports,4.7.2,4.7.2 Requests closed beyond legislated timelines (including any extension taken),4.7.2 Demandes fermées au-dela des délais prévus par la Loi (y compris toute prorogation prise),Number of requests past legislated timeline where an extension was taken - More than 365 days,Nombre de demandes fermées au-delà des délais prévus par la Loi où une prorogation a été prise - Plus de 365 jours
Q25R1C1,5,Section 5: Extensions,Section 5 – Prorogations,5.1,5.1 Reasons for extensions and disposition of requests,5.1 Motifs des prorogations et disposition des demandes,9(1)(a) Interference With Operations/ Workload - All disclosed,9(1)a) Entrave au fonctionnement - Communication totale
Q25R1C2,5,Section 5: Extensions,Section 5 – Prorogations,5.1,5.1 Reasons for extensions and disposition of requests,5.1 Motifs des prorogations et disposition des demandes,9(1)(b) Consultation: Section 69 - All disclosed,9(1)b) Consultation: Article 69 - Communication totale
Q25R1C3,5,Section 5: Extensions,Section 5 – Prorogations,5.1,5.1 Reasons for extensions and disposition of requests,5.1 Motifs des prorogations et disposition des demandes,9(1)(b) Consultation: Other - All disclosed,9(1)b) Consultation: Autres - Communication totale
Q25R1C4,5,Section 5: Extensions,Section 5 – Prorogations,5.1,5.1 Reasons for extensions and disposition of requests,5.1 Motifs des prorogations et disposition des demandes,9(1)(c) Third-Party Notice - All disclosed,9(1)c) Avis à un tiers - Communication totale
Q25R2C1,5,Section 5: Extensions,Section 5 – Prorogations,5.1,5.1 Reasons for extensions and disposition of requests,5.1 Motifs des prorogations et disposition des demandes,9(1)(a) Interference With Operations/ Workload - Disclosed in part,9(1)a) Entrave au fonctionnement - Communication partielle
Q25R2C2,5,Section 5: Extensions,Section 5 – Prorogations,5.1,5.1 Reasons for extensions and disposition of requests,5.1 Motifs des prorogations et disposition des demandes,9(1)(b) Consultation: Section 69 - Disclosed in part,9(1)b) Consultation: Article 69 - Communication partielle
Q25R2C3,5,Section 5: Extensions,Section 5 – Prorogations,5.1,5.1 Reasons for extensions and disposition of requests,5.1 Motifs des prorogations et disposition des demandes,9(1)(b) Consultation: Other - Disclosed in part,9(1)b) Consultation: Autres - Communication partielle
Q25R2C4,5,Section 5: Extensions,Section 5 – Prorogations,5.1,5.1 Reasons for extensions and disposition of requests,5.1 Motifs des prorogations et disposition des demandes,9(1)(c) Third-Party Notice - Disclosed in part,9(1)c) Avis à un tiers - Communication partielle
Q25R3C1,5,Section 5: Extensions,Section 5 – Prorogations,5.1,5.1 Reasons for extensions and disposition of requests,5.1 Motifs des prorogations et disposition des demandes,9(1)(a) Interference With Operations/ Workload - All exempted,9(1)a) Entrave au fonctionnement - Exception totale
Q25R3C2,5,Section 5: Extensions,Section 5 – Prorogations,5.1,5.1 Reasons for extensions and disposition of requests,5.1 Motifs des prorogations et disposition des demandes,9(1)(b) Consultation: Section 69 - All exempted,9(1)b) Consultation: Article 69 - Exception totale
Q25R3C3,5,Section 5: Extensions,Section 5 – Prorogations,5.1,5.1 Reasons for extensions and disposition of requests,5.1 Motifs des prorogations et disposition des demandes,9(1)(b) Consultation: Other - All exempted,9(1)b) Consultation: Autres - Exception totale
Q25R3C4,5,Section 5: Extensions,Section 5 – Prorogations,5.1,5.1 Reasons for extensions and disposition of requests,5.1 Motifs des prorogations et disposition des demandes,9(1)(c) Third-Party Notice - All exempted,9(1)c) Avis à un tiers - Exception totale
Q25R4C1,5,Section 5: Extensions,Section 5 – Prorogations,5.1,5.1 Reasons for extensions and disposition of requests,5.1 Motifs des prorogations et disposition des demandes,9(1)(a) Interference With Operations/ Workload - All excluded,9(1)a) Entrave au fonctionnement - Exclusion totale
Q25R4C2,5,Section 5: Extensions,Section 5 – Prorogations,5.1,5.1 Reasons for extensions and disposition of requests,5.1 Motifs des prorogations et disposition des demandes,9(1)(b) Consultation: Section 69 - All excluded,9(1)b) Consultation: Article 69 - Exclusion totale
Q25R4C3,5,Section 5: Extensions,Section 5 – Prorogations,5.1,5.1 Reasons for extensions and disposition of requests,5.1 Motifs des prorogations et disposition des demandes,9(1)(b) Consultation: Other - All excluded,9(1)b) Consultation: Autres - Exclusion totale
Q25R4C4,5,Section 5: Extensions,Section 5 – Prorogations,5.1,5.1 Reasons for extensions and disposition of requests,5.1 Motifs des prorogations et disposition des demandes,9(1)(c) Third-Party Notice - All excluded,9(1)c) Avis à un tiers - Exclusion totale
Q25R5C1,5,Section 5: Extensions,Section 5 – Prorogations,5.1,5.1 Reasons for extensions and disposition of requests,5.1 Motifs des prorogations et disposition des demandes,9(1)(a) Interference With Operations/ Workload - Request abandoned,9(1)a) Entrave au fonctionnement - Demande abandonnée
Q25R5C2,5,Section 5: Extensions,Section 5 – Prorogations,5.1,5.1 Reasons for extensions and disposition of requests,5.1 Motifs des prorogations et disposition des demandes,9(1)(b) Consultation: Section 69 - Request abandoned,9(1)b) Consultation: Article 69 - Demande abandonnée
Q25R5C3,5,Section 5: Extensions,Section 5 – Prorogations,5.1,5.1 Reasons for extensions and disposition of requests,5.1 Motifs des prorogations et disposition des demandes,9(1)(b) Consultation: Other - Request abandoned,9(1)b) Consultation: Autres - Demande abandonnée
Q25R5C4,5,Section 5: Extensions,Section 5 – Prorogations,5.1,5.1 Reasons for extensions and disposition of requests,5.1 Motifs des prorogations et disposition des demandes,9(1)(c) Third-Party Notice - Request abandoned,9(1)c) Avis à un tiers - Demande abandonnée
Q25R6C1,5,Section 5: Extensions,Section 5 – Prorogations,5.1,5.1 Reasons for extensions and disposition of requests,5.1 Motifs des prorogations et disposition des demandes,9(1)(a) Interference With Operations/ Workload - No records exist,9(1)a) Entrave au fonctionnement - Aucun document n’existe
Q25R6C2,5,Section 5: Extensions,Section 5 – Prorogations,5.1,5.1 Reasons for extensions and disposition of requests,5.1 Motifs des prorogations et disposition des demandes,9(1)(b) Consultation: Section 69 - No records exist,9(1)b) Consultation: Article 69 - Aucun document n’existe
Q25R6C3,5,Section 5: Extensions,Section 5 – Prorogations,5.1,5.1 Reasons for extensions and disposition of requests,5.1 Motifs des prorogations et disposition des demandes,9(1)(b) Consultation: Other - No records exist,9(1)b) Consultation: Autres - Aucun document n’existe
Q25R6C4,5,Section 5: Extensions,Section 5 – Prorogations,5.1,5.1 Reasons for extensions and disposition of requests,5.1 Motifs des prorogations et disposition des demandes,9(1)(c) Third-Party Notice - No records exist,9(1)c) Avis à un tiers - Aucun document n’existe
Q25R7C1,5,Section 5: Extensions,Section 5 – Prorogations,5.1,5.1 Reasons for extensions and disposition of requests,5.1 Motifs des prorogations et disposition des demandes,9(1)(a) Interference With Operations/ Workload - Declined to act with the approval of the Information Commissioner,9(1)a) Entrave au fonctionnement - Refus d'agir avec l'approbation de la Commissaire à l'information
Q25R7C2,5,Section 5: Extensions,Section 5 – Prorogations,5.1,5.1 Reasons for extensions and disposition of requests,5.1 Motifs des prorogations et disposition des demandes,9(1)(b) Consultation: Section 69 - Declined to act with the approval of the Information Commissioner,9(1)b) Consultation: Article 69 - Refus d'agir avec l'approbation de la Commissaire à l'information
Q25R7C3,5,Section 5: Extensions,Section 5 – Prorogations,5.1,5.1 Reasons for extensions and disposition of requests,5.1 Motifs des prorogations et disposition des demandes,9(1)(b) Consultation: Other - Declined to act with the approval of the Information Commissioner,9(1)b) Consultation: Autres - Refus d'agir avec l'approbation de la Commissaire à l'information
Q25R7C4,5,Section 5: Extensions,Section 5 – Prorogations,5.1,5.1 Reasons for extensions and disposition of requests,5.1 Motifs des prorogations et disposition des demandes,9(1)(c) Third-Party Notice - Declined to act with the approval of the Information Commissioner,9(1)c) Avis à un tiers - Refus d'agir avec l'approbation de la Commissaire à l'information
Q26R1C1,5,Section 5: Extensions,Section 5 – Prorogations,5.2,5.2 Length of extensions,5.2 Durée des prorogations,9(1)(a) Interference With Operations/ Workload - 30 days or less,9(1)a) Entrave au fonctionnement - 30 jours ou moins
Q26R1C2,5,Section 5: Extensions,Section 5 – Prorogations,5.2,5.2 Length of extensions,5.2 Durée des prorogations,9(1)(b) Consultation: Section 69 - 30 days or less,9(1)b) Consultation: Article 69 - 30 jours ou moins
Q26R1C3,5,Section 5: Extensions,Section 5 – Prorogations,5.2,5.2 Length of extensions,5.2 Durée des prorogations,9(1)(b) Consultation: Other - 30 days or less,9(1)b) Consultation: Autres - 30 jours ou moins
Q26R1C4,5,Section 5: Extensions,Section 5 – Prorogations,5.2,5.2 Length of extensions,5.2 Durée des prorogations,9(1)(c) Third-Party Notice - 30 days or less,9(1)c) Avis à un tiers - 30 jours ou moins
Q26R2C1,5,Section 5: Extensions,Section 5 – Prorogations,5.2,5.2 Length of extensions,5.2 Durée des prorogations,9(1)(a) Interference With Operations/ Workload - 31 to 60 days,9(1)a) Entrave au fonctionnement - 31 à 60 jours
Q26R2C2,5,Section 5: Extensions,Section 5 – Prorogations,5.2,5.2 Length of extensions,5.2 Durée des prorogations,9(1)(b) Consultation: Section 69 - 31 to 60 days,9(1)b) Consultation: Article 69 - 31 à 60 jours
Q26R2C3,5,Section 5: Extensions,Section 5 – Prorogations,5.2,5.2 Length of extensions,5.2 Durée des prorogations,9(1)(b) Consultation: Other - 31 to 60 days,9(1)b) Consultation: Autres - 31 à 60 jours
Q26R2C4,5,Section 5: Extensions,Section 5 – Prorogations,5.2,5.2 Length of extensions,5.2 Durée des prorogations,9(1)(c) Third-Party Notice - 31 to 60 days,9(1)c) Avis à un tiers - 31 à 60 jours
Q26R3C1,5,Section 5: Extensions,Section 5 – Prorogations,5.2,5.2 Length of extensions,5.2 Durée des prorogations,9(1)(a) Interference With Operations/ Workload - 61 to 120 days,9(1)a) Entrave au fonctionnement - 61 à 120 jours
Q26R3C2,5,Section 5: Extensions,Section 5 – Prorogations,5.2,5.2 Length of extensions,5.2 Durée des prorogations,9(1)(b) Consultation: Section 69 - 61 to 120 days,9(1)b) Consultation: Article 69 - 61 à 120 jours
Q26R3C3,5,Section 5: Extensions,Section 5 – Prorogations,5.2,5.2 Length of extensions,5.2 Durée des prorogations,9(1)(b) Consultation: Other - 61 to 120 days,9(1)b) Consultation: Autres - 61 à 120 jours
Q26R3C4,5,Section 5: Extensions,Section 5 – Prorogations,5.2,5.2 Length of extensions,5.2 Durée des prorogations,9(1)(c) Third-Party Notice - 61 to 120 days,9(1)c) Avis à un tiers - 61 à 120 jours
Q26R4C1,5,Section 5: Extensions,Section 5 – Prorogations,5.2,5.2 Length of extensions,5.2 Durée des prorogations,9(1)(a) Interference With Operations/ Workload - 121 to 180 days,9(1)a) Entrave au fonctionnement - 121 à 180 jours
Q26R4C2,5,Section 5: Extensions,Section 5 – Prorogations,5.2,5.2 Length of extensions,5.2 Durée des prorogations,9(1)(b) Consultation: Section 69 - 121 to 180 days,9(1)b) Consultation: Article 69 - 121 à 180 jours
Q26R4C3,5,Section 5: Extensions,Section 5 – Prorogations,5.2,5.2 Length of extensions,5.2 Durée des prorogations,9(1)(b) Consultation: Other - 121 to 180 days,9(1)b) Consultation: Autres - 121 à 180 jours
Q26R4C4,5,Section 5: Extensions,Section 5 – Prorogations,5.2,5.2 Length of extensions,5.2 Durée des prorogations,9(1)(c) Third-Party Notice - 121 to 180 days,9(1)c) Avis à un tiers - 121 à 180 jours
Q26R5C1,5,Section 5: Extensions,Section 5 – Prorogations,5.2,5.2 Length of extensions,5.2 Durée des prorogations,9(1)(a) Interference With Operations/ Workload - 181 to 365 days,9(1)a) Entrave au fonctionnement - 181 à 365 jours
Q26R5C2,5,Section 5: Extensions,Section 5 – Prorogations,5.2,5.2 Length of extensions,5.2 Durée des prorogations,9(1)(b) Consultation: Section 69 - 181 to 365 days,9(1)b) Consultation: Article 69 - 181 à 365 jours
Q26R5C3,5,Section 5: Extensions,Section 5 – Prorogations,5.2,5.2 Length of extensions,5.2 Durée des prorogations,9(1)(b) Consultation: Other - 181 to 365 days,9(1)b) Consultation: Autres - 181 à 365 jours
Q26R5C4,5,Section 5: Extensions,Section 5 – Prorogations,5.2,5.2 Length of extensions,5.2 Durée des prorogations,9(1)(c) Third-Party Notice - 181 to 365 days,9(1)c) Avis à un tiers - 181 à 365 jours
Q26R6C1,5,Section 5: Extensions,Section 5 – Prorogations,5.2,5.2 Length of extensions,5.2 Durée des prorogations,9(1)(a) Interference With Operations/ Workload - 365 days or more,9(1)a) Entrave au fonctionnement - Plus de 365 jours
Q26R6C2,5,Section 5: Extensions,Section 5 – Prorogations,5.2,5.2 Length of extensions,5.2 Durée des prorogations,9(1)(b) Consultation: Section 69 - 365 days or more,9(1)b) Consultation: Article 69 - Plus de 365 jours
Q26R6C3,5,Section 5: Extensions,Section 5 – Prorogations,5.2,5.2 Length of extensions,5.2 Durée des prorogations,9(1)(b) Consultation: Other - 365 days or more,9(1)b) Consultation: Autres - Plus de 365 jours
Q26R6C4,5,Section 5: Extensions,Section 5 – Prorogations,5.2,5.2 Length of extensions,5.2 Durée des prorogations,9(1)(c) Third-Party Notice - 365 days or more,9(1)c) Avis à un tiers - Plus de 365 jours
Q27R1C1,6,Section 6: Fees,Section 6 – Frais,,N/A,N/A,Fee Collected: Number of Requests - Application,Frais perçus: Nombre de demandes - Présentation
Q27R1C2,6,Section 6: Fees,Section 6 – Frais,,N/A,N/A,Fee Collected: Amount - Application,Frais perçus: Montant - Présentation
Q27R1C3,6,Section 6: Fees,Section 6 – Frais,,N/A,N/A,Fee Waived: Number of Requests - Application,Frais dispensés: Nombre de demandes - Présentation
Q27R1C4,6,Section 6: Fees,Section 6 – Frais,,N/A,N/A,Fee Waived: Amount - Application,Frais dispensés: Montant - Présentation
Q27R1C5,6,Section 6: Fees,Section 6 – Frais,,N/A,N/A,Fee Refunded: Number of Requests - Application,Frais remboursés: Nombre de demandes - Présentation
Q27R1C6,6,Section 6: Fees,Section 6 – Frais,,N/A,N/A,Fee Refunded: Amount - Application,Frais remboursés: Montant - Présentation
Q27R2C1,6,Section 6: Fees,Section 6 – Frais,,N/A,N/A,Fee Collected: Number of Requests - Other fees,Frais perçus: Nombre de demandes - Autres frais
Q27R2C2,6,Section 6: Fees,Section 6 – Frais,,N/A,N/A,Fee Collected: Amount - Other fees,Frais perçus: Montant - Autres frais
Q27R2C3,6,Section 6: Fees,Section 6 – Frais,,N/A,N/A,Fee Waived: Number of Requests - Other fees,Frais dispensés: Nombre de demandes - Autres frais
Q27R2C4,6,Section 6: Fees,Section 6 – Frais,,N/A,N/A,Fee Waived: Amount - Other fees,Frais dispensés: Montant - Autres frais
Q27R2C5,6,Section 6: Fees,Section 6 – Frais,,N/A,N/A,Fee Refunded: Number of Requests - Other fees,Frais remboursés: Nombre de demandes - Autres frais
Q27R2C6,6,Section 6: Fees,Section 6 – Frais,,N/A,N/A,Fee Refunded: Amount - Other fees,Frais remboursés: Montant - Autres frais
Q28R1C1,7,Section 7: Consultations Received From Other Institutions and Organizations,Section 7 – Demandes de consultation reçues d’autres institutions et organisations,7.1,7.1 Consultations received from other Government of Canada institutions and other organizations,7.1 Demandes de consultation reçues d’autres institutions du gouvernement du Canada et autres organisations,Other Government of Canada Institutions - Received during the reporting period,Autres institutions du gouvernement du Canada - Reçues pendant la période d'établissement de rapport
Q28R1C2,7,Section 7: Consultations Received From Other Institutions and Organizations,Section 7 – Demandes de consultation reçues d’autres institutions et organisations,7.1,7.1 Consultations received from other Government of Canada institutions and other organizations,7.1 Demandes de consultation reçues d’autres institutions du gouvernement du Canada et autres organisations,Number of Pages to Review - Received during the reporting period,Nombre de pages à traiter - Reçues pendant la période d'établissement de rapport
Q28R1C3,7,Section 7: Consultations Received From Other Institutions and Organizations,Section 7 – Demandes de consultation reçues d’autres institutions et organisations,7.1,7.1 Consultations received from other Government of Canada institutions and other organizations,7.1 Demandes de consultation reçues d’autres institutions du gouvernement du Canada et autres organisations,Other Organizations - Received during the reporting period,Autres organisations - Reçues pendant la période d'établissement de rapport
Q28R1C4,7,Section 7: Consultations Received From Other Institutions and Organizations,Section 7 – Demandes de consultation reçues d’autres institutions et organisations,7.1,7.1 Consultations received from other Government of Canada institutions and other organizations,7.1 Demandes de consultation reçues d’autres institutions du gouvernement du Canada et autres organisations,Number of Pages to Review - Received during the reporting period,Nombre de pages à traiter - Reçues pendant la période d'établissement de rapport
Q28R2C1,7,Section 7: Consultations Received From Other Institutions and Organizations,Section 7 – Demandes de consultation reçues d’autres institutions et organisations,7.1,7.1 Consultations received from other Government of Canada institutions and other organizations,7.1 Demandes de consultation reçues d’autres institutions du gouvernement du Canada et autres organisations,Other Government of Canada Institutions - Outstanding from the previous reporting period,Autres institutions du gouvernement du Canada - En suspens à la fin de la période d'établissement de rapport précédente
Q28R2C2,7,Section 7: Consultations Received From Other Institutions and Organizations,Section 7 – Demandes de consultation reçues d’autres institutions et organisations,7.1,7.1 Consultations received from other Government of Canada institutions and other organizations,7.1 Demandes de consultation reçues d’autres institutions du gouvernement du Canada et autres organisations,Number of Pages to Review - Outstanding from the previous reporting period,Nombre de pages à traiter - En suspens à la fin de la période d'établissement de rapport précédente
Q28R2C3,7,Section 7: Consultations Received From Other Institutions and Organizations,Section 7 – Demandes de consultation reçues d’autres institutions et organisations,7.1,7.1 Consultations received from other Government of Canada institutions and other organizations,7.1 Demandes de consultation reçues d’autres institutions du gouvernement du Canada et autres organisations,Other Organizations - Outstanding from the previous reporting period,Autres organisations - En suspens à la fin de la période d'établissement de rapport précédente
Q28R2C4,7,Section 7: Consultations Received From Other Institutions and Organizations,Section 7 – Demandes de consultation reçues d’autres institutions et organisations,7.1,7.1 Consultations received from other Government of Canada institutions and other organizations,7.1 Demandes de consultation reçues d’autres institutions du gouvernement du Canada et autres organisations,Number of Pages to Review - Outstanding from the previous reporting period,Nombre de pages à traiter - En suspens à la fin de la période d'établissement de rapport précédente
Q28R3C1,7,Section 7: Consultations Received From Other Institutions and Organizations,Section 7 – Demandes de consultation reçues d’autres institutions et organisations,7.1,7.1 Consultations received from other Government of Canada institutions and other organizations,7.1 Demandes de consultation reçues d’autres institutions du gouvernement du Canada et autres organisations,Other Government of Canada Institutions - Closed during the reporting period,Autres institutions du gouvernement du Canada - Fermées pendant la période d'établissement de rapport
Q28R3C2,7,Section 7: Consultations Received From Other Institutions and Organizations,Section 7 – Demandes de consultation reçues d’autres institutions et organisations,7.1,7.1 Consultations received from other Government of Canada institutions and other organizations,7.1 Demandes de consultation reçues d’autres institutions du gouvernement du Canada et autres organisations,Number of Pages to Review - Closed during the reporting period,Nombre de pages à traiter - Fermées pendant la période d'établissement de rapport
Q28R3C3,7,Section 7: Consultations Received From Other Institutions and Organizations,Section 7 – Demandes de consultation reçues d’autres institutions et organisations,7.1,7.1 Consultations received from other Government of Canada institutions and other organizations,7.1 Demandes de consultation reçues d’autres institutions du gouvernement du Canada et autres organisations,Other Organizations - Closed during the reporting period,Autres organisations - Fermées pendant la période d'établissement de rapport
Q28R3C4,7,Section 7: Consultations Received From Other Institutions and Organizations,Section 7 – Demandes de consultation reçues d’autres institutions et organisations,7.1,7.1 Consultations received from other Government of Canada institutions and other organizations,7.1 Demandes de consultation reçues d’autres institutions du gouvernement du Canada et autres organisations,Number of Pages to Review - Closed during the reporting period,Nombre de pages à traiter - Fermées pendant la période d'établissement de rapport
Q28R4C1,7,Section 7: Consultations Received From Other Institutions and Organizations,Section 7 – Demandes de consultation reçues d’autres institutions et organisations,7.1,7.1 Consultations received from other Government of Canada institutions and other organizations,7.1 Demandes de consultation reçues d’autres institutions du gouvernement du Canada et autres organisations,Other Government of Canada Institutions - Carried over within negotiated timelines,Autres institutions du gouvernement du Canada - Reportées à l'intérieur des délais négociés à la prochaine période d'établissement de rapport
Q28R4C2,7,Section 7: Consultations Received From Other Institutions and Organizations,Section 7 – Demandes de consultation reçues d’autres institutions et organisations,7.1,7.1 Consultations received from other Government of Canada institutions and other organizations,7.1 Demandes de consultation reçues d’autres institutions du gouvernement du Canada et autres organisations,Number of Pages to Review - Carried over within negotiated timelines,Nombre de pages à traiter - Reportées à l'intérieur des délais négociés à la prochaine période d'établissement de rapport
Q28R4C3,7,Section 7: Consultations Received From Other Institutions and Organizations,Section 7 – Demandes de consultation reçues d’autres institutions et organisations,7.1,7.1 Consultations received from other Government of Canada institutions and other organizations,7.1 Demandes de consultation reçues d’autres institutions du gouvernement du Canada et autres organisations,Other Organizations - Carried over within negotiated timelines,Autres organisations - Reportées à l'intérieur des délais négociés à la prochaine période d'établissement de rapport
Q28R4C4,7,Section 7: Consultations Received From Other Institutions and Organizations,Section 7 – Demandes de consultation reçues d’autres institutions et organisations,7.1,7.1 Consultations received from other Government of Canada institutions and other organizations,7.1 Demandes de consultation reçues d’autres institutions du gouvernement du Canada et autres organisations,Number of Pages to Review - Carried over within negotiated timelines,Nombre de pages à traiter - Reportées à l'intérieur des délais négociés à la prochaine période d'établissement de rapport
Q28R5C1,7,Section 7: Consultations Received From Other Institutions and Organizations,Section 7 – Demandes de consultation reçues d’autres institutions et organisations,7.1,7.1 Consultations received from other Government of Canada institutions and other organizations,7.1 Demandes de consultation reçues d’autres institutions du gouvernement du Canada et autres organisations,Other Government of Canada Institutions - Carried over beyond negotiated timelines,Autres institutions du gouvernement du Canada - Reportées au-delà des délais négociés à la prochaine période d'établissement de rapport
Q28R5C2,7,Section 7: Consultations Received From Other Institutions and Organizations,Section 7 – Demandes de consultation reçues d’autres institutions et organisations,7.1,7.1 Consultations received from other Government of Canada institutions and other organizations,7.1 Demandes de consultation reçues d’autres institutions du gouvernement du Canada et autres organisations,Number of Pages to Review - Carried over beyond negotiated timelines,Nombre de pages à traiter - Reportées au-delà des délais négociés à la prochaine période d'établissement de rapport
Q28R5C3,7,Section 7: Consultations Received From Other Institutions and Organizations,Section 7 – Demandes de consultation reçues d’autres institutions et organisations,7.1,7.1 Consultations received from other Government of Canada institutions and other organizations,7.1 Demandes de consultation reçues d’autres institutions du gouvernement du Canada et autres organisations,Other Organizations - Carried over beyond negotiated timelines,Autres organisations - Reportées au-delà des délais négociés à la prochaine période d'établissement de rapport
Q28R5C4,7,Section 7: Consultations Received From Other Institutions and Organizations,Section 7 – Demandes de consultation reçues d’autres institutions et organisations,7.1,7.1 Consultations received from other Government of Canada institutions and other organizations,7.1 Demandes de consultation reçues d’autres institutions du gouvernement du Canada et autres organisations,Number of Pages to Review - Carried over beyond negotiated timelines,Nombre de pages à traiter - Reportées au-delà des délais négociés à la prochaine période d'établissement de rapport
Q29R1C1,7,Section 7: Consultations Received From Other Institutions and Organizations,Section 7 – Demandes de consultation reçues d’autres institutions et organisations,7.2,7.2 Recommendations and completion time for consultations received from other Government of Canada institutions,7.2 Recommandation et délai de traitement pour les demandes de consultation reçues d’autres institutions du gouvernement du Canada,Number of Days Required to Complete Consultation Requests: 0 to 15 Days - Disclose entirely,Nombre de jours requis pour traiter les demandes de consultation: 0 à 15 jours - Communiquer en entier
Q29R1C2,7,Section 7: Consultations Received From Other Institutions and Organizations,Section 7 – Demandes de consultation reçues d’autres institutions et organisations,7.2,7.2 Recommendations and completion time for consultations received from other Government of Canada institutions,7.2 Recommandation et délai de traitement pour les demandes de consultation reçues d’autres institutions du gouvernement du Canada,Number of Days Required to Complete Consultation Requests: 16 to 30 Days - Disclose entirely,Nombre de jours requis pour traiter les demandes de consultation: 16 à 30 jours - Communiquer en entier
Q29R1C3,7,Section 7: Consultations Received From Other Institutions and Organizations,Section 7 – Demandes de consultation reçues d’autres institutions et organisations,7.2,7.2 Recommendations and completion time for consultations received from other Government of Canada institutions,7.2 Recommandation et délai de traitement pour les demandes de consultation reçues d’autres institutions du gouvernement du Canada,Number of Days Required to Complete Consultation Requests: 31 to 60 Days - Disclose entirely,Nombre de jours requis pour traiter les demandes de consultation: 31 à 60 jours - Communiquer en entier
Q29R1C4,7,Section 7: Consultations Received From Other Institutions and Organizations,Section 7 – Demandes de consultation reçues d’autres institutions et organisations,7.2,7.2 Recommendations and completion time for consultations received from other Government of Canada institutions,7.2 Recommandation et délai de traitement pour les demandes de consultation reçues d’autres institutions du gouvernement du Canada,Number of Days Required to Complete Consultation Requests: 61 to 120 Days - Disclose entirely,Nombre de jours requis pour traiter les demandes de consultation: 61 à 120 jours - Communiquer en entier
Q29R1C5,7,Section 7: Consultations Received From Other Institutions and Organizations,Section 7 – Demandes de consultation reçues d’autres institutions et organisations,7.2,7.2 Recommendations and completion time for consultations received from other Government of Canada institutions,7.2 Recommandation et délai de traitement pour les demandes de consultation reçues d’autres institutions du gouvernement du Canada,Number of Days Required to Complete Consultation Requests: 121 to 180 Days - Disclose entirely,Nombre de jours requis pour traiter les demandes de consultation: 121 à 180 jours - Communiquer en entier
Q29R1C6,7,Section 7: Consultations Received From Other Institutions and Organizations,Section 7 – Demandes de consultation reçues d’autres institutions et organisations,7.2,7.2 Recommendations and completion time for consultations received from other Government of Canada institutions,7.2 Recommandation et délai de traitement pour les demandes de consultation reçues d’autres institutions du gouvernement du Canada,Number of Days Required to Complete Consultation Requests: 181 to 365 Days - Disclose entirely,Nombre de jours requis pour traiter les demandes de consultation: 181 à 365 jours - Communiquer en entier
Q29R1C7,7,Section 7: Consultations Received From Other Institutions and Organizations,Section 7 – Demandes de consultation reçues d’autres institutions et organisations,7.2,7.2 Recommendations and completion time for consultations received from other Government of Canada institutions,7.2 Recommandation et délai de traitement pour les demandes de consultation reçues d’autres institutions du gouvernement du Canada,Number of Days Required to Complete Consultation Requests: More Than 365 Days - Disclose entirely,Nombre de jours requis pour traiter les demandes de consultation: Plus de 365 jours - Communiquer en entier
Q29R2C1,7,Section 7: Consultations Received From Other Institutions and Organizations,Section 7 – Demandes de consultation reçues d’autres institutions et organisations,7.2,7.2 Recommendations and completion time for consultations received from other Government of Canada institutions,7.2 Recommandation et délai de traitement pour les demandes de consultation reçues d’autres institutions du gouvernement du Canada,Number of Days Required to Complete Consultation Requests: 0 to 15 Days - Disclose in part,Nombre de jours requis pour traiter les demandes de consultation: 0 à 15 jours - Communiquer en partie
Q29R2C2,7,Section 7: Consultations Received From Other Institutions and Organizations,Section 7 – Demandes de consultation reçues d’autres institutions et organisations,7.2,7.2 Recommendations and completion time for consultations received from other Government of Canada institutions,7.2 Recommandation et délai de traitement pour les demandes de consultation reçues d’autres institutions du gouvernement du Canada,Number of Days Required to Complete Consultation Requests: 16 to 30 Days - Disclose in part,Nombre de jours requis pour traiter les demandes de consultation: 16 à 30 jours - Communiquer en partie
Q29R2C3,7,Section 7: Consultations Received From Other Institutions and Organizations,Section 7 – Demandes de consultation reçues d’autres institutions et organisations,7.2,7.2 Recommendations and completion time for consultations received from other Government of Canada institutions,7.2 Recommandation et délai de traitement pour les demandes de consultation reçues d’autres institutions du gouvernement du Canada,Number of Days Required to Complete Consultation Requests: 31 to 60 Days - Disclose in part,Nombre de jours requis pour traiter les demandes de consultation: 31 à 60 jours - Communiquer en partie
Q29R2C4,7,Section 7: Consultations Received From Other Institutions and Organizations,Section 7 – Demandes de consultation reçues d’autres institutions et organisations,7.2,7.2 Recommendations and completion time for consultations received from other Government of Canada institutions,7.2 Recommandation et délai de traitement pour les demandes de consultation reçues d’autres institutions du gouvernement du Canada,Number of Days Required to Complete Consultation Requests: 61 to 120 Days - Disclose in part,Nombre de jours requis pour traiter les demandes de consultation: 61 à 120 jours - Communiquer en partie
Q29R2C5,7,Section 7: Consultations Received From Other Institutions and Organizations,Section 7 – Demandes de consultation reçues d’autres institutions et organisations,7.2,7.2 Recommendations and completion time for consultations received from other Government of Canada institutions,7.2 Recommandation et délai de traitement pour les demandes de consultation reçues d’autres institutions du gouvernement du Canada,Number of Days Required to Complete Consultation Requests: 121 to 180 Days - Disclose in part,Nombre de jours requis pour traiter les demandes de consultation: 121 à 180 jours - Communiquer en partie
Q29R2C6,7,Section 7: Consultations Received From Other Institutions and Organizations,Section 7 – Demandes de consultation reçues d’autres institutions et organisations,7.2,7.2 Recommendations and completion time for consultations received from other Government of Canada institutions,7.2 Recommandation et délai de traitement pour les demandes de consultation reçues d’autres institutions du gouvernement du Canada,Number of Days Required to Complete Consultation Requests: 181 to 365 Days - Disclose in part,Nombre de jours requis pour traiter les demandes de consultation: 181 à 365 jours - Communiquer en partie
Q29R2C7,7,Section 7: Consultations Received From Other Institutions and Organizations,Section 7 – Demandes de consultation reçues d’autres institutions et organisations,7.2,7.2 Recommendations and completion time for consultations received from other Government of Canada institutions,7.2 Recommandation et délai de traitement pour les demandes de consultation reçues d’autres institutions du gouvernement du Canada,Number of Days Required to Complete Consultation Requests: More Than 365 Days - Disclose in part,Nombre de jours requis pour traiter les demandes de consultation: Plus de 365 jours - Communiquer en partie
Q29R3C1,7,Section 7: Consultations Received From Other Institutions and Organizations,Section 7 – Demandes de consultation reçues d’autres institutions et organisations,7.2,7.2 Recommendations and completion time for consultations received from other Government of Canada institutions,7.2 Recommandation et délai de traitement pour les demandes de consultation reçues d’autres institutions du gouvernement du Canada,Number of Days Required to Complete Consultation Requests: 0 to 15 Days - Exempt entirely,Nombre de jours requis pour traiter les demandes de consultation: 0 à 15 jours - Exempter en entier
Q29R3C2,7,Section 7: Consultations Received From Other Institutions and Organizations,Section 7 – Demandes de consultation reçues d’autres institutions et organisations,7.2,7.2 Recommendations and completion time for consultations received from other Government of Canada institutions,7.2 Recommandation et délai de traitement pour les demandes de consultation reçues d’autres institutions du gouvernement du Canada,Number of Days Required to Complete Consultation Requests: 16 to 30 Days - Exempt entirely,Nombre de jours requis pour traiter les demandes de consultation: 16 à 30 jours - Exempter en entier
Q29R3C3,7,Section 7: Consultations Received From Other Institutions and Organizations,Section 7 – Demandes de consultation reçues d’autres institutions et organisations,7.2,7.2 Recommendations and completion time for consultations received from other Government of Canada institutions,7.2 Recommandation et délai de traitement pour les demandes de consultation reçues d’autres institutions du gouvernement du Canada,Number of Days Required to Complete Consultation Requests: 31 to 60 Days - Exempt entirely,Nombre de jours requis pour traiter les demandes de consultation: 31 à 60 jours - Exempter en entier
Q29R3C4,7,Section 7: Consultations Received From Other Institutions and Organizations,Section 7 – Demandes de consultation reçues d’autres institutions et organisations,7.2,7.2 Recommendations and completion time for consultations received from other Government of Canada institutions,7.2 Recommandation et délai de traitement pour les demandes de consultation reçues d’autres institutions du gouvernement du Canada,Number of Days Required to Complete Consultation Requests: 61 to 120 Days - Exempt entirely,Nombre de jours requis pour traiter les demandes de consultation: 61 à 120 jours - Exempter en entier
Q29R3C5,7,Section 7: Consultations Received From Other Institutions and Organizations,Section 7 – Demandes de consultation reçues d’autres institutions et organisations,7.2,7.2 Recommendations and completion time for consultations received from other Government of Canada institutions,7.2 Recommandation et délai de traitement pour les demandes de consultation reçues d’autres institutions du gouvernement du Canada,Number of Days Required to Complete Consultation Requests: 121 to 180 Days - Exempt entirely,Nombre de jours requis pour traiter les demandes de consultation: 121 à 180 jours - Exempter en entier
Q29R3C6,7,Section 7: Consultations Received From Other Institutions and Organizations,Section 7 – Demandes de consultation reçues d’autres institutions et organisations,7.2,7.2 Recommendations and completion time for consultations received from other Government of Canada institutions,7.2 Recommandation et délai de traitement pour les demandes de consultation reçues d’autres institutions du gouvernement du Canada,Number of Days Required to Complete Consultation Requests: 181 to 365 Days - Exempt entirely,Nombre de jours requis pour traiter les demandes de consultation: 181 à 365 jours - Exempter en entier
Q29R3C7,7,Section 7: Consultations Received From Other Institutions and Organizations,Section 7 – Demandes de consultation reçues d’autres institutions et organisations,7.2,7.2 Recommendations and completion time for consultations received from other Government of Canada institutions,7.2 Recommandation et délai de traitement pour les demandes de consultation reçues d’autres institutions du gouvernement du Canada,Number of Days Required to Complete Consultation Requests: More Than 365 Days - Exempt entirely,Nombre de jours requis pour traiter les demandes de consultation: Plus de 365 jours - Exempter en entier
Q29R4C1,7,Section 7: Consultations Received From Other Institutions and Organizations,Section 7 – Demandes de consultation reçues d’autres institutions et organisations,7.2,7.2 Recommendations and completion time for consultations received from other Government of Canada institutions,7.2 Recommandation et délai de traitement pour les demandes de consultation reçues d’autres institutions du gouvernement du Canada,Number of Days Required to Complete Consultation Requests: 0 to 15 Days - Exclude entirely,Nombre de jours requis pour traiter les demandes de consultation: 0 à 15 jours - Exclure en entier
Q29R4C2,7,Section 7: Consultations Received From Other Institutions and Organizations,Section 7 – Demandes de consultation reçues d’autres institutions et organisations,7.2,7.2 Recommendations and completion time for consultations received from other Government of Canada institutions,7.2 Recommandation et délai de traitement pour les demandes de consultation reçues d’autres institutions du gouvernement du Canada,Number of Days Required to Complete Consultation Requests: 16 to 30 Days - Exclude entirely,Nombre de jours requis pour traiter les demandes de consultation: 16 à 30 jours - Exclure en entier
Q29R4C3,7,Section 7: Consultations Received From Other Institutions and Organizations,Section 7 – Demandes de consultation reçues d’autres institutions et organisations,7.2,7.2 Recommendations and completion time for consultations received from other Government of Canada institutions,7.2 Recommandation et délai de traitement pour les demandes de consultation reçues d’autres institutions du gouvernement du Canada,Number of Days Required to Complete Consultation Requests: 31 to 60 Days - Exclude entirely,Nombre de jours requis pour traiter les demandes de consultation: 31 à 60 jours - Exclure en entier
Q29R4C4,7,Section 7: Consultations Received From Other Institutions and Organizations,Section 7 – Demandes de consultation reçues d’autres institutions et organisations,7.2,7.2 Recommendations and completion time for consultations received from other Government of Canada institutions,7.2 Recommandation et délai de traitement pour les demandes de consultation reçues d’autres institutions du gouvernement du Canada,Number of Days Required to Complete Consultation Requests: 61 to 120 Days - Exclude entirely,Nombre de jours requis pour traiter les demandes de consultation: 61 à 120 jours - Exclure en entier
Q29R4C5,7,Section 7: Consultations Received From Other Institutions and Organizations,Section 7 – Demandes de consultation reçues d’autres institutions et organisations,7.2,7.2 Recommendations and completion time for consultations received from other Government of Canada institutions,7.2 Recommandation et délai de traitement pour les demandes de consultation reçues d’autres institutions du gouvernement du Canada,Number of Days Required to Complete Consultation Requests: 121 to 180 Days - Exclude entirely,Nombre de jours requis pour traiter les demandes de consultation: 121 à 180 jours - Exclure en entier
Q29R4C6,7,Section 7: Consultations Received From Other Institutions and Organizations,Section 7 – Demandes de consultation reçues d’autres institutions et organisations,7.2,7.2 Recommendations and completion time for consultations received from other Government of Canada institutions,7.2 Recommandation et délai de traitement pour les demandes de consultation reçues d’autres institutions du gouvernement du Canada,Number of Days Required to Complete Consultation Requests: 181 to 365 Days - Exclude entirely,Nombre de jours requis pour traiter les demandes de consultation: 181 à 365 jours - Exclure en entier
Q29R4C7,7,Section 7: Consultations Received From Other Institutions and Organizations,Section 7 – Demandes de consultation reçues d’autres institutions et organisations,7.2,7.2 Recommendations and completion time for consultations received from other Government of Canada institutions,7.2 Recommandation et délai de traitement pour les demandes de consultation reçues d’autres institutions du gouvernement du Canada,Number of Days Required to Complete Consultation Requests: More Than 365 Days - Exclude entirely,Nombre de jours requis pour traiter les demandes de consultation: Plus de 365 jours - Exclure en entier
Q29R5C1,7,Section 7: Consultations Received From Other Institutions and Organizations,Section 7 – Demandes de consultation reçues d’autres institutions et organisations,7.2,7.2 Recommendations and completion time for consultations received from other Government of Canada institutions,7.2 Recommandation et délai de traitement pour les demandes de consultation reçues d’autres institutions du gouvernement du Canada,Number of Days Required to Complete Consultation Requests: 0 to 15 Days - Consult other institution,Nombre de jours requis pour traiter les demandes de consultation: 0 à 15 jours - Consulter une autre institution
Q29R5C2,7,Section 7: Consultations Received From Other Institutions and Organizations,Section 7 – Demandes de consultation reçues d’autres institutions et organisations,7.2,7.2 Recommendations and completion time for consultations received from other Government of Canada institutions,7.2 Recommandation et délai de traitement pour les demandes de consultation reçues d’autres institutions du gouvernement du Canada,Number of Days Required to Complete Consultation Requests: 16 to 30 Days - Consult other institution,Nombre de jours requis pour traiter les demandes de consultation: 16 à 30 jours - Consulter une autre institution
Q29R5C3,7,Section 7: Consultations Received From Other Institutions and Organizations,Section 7 – Demandes de consultation reçues d’autres institutions et organisations,7.2,7.2 Recommendations and completion time for consultations received from other Government of Canada institutions,7.2 Recommandation et délai de traitement pour les demandes de consultation reçues d’autres institutions du gouvernement du Canada,Number of Days Required to Complete Consultation Requests: 31 to 60 Days - Consult other institution,Nombre de jours requis pour traiter les demandes de consultation: 31 à 60 jours - Consulter une autre institution
Q29R5C4,7,Section 7: Consultations Received From Other Institutions and Organizations,Section 7 – Demandes de consultation reçues d’autres institutions et organisations,7.2,7.2 Recommendations and completion time for consultations received from other Government of Canada institutions,7.2 Recommandation et délai de traitement pour les demandes de consultation reçues d’autres institutions du gouvernement du Canada,Number of Days Required to Complete Consultation Requests: 61 to 120 Days - Consult other institution,Nombre de jours requis pour traiter les demandes de consultation: 61 à 120 jours - Exclure en entier
Q29R5C5,7,Section 7: Consultations Received From Other Institutions and Organizations,Section 7 – Demandes de consultation reçues d’autres institutions et organisations,7.2,7.2 Recommendations and completion time for consultations received from other Government of Canada institutions,7.2 Recommandation et délai de traitement pour les demandes de consultation reçues d’autres institutions du gouvernement du Canada,Number of Days Required to Complete Consultation Requests: 121 to 180 Days - Consult other institution,Nombre de jours requis pour traiter les demandes de consultation: 121 à 180 jours - Consulter une autre institution
Q29R5C6,7,Section 7: Consultations Received From Other Institutions and Organizations,Section 7 – Demandes de consultation reçues d’autres institutions et organisations,7.2,7.2 Recommendations and completion time for consultations received from other Government of Canada institutions,7.2 Recommandation et délai de traitement pour les demandes de consultation reçues d’autres institutions du gouvernement du Canada,Number of Days Required to Complete Consultation Requests: 181 to 365 Days - Consult other institution,Nombre de jours requis pour traiter les demandes de consultation: 181 à 365 jours - Consulter une autre institution
Q29R5C7,7,Section 7: Consultations Received From Other Institutions and Organizations,Section 7 – Demandes de consultation reçues d’autres institutions et organisations,7.2,7.2 Recommendations and completion time for consultations received from other Government of Canada institutions,7.2 Recommandation et délai de traitement pour les demandes de consultation reçues d’autres institutions du gouvernement du Canada,Number of Days Required to Complete Consultation Requests: More Than 365 Days - Consult other institution,Nombre de jours requis pour traiter les demandes de consultation: Plus de 365 jours - Consulter une autre institution
Q29R6C1,7,Section 7: Consultations Received From Other Institutions and Organizations,Section 7 – Demandes de consultation reçues d’autres institutions et organisations,7.2,7.2 Recommendations and completion time for consultations received from other Government of Canada institutions,7.2 Recommandation et délai de traitement pour les demandes de consultation reçues d’autres institutions du gouvernement du Canada,Number of Days Required to Complete Consultation Requests: 0 to 15 Days - Other,Nombre de jours requis pour traiter les demandes de consultation: 0 à 15 jours - Autre
Q29R6C2,7,Section 7: Consultations Received From Other Institutions and Organizations,Section 7 – Demandes de consultation reçues d’autres institutions et organisations,7.2,7.2 Recommendations and completion time for consultations received from other Government of Canada institutions,7.2 Recommandation et délai de traitement pour les demandes de consultation reçues d’autres institutions du gouvernement du Canada,Number of Days Required to Complete Consultation Requests: 16 to 30 Days - Other,Nombre de jours requis pour traiter les demandes de consultation: 16 à 30 jours - Autre
Q29R6C3,7,Section 7: Consultations Received From Other Institutions and Organizations,Section 7 – Demandes de consultation reçues d’autres institutions et organisations,7.2,7.2 Recommendations and completion time for consultations received from other Government of Canada institutions,7.2 Recommandation et délai de traitement pour les demandes de consultation reçues d’autres institutions du gouvernement du Canada,Number of Days Required to Complete Consultation Requests: 31 to 60 Days - Other,Nombre de jours requis pour traiter les demandes de consultation: 31 à 60 jours - Autre
Q29R6C4,7,Section 7: Consultations Received From Other Institutions and Organizations,Section 7 – Demandes de consultation reçues d’autres institutions et organisations,7.2,7.2 Recommendations and completion time for consultations received from other Government of Canada institutions,7.2 Recommandation et délai de traitement pour les demandes de consultation reçues d’autres institutions du gouvernement du Canada,Number of Days Required to Complete Consultation Requests: 61 to 120 Days - Other,Nombre de jours requis pour traiter les demandes de consultation: 61 à 120 jours - Autre
Q29R6C5,7,Section 7: Consultations Received From Other Institutions and Organizations,Section 7 – Demandes de consultation reçues d’autres institutions et organisations,7.2,7.2 Recommendations and completion time for consultations received from other Government of Canada institutions,7.2 Recommandation et délai de traitement pour les demandes de consultation reçues d’autres institutions du gouvernement du Canada,Number of Days Required to Complete Consultation Requests: 121 to 180 Days - Other,Nombre de jours requis pour traiter les demandes de consultation: 121 à 180 jours - Autre
Q29R6C6,7,Section 7: Consultations Received From Other Institutions and Organizations,Section 7 – Demandes de consultation reçues d’autres institutions et organisations,7.2,7.2 Recommendations and completion time for consultations received from other Government of Canada institutions,7.2 Recommandation et délai de traitement pour les demandes de consultation reçues d’autres institutions du gouvernement du Canada,Number of Days Required to Complete Consultation Requests: 181 to 365 Days - Other,Nombre de jours requis pour traiter les demandes de consultation: 181 à 365 jours - Autre
Q29R6C7,7,Section 7: Consultations Received From Other Institutions and Organizations,Section 7 – Demandes de consultation reçues d’autres institutions et organisations,7.2,7.2 Recommendations and completion time for consultations received from other Government of Canada institutions,7.2 Recommandation et délai de traitement pour les demandes de consultation reçues d’autres institutions du gouvernement du Canada,Number of Days Required to Complete Consultation Requests: More Than 365 Days - Other,Nombre de jours requis pour traiter les demandes de consultation: Plus de 365 jours - Autre
Q30R1C1,7,Section 7: Consultations Received From Other Institutions and Organizations,Section 7 – Demandes de consultation reçues d’autres institutions et organisations,7.3,7.3 Recommendations and completion time for consultations received from other organizations outside the Government of Canada,7.3 Recommandation et délai de traitement pour les demandes de consultation reçues d’autres organisations à l'extérieur du gouvernement du Canada,Number of Days Required to Complete Consultation Requests: 0 to 15 Days - Disclose entirely,Nombre de jours requis pour traiter les demandes de consultation: 0 à 15 jours - Communiquer en entier
Q30R1C2,7,Section 7: Consultations Received From Other Institutions and Organizations,Section 7 – Demandes de consultation reçues d’autres institutions et organisations,7.3,7.3 Recommendations and completion time for consultations received from other organizations outside the Government of Canada,7.3 Recommandation et délai de traitement pour les demandes de consultation reçues d’autres organisations à l'extérieur du gouvernement du Canada,Number of Days Required to Complete Consultation Requests: 16 to 30 Days - Disclose entirely,Nombre de jours requis pour traiter les demandes de consultation: 16 à 30 jours - Communiquer en entier
Q30R1C3,7,Section 7: Consultations Received From Other Institutions and Organizations,Section 7 – Demandes de consultation reçues d’autres institutions et organisations,7.3,7.3 Recommendations and completion time for consultations received from other organizations outside the Government of Canada,7.3 Recommandation et délai de traitement pour les demandes de consultation reçues d’autres organisations à l'extérieur du gouvernement du Canada,Number of Days Required to Complete Consultation Requests: 31 to 60 Days - Disclose entirely,Nombre de jours requis pour traiter les demandes de consultation: 31 à 60 jours - Communiquer en entier
Q30R1C4,7,Section 7: Consultations Received From Other Institutions and Organizations,Section 7 – Demandes de consultation reçues d’autres institutions et organisations,7.3,7.3 Recommendations and completion time for consultations received from other organizations outside the Government of Canada,7.3 Recommandation et délai de traitement pour les demandes de consultation reçues d’autres organisations à l'extérieur du gouvernement du Canada,Number of Days Required to Complete Consultation Requests: 61 to 120 Days - Disclose entirely,Nombre de jours requis pour traiter les demandes de consultation: 61 à 120 jours - Communiquer en entier
Q30R1C5,7,Section 7: Consultations Received From Other Institutions and Organizations,Section 7 – Demandes de consultation reçues d’autres institutions et organisations,7.3,7.3 Recommendations and completion time for consultations received from other organizations outside the Government of Canada,7.3 Recommandation et délai de traitement pour les demandes de consultation reçues d’autres organisations à l'extérieur du gouvernement du Canada,Number of Days Required to Complete Consultation Requests: 121 to 180 Days - Disclose entirely,Nombre de jours requis pour traiter les demandes de consultation: 121 à 180 jours - Communiquer en entier
Q30R1C6,7,Section 7: Consultations Received From Other Institutions and Organizations,Section 7 – Demandes de consultation reçues d’autres institutions et organisations,7.3,7.3 Recommendations and completion time for consultations received from other organizations outside the Government of Canada,7.3 Recommandation et délai de traitement pour les demandes de consultation reçues d’autres organisations à l'extérieur du gouvernement du Canada,Number of Days Required to Complete Consultation Requests: 181 to 365 Days - Disclose entirely,Nombre de jours requis pour traiter les demandes de consultation: 181 à 365 jours - Communiquer en entier
Q30R1C7,7,Section 7: Consultations Received From Other Institutions and Organizations,Section 7 – Demandes de consultation reçues d’autres institutions et organisations,7.3,7.3 Recommendations and completion time for consultations received from other organizations outside the Government of Canada,7.3 Recommandation et délai de traitement pour les demandes de consultation reçues d’autres organisations à l'extérieur du gouvernement du Canada,Number of Days Required to Complete Consultation Requests: More Than 365 Days - Disclose entirely,Nombre de jours requis pour traiter les demandes de consultation: Plus de 365 jours - Communiquer en entier
Q30R2C1,7,Section 7: Consultations Received From Other Institutions and Organizations,Section 7 – Demandes de consultation reçues d’autres institutions et organisations,7.3,7.3 Recommendations and completion time for consultations received from other organizations outside the Government of Canada,7.3 Recommandation et délai de traitement pour les demandes de consultation reçues d’autres organisations à l'extérieur du gouvernement du Canada,Number of Days Required to Complete Consultation Requests: 0 to 15 Days - Disclose in part,Nombre de jours requis pour traiter les demandes de consultation: 0 à 15 jours - Communiquer en partie
Q30R2C2,7,Section 7: Consultations Received From Other Institutions and Organizations,Section 7 – Demandes de consultation reçues d’autres institutions et organisations,7.3,7.3 Recommendations and completion time for consultations received from other organizations outside the Government of Canada,7.3 Recommandation et délai de traitement pour les demandes de consultation reçues d’autres organisations à l'extérieur du gouvernement du Canada,Number of Days Required to Complete Consultation Requests: 16 to 30 Days - Disclose in part,Nombre de jours requis pour traiter les demandes de consultation: 16 à 30 jours - Communiquer en partie
Q30R2C3,7,Section 7: Consultations Received From Other Institutions and Organizations,Section 7 – Demandes de consultation reçues d’autres institutions et organisations,7.3,7.3 Recommendations and completion time for consultations received from other organizations outside the Government of Canada,7.3 Recommandation et délai de traitement pour les demandes de consultation reçues d’autres organisations à l'extérieur du gouvernement du Canada,Number of Days Required to Complete Consultation Requests: 31 to 60 Days - Disclose in part,Nombre de jours requis pour traiter les demandes de consultation: 31 à 60 jours - Communiquer en partie
Q30R2C4,7,Section 7: Consultations Received From Other Institutions and Organizations,Section 7 – Demandes de consultation reçues d’autres institutions et organisations,7.3,7.3 Recommendations and completion time for consultations received from other organizations outside the Government of Canada,7.3 Recommandation et délai de traitement pour les demandes de consultation reçues d’autres organisations à l'extérieur du gouvernement du Canada,Number of Days Required to Complete Consultation Requests: 61 to 120 Days - Disclose in part,Nombre de jours requis pour traiter les demandes de consultation: 61 à 120 jours - Communiquer en partie
Q30R2C5,7,Section 7: Consultations Received From Other Institutions and Organizations,Section 7 – Demandes de consultation reçues d’autres institutions et organisations,7.3,7.3 Recommendations and completion time for consultations received from other organizations outside the Government of Canada,7.3 Recommandation et délai de traitement pour les demandes de consultation reçues d’autres organisations à l'extérieur du gouvernement du Canada,Number of Days Required to Complete Consultation Requests: 121 to 180 Days - Disclose in part,Nombre de jours requis pour traiter les demandes de consultation: 121 à 180 jours - Communiquer en partie
Q30R2C6,7,Section 7: Consultations Received From Other Institutions and Organizations,Section 7 – Demandes de consultation reçues d’autres institutions et organisations,7.3,7.3 Recommendations and completion time for consultations received from other organizations outside the Government of Canada,7.3 Recommandation et délai de traitement pour les demandes de consultation reçues d’autres organisations à l'extérieur du gouvernement du Canada,Number of Days Required to Complete Consultation Requests: 181 to 365 Days - Disclose in part,Nombre de jours requis pour traiter les demandes de consultation: 181 à 365 jours - Communiquer en partie
Q30R2C7,7,Section 7: Consultations Received From Other Institutions and Organizations,Section 7 – Demandes de consultation reçues d’autres institutions et organisations,7.3,7.3 Recommendations and completion time for consultations received from other organizations outside the Government of Canada,7.3 Recommandation et délai de traitement pour les demandes de consultation reçues d’autres organisations à l'extérieur du gouvernement du Canada,Number of Days Required to Complete Consultation Requests: More Than 365 Days - Disclose in part,Nombre de jours requis pour traiter les demandes de consultation: Plus de 365 jours - Communiquer en partie
Q30R3C1,7,Section 7: Consultations Received From Other Institutions and Organizations,Section 7 – Demandes de consultation reçues d’autres institutions et organisations,7.3,7.3 Recommendations and completion time for consultations received from other organizations outside the Government of Canada,7.3 Recommandation et délai de traitement pour les demandes de consultation reçues d’autres organisations à l'extérieur du gouvernement du Canada,Number of Days Required to Complete Consultation Requests: 0 to 15 Days - Exempt entirely,Nombre de jours requis pour traiter les demandes de consultation: 0 à 15 jours - Exempter en entier
Q30R3C2,7,Section 7: Consultations Received From Other Institutions and Organizations,Section 7 – Demandes de consultation reçues d’autres institutions et organisations,7.3,7.3 Recommendations and completion time for consultations received from other organizations outside the Government of Canada,7.3 Recommandation et délai de traitement pour les demandes de consultation reçues d’autres organisations à l'extérieur du gouvernement du Canada,Number of Days Required to Complete Consultation Requests: 16 to 30 Days - Exempt entirely,Nombre de jours requis pour traiter les demandes de consultation: 16 à 30 jours - Exempter en entier
Q30R3C3,7,Section 7: Consultations Received From Other Institutions and Organizations,Section 7 – Demandes de consultation reçues d’autres institutions et organisations,7.3,7.3 Recommendations and completion time for consultations received from other organizations outside the Government of Canada,7.3 Recommandation et délai de traitement pour les demandes de consultation reçues d’autres organisations à l'extérieur du gouvernement du Canada,Number of Days Required to Complete Consultation Requests: 31 to 60 Days - Exempt entirely,Nombre de jours requis pour traiter les demandes de consultation: 31 à 60 jours - Exempter en entier
Q30R3C4,7,Section 7: Consultations Received From Other Institutions and Organizations,Section 7 – Demandes de consultation reçues d’autres institutions et organisations,7.3,7.3 Recommendations and completion time for consultations received from other organizations outside the Government of Canada,7.3 Recommandation et délai de traitement pour les demandes de consultation reçues d’autres organisations à l'extérieur du gouvernement du Canada,Number of Days Required to Complete Consultation Requests: 61 to 120 Days - Exempt entirely,Nombre de jours requis pour traiter les demandes de consultation: 61 à 120 jours - Exempter en entier
Q30R3C5,7,Section 7: Consultations Received From Other Institutions and Organizations,Section 7 – Demandes de consultation reçues d’autres institutions et organisations,7.3,7.3 Recommendations and completion time for consultations received from other organizations outside the Government of Canada,7.3 Recommandation et délai de traitement pour les demandes de consultation reçues d’autres organisations à l'extérieur du gouvernement du Canada,Number of Days Required to Complete Consultation Requests: 121 to 180 Days - Exempt entirely,Nombre de jours requis pour traiter les demandes de consultation: 121 à 180 jours - Exempter en entier
Q30R3C6,7,Section 7: Consultations Received From Other Institutions and Organizations,Section 7 – Demandes de consultation reçues d’autres institutions et organisations,7.3,7.3 Recommendations and completion time for consultations received from other organizations outside the Government of Canada,7.3 Recommandation et délai de traitement pour les demandes de consultation reçues d’autres organisations à l'extérieur du gouvernement du Canada,Number of Days Required to Complete Consultation Requests: 181 to 365 Days - Exempt entirely,Nombre de jours requis pour traiter les demandes de consultation: 181 à 365 jours - Exempter en entier
Q30R3C7,7,Section 7: Consultations Received From Other Institutions and Organizations,Section 7 – Demandes de consultation reçues d’autres institutions et organisations,7.3,7.3 Recommendations and completion time for consultations received from other organizations outside the Government of Canada,7.3 Recommandation et délai de traitement pour les demandes de consultation reçues d’autres organisations à l'extérieur du gouvernement du Canada,Number of Days Required to Complete Consultation Requests: More Than 365 Days - Exempt entirely,Nombre de jours requis pour traiter les demandes de consultation: Plus de 365 jours - Exempter en entier
Q30R4C1,7,Section 7: Consultations Received From Other Institutions and Organizations,Section 7 – Demandes de consultation reçues d’autres institutions et organisations,7.3,7.3 Recommendations and completion time for consultations received from other organizations outside the Government of Canada,7.3 Recommandation et délai de traitement pour les demandes de consultation reçues d’autres organisations à l'extérieur du gouvernement du Canada,Number of Days Required to Complete Consultation Requests: 0 to 15 Days - Exclude entirely,Nombre de jours requis pour traiter les demandes de consultation: 0 à 15 jours - Exclure en entier
Q30R4C2,7,Section 7: Consultations Received From Other Institutions and Organizations,Section 7 – Demandes de consultation reçues d’autres institutions et organisations,7.3,7.3 Recommendations and completion time for consultations received from other organizations outside the Government of Canada,7.3 Recommandation et délai de traitement pour les demandes de consultation reçues d’autres organisations à l'extérieur du gouvernement du Canada,Number of Days Required to Complete Consultation Requests: 16 to 30 Days - Exclude entirely,Nombre de jours requis pour traiter les demandes de consultation: 16 à 30 jours - Exclure en entier
Q30R4C3,7,Section 7: Consultations Received From Other Institutions and Organizations,Section 7 – Demandes de consultation reçues d’autres institutions et organisations,7.3,7.3 Recommendations and completion time for consultations received from other organizations outside the Government of Canada,7.3 Recommandation et délai de traitement pour les demandes de consultation reçues d’autres organisations à l'extérieur du gouvernement du Canada,Number of Days Required to Complete Consultation Requests: 31 to 60 Days - Exclude entirely,Nombre de jours requis pour traiter les demandes de consultation: 31 à 60 jours - Exclure en entier
Q30R4C4,7,Section 7: Consultations Received From Other Institutions and Organizations,Section 7 – Demandes de consultation reçues d’autres institutions et organisations,7.3,7.3 Recommendations and completion time for consultations received from other organizations outside the Government of Canada,7.3 Recommandation et délai de traitement pour les demandes de consultation reçues d’autres organisations à l'extérieur du gouvernement du Canada,Number of Days Required to Complete Consultation Requests: 61 to 120 Days - Exclude entirely,Nombre de jours requis pour traiter les demandes de consultation: 61 à 120 jours - Exclure en entier
Q30R4C5,7,Section 7: Consultations Received From Other Institutions and Organizations,Section 7 – Demandes de consultation reçues d’autres institutions et organisations,7.3,7.3 Recommendations and completion time for consultations received from other organizations outside the Government of Canada,7.3 Recommandation et délai de traitement pour les demandes de consultation reçues d’autres organisations à l'extérieur du gouvernement du Canada,Number of Days Required to Complete Consultation Requests: 121 to 180 Days - Exclude entirely,Nombre de jours requis pour traiter les demandes de consultation: 121 à 180 jours - Exclure en entier
Q30R4C6,7,Section 7: Consultations Received From Other Institutions and Organizations,Section 7 – Demandes de consultation reçues d’autres institutions et organisations,7.3,7.3 Recommendations and completion time for consultations received from other organizations outside the Government of Canada,7.3 Recommandation et délai de traitement pour les demandes de consultation reçues d’autres organisations à l'extérieur du gouvernement du Canada,Number of Days Required to Complete Consultation Requests: 181 to 365 Days - Exclude entirely,Nombre de jours requis pour traiter les demandes de consultation: 181 à 365 jours - Exclure en entier
Q30R4C7,7,Section 7: Consultations Received From Other Institutions and Organizations,Section 7 – Demandes de consultation reçues d’autres institutions et organisations,7.3,7.3 Recommendations and completion time for consultations received from other organizations outside the Government of Canada,7.3 Recommandation et délai de traitement pour les demandes de consultation reçues d’autres organisations à l'extérieur du gouvernement du Canada,Number of Days Required to Complete Consultation Requests: More Than 365 Days - Exclude entirely,Nombre de jours requis pour traiter les demandes de consultation: Plus de 365 jours - Exclure en entier
Q30R5C1,7,Section 7: Consultations Received From Other Institutions and Organizations,Section 7 – Demandes de consultation reçues d’autres institutions et organisations,7.3,7.3 Recommendations and completion time for consultations received from other organizations outside the Government of Canada,7.3 Recommandation et délai de traitement pour les demandes de consultation reçues d’autres organisations à l'extérieur du gouvernement du Canada,Number of Days Required to Complete Consultation Requests: 0 to 15 Days - Consult other institution,Nombre de jours requis pour traiter les demandes de consultation: 0 à 15 jours - Consulter une autre institution
Q30R5C2,7,Section 7: Consultations Received From Other Institutions and Organizations,Section 7 – Demandes de consultation reçues d’autres institutions et organisations,7.3,7.3 Recommendations and completion time for consultations received from other organizations outside the Government of Canada,7.3 Recommandation et délai de traitement pour les demandes de consultation reçues d’autres organisations à l'extérieur du gouvernement du Canada,Number of Days Required to Complete Consultation Requests: 16 to 30 Days - Consult other institution,Nombre de jours requis pour traiter les demandes de consultation: 16 à 30 jours - Consulter une autre institution
Q30R5C3,7,Section 7: Consultations Received From Other Institutions and Organizations,Section 7 – Demandes de consultation reçues d’autres institutions et organisations,7.3,7.3 Recommendations and completion time for consultations received from other organizations outside the Government of Canada,7.3 Recommandation et délai de traitement pour les demandes de consultation reçues d’autres organisations à l'extérieur du gouvernement du Canada,Number of Days Required to Complete Consultation Requests: 31 to 60 Days - Consult other institution,Nombre de jours requis pour traiter les demandes de consultation: 31 à 60 jours - Consulter une autre institution
Q30R5C4,7,Section 7: Consultations Received From Other Institutions and Organizations,Section 7 – Demandes de consultation reçues d’autres institutions et organisations,7.3,7.3 Recommendations and completion time for consultations received from other organizations outside the Government of Canada,7.3 Recommandation et délai de traitement pour les demandes de consultation reçues d’autres organisations à l'extérieur du gouvernement du Canada,Number of Days Required to Complete Consultation Requests: 61 to 120 Days - Consult other institution,Nombre de jours requis pour traiter les demandes de consultation: 61 à 120 jours - Consulter une autre institution
Q30R5C5,7,Section 7: Consultations Received From Other Institutions and Organizations,Section 7 – Demandes de consultation reçues d’autres institutions et organisations,7.3,7.3 Recommendations and completion time for consultations received from other organizations outside the Government of Canada,7.3 Recommandation et délai de traitement pour les demandes de consultation reçues d’autres organisations à l'extérieur du gouvernement du Canada,Number of Days Required to Complete Consultation Requests: 121 to 180 Days - Consult other institution,Nombre de jours requis pour traiter les demandes de consultation: 121 à 180 jours - Consulter une autre institution
Q30R5C6,7,Section 7: Consultations Received From Other Institutions and Organizations,Section 7 – Demandes de consultation reçues d’autres institutions et organisations,7.3,7.3 Recommendations and completion time for consultations received from other organizations outside the Government of Canada,7.3 Recommandation et délai de traitement pour les demandes de consultation reçues d’autres organisations à l'extérieur du gouvernement du Canada,Number of Days Required to Complete Consultation Requests: 181 to 365 Days - Consult other institution,Nombre de jours requis pour traiter les demandes de consultation: 181 à 365 jours - Consulter une autre institution
Q30R5C7,7,Section 7: Consultations Received From Other Institutions and Organizations,Section 7 – Demandes de consultation reçues d’autres institutions et organisations,7.3,7.3 Recommendations and completion time for consultations received from other organizations outside the Government of Canada,7.3 Recommandation et délai de traitement pour les demandes de consultation reçues d’autres organisations à l'extérieur du gouvernement du Canada,Number of Days Required to Complete Consultation Requests: More Than 365 Days - Consult other institution,Nombre de jours requis pour traiter les demandes de consultation: Plus de 365 jours - Consulter une autre institution
Q30R6C1,7,Section 7: Consultations Received From Other Institutions and Organizations,Section 7 – Demandes de consultation reçues d’autres institutions et organisations,7.3,7.3 Recommendations and completion time for consultations received from other organizations outside the Government of Canada,7.3 Recommandation et délai de traitement pour les demandes de consultation reçues d’autres organisations à l'extérieur du gouvernement du Canada,Number of Days Required to Complete Consultation Requests: 0 to 15 Days - Other,Nombre de jours requis pour traiter les demandes de consultation: 0 à 15 jours - Autre
Q30R6C2,7,Section 7: Consultations Received From Other Institutions and Organizations,Section 7 – Demandes de consultation reçues d’autres institutions et organisations,7.3,7.3 Recommendations and completion time for consultations received from other organizations outside the Government of Canada,7.3 Recommandation et délai de traitement pour les demandes de consultation reçues d’autres organisations à l'extérieur du gouvernement du Canada,Number of Days Required to Complete Consultation Requests: 16 to 30 Days - Other,Nombre de jours requis pour traiter les demandes de consultation: 16 à 30 jours - Autre
Q30R6C3,7,Section 7: Consultations Received From Other Institutions and Organizations,Section 7 – Demandes de consultation reçues d’autres institutions et organisations,7.3,7.3 Recommendations and completion time for consultations received from other organizations outside the Government of Canada,7.3 Recommandation et délai de traitement pour les demandes de consultation reçues d’autres organisations à l'extérieur du gouvernement du Canada,Number of Days Required to Complete Consultation Requests: 31 to 60 Days - Other,Nombre de jours requis pour traiter les demandes de consultation: 31 à 60 jours - Autre
Q30R6C4,7,Section 7: Consultations Received From Other Institutions and Organizations,Section 7 – Demandes de consultation reçues d’autres institutions et organisations,7.3,7.3 Recommendations and completion time for consultations received from other organizations outside the Government of Canada,7.3 Recommandation et délai de traitement pour les demandes de consultation reçues d’autres organisations à l'extérieur du gouvernement du Canada,Number of Days Required to Complete Consultation Requests: 61 to 120 Days - Other,Nombre de jours requis pour traiter les demandes de consultation: 61 à 120 jours - Autre
Q30R6C5,7,Section 7: Consultations Received From Other Institutions and Organizations,Section 7 – Demandes de consultation reçues d’autres institutions et organisations,7.3,7.3 Recommendations and completion time for consultations received from other organizations outside the Government of Canada,7.3 Recommandation et délai de traitement pour les demandes de consultation reçues d’autres organisations à l'extérieur du gouvernement du Canada,Number of Days Required to Complete Consultation Requests: 121 to 180 Days - Other,Nombre de jours requis pour traiter les demandes de consultation: 121 à 180 jours - Autre
Q30R6C6,7,Section 7: Consultations Received From Other Institutions and Organizations,Section 7 – Demandes de consultation reçues d’autres institutions et organisations,7.3,7.3 Recommendations and completion time for consultations received from other organizations outside the Government of Canada,7.3 Recommandation et délai de traitement pour les demandes de consultation reçues d’autres organisations à l'extérieur du gouvernement du Canada,Number of Days Required to Complete Consultation Requests: 181 to 365 Days - Other,Nombre de jours requis pour traiter les demandes de consultation: 181 à 365 jours - Autre
Q30R6C7,7,Section 7: Consultations Received From Other Institutions and Organizations,Section 7 – Demandes de consultation reçues d’autres institutions et organisations,7.3,7.3 Recommendations and completion time for consultations received from other organizations outside the Government of Canada,7.3 Recommandation et délai de traitement pour les demandes de consultation reçues d’autres organisations à l'extérieur du gouvernement du Canada,Number of Days Required to Complete Consultation Requests: More Than 365 Days - Other,Nombre de jours requis pour traiter les demandes de consultation: Plus de 365 jours - Autre
Q31R1C1,8,Section 8: Completion Time of Consultations on Cabinet Confidences,Section 8 – Délais de traitement des demandes de consultation sur les renseignements confidentiels du Cabinet,8.1,8.1 Requests with Legal Services,8.1 Demandes auprès des services juridiques,Fewer Than 500 Pages Processed: Number of Requests - 1 to 15,Moins de 500 pages traitées: Nombre de demandes - 1 à 15
Q31R1C2,8,Section 8: Completion Time of Consultations on Cabinet Confidences,Section 8 – Délais de traitement des demandes de consultation sur les renseignements confidentiels du Cabinet,8.1,8.1 Requests with Legal Services,8.1 Demandes auprès des services juridiques,Fewer Than 500 Pages Processed: Pages Disclosed - 1 to 15,Moins de 500 pages traitées: Pages communiquées - 1 à 15
Q31R1C5,8,Section 8: Completion Time of Consultations on Cabinet Confidences,Section 8 – Délais de traitement des demandes de consultation sur les renseignements confidentiels du Cabinet,8.1,8.1 Requests with Legal Services,8.1 Demandes auprès des services juridiques,500-10000 Pages Processed: Number of Requests - 1 to 15,De 500 à 10 000 pages traitées: Nombre de demandes - 1 à 15
Q31R1C6,8,Section 8: Completion Time of Consultations on Cabinet Confidences,Section 8 – Délais de traitement des demandes de consultation sur les renseignements confidentiels du Cabinet,8.1,8.1 Requests with Legal Services,8.1 Demandes auprès des services juridiques,500-10000 Pages Processed: Pages Disclosed - 1 to 15,De 500 à 10 000 pages traitées: Pages communiquées - 1 à 15
Q31R1C9,8,Section 8: Completion Time of Consultations on Cabinet Confidences,Section 8 – Délais de traitement des demandes de consultation sur les renseignements confidentiels du Cabinet,8.1,8.1 Requests with Legal Services,8.1 Demandes auprès des services juridiques,More Than 10000 Pages Processed: Number of Requests - 1 to 15,Plus de 10 000 pages traitées: Nombre de demandes - 1 à 15
Q31R1C10,8,Section 8: Completion Time of Consultations on Cabinet Confidences,Section 8 – Délais de traitement des demandes de consultation sur les renseignements confidentiels du Cabinet,8.1,8.1 Requests with Legal Services,8.1 Demandes auprès des services juridiques,More Than 10000 Pages Processed: Pages Disclosed - 1 to 15,Plus de 10 000 pages traitées: Pages communiquées - 1 à 15
Q31R2C1,8,Section 8: Completion Time of Consultations on Cabinet Confidences,Section 8 – Délais de traitement des demandes de consultation sur les renseignements confidentiels du Cabinet,8.1,8.1 Requests with Legal Services,8.1 Demandes auprès des services juridiques,Fewer Than 500 Pages Processed: Number of Requests - 16 to 30,Moins de 500 pages traitées: Nombre de demandes - 16 à 30
Q31R2C2,8,Section 8: Completion Time of Consultations on Cabinet Confidences,Section 8 – Délais de traitement des demandes de consultation sur les renseignements confidentiels du Cabinet,8.1,8.1 Requests with Legal Services,8.1 Demandes auprès des services juridiques,Fewer Than 500 Pages Processed: Pages Disclosed - 16 to 30,Moins de 500 pages traitées: Pages communiquées - 16 à 30
Q31R2C5,8,Section 8: Completion Time of Consultations on Cabinet Confidences,Section 8 – Délais de traitement des demandes de consultation sur les renseignements confidentiels du Cabinet,8.1,8.1 Requests with Legal Services,8.1 Demandes auprès des services juridiques,500-10000 Pages Processed: Number of Requests - 16 to 30,De 500 à 10 000 pages traitées: Nombre de demandes - 16 à 30
Q31R2C6,8,Section 8: Completion Time of Consultations on Cabinet Confidences,Section 8 – Délais de traitement des demandes de consultation sur les renseignements confidentiels du Cabinet,8.1,8.1 Requests with Legal Services,8.1 Demandes auprès des services juridiques,500-10000 Pages Processed: Pages Disclosed - 16 to 30,De 500 à 10 000 pages traitées: Pages communiquées - 16 à 30
Q31R2C9,8,Section 8: Completion Time of Consultations on Cabinet Confidences,Section 8 – Délais de traitement des demandes de consultation sur les renseignements confidentiels du Cabinet,8.1,8.1 Requests with Legal Services,8.1 Demandes auprès des services juridiques,More Than 10000 Pages Processed: Number of Requests - 16 to 30,Plus de 10 000 pages traitées: Nombre de demandes - 16 à 30
Q31R2C10,8,Section 8: Completion Time of Consultations on Cabinet Confidences,Section 8 – Délais de traitement des demandes de consultation sur les renseignements confidentiels du Cabinet,8.1,8.1 Requests with Legal Services,8.1 Demandes auprès des services juridiques,More Than 10000 Pages Processed: Pages Disclosed - 16 to 30,Plus de 10 000 pages traitées: Pages communiquées - 16 à 30
Q31R3C1,8,Section 8: Completion Time of Consultations on Cabinet Confidences,Section 8 – Délais de traitement des demandes de consultation sur les renseignements confidentiels du Cabinet,8.1,8.1 Requests with Legal Services,8.1 Demandes auprès des services juridiques,Fewer Than 500 Pages Processed: Number of Requests - 31 to 60,Moins de 500 pages traitées: Nombre de demandes - 31 à 60
Q31R3C2,8,Section 8: Completion Time of Consultations on Cabinet Confidences,Section 8 – Délais de traitement des demandes de consultation sur les renseignements confidentiels du Cabinet,8.1,8.1 Requests with Legal Services,8.1 Demandes auprès des services juridiques,Fewer Than 500 Pages Processed: Pages Disclosed - 31 to 60,Moins de 500 pages traitées: Pages communiquées - 31 à 60
Q31R3C5,8,Section 8: Completion Time of Consultations on Cabinet Confidences,Section 8 – Délais de traitement des demandes de consultation sur les renseignements confidentiels du Cabinet,8.1,8.1 Requests with Legal Services,8.1 Demandes auprès des services juridiques,500-10000 Pages Processed: Number of Requests - 31 to 60,De 500 à 10 000 pages traitées: Nombre de demandes - 31 à 60
Q31R3C6,8,Section 8: Completion Time of Consultations on Cabinet Confidences,Section 8 – Délais de traitement des demandes de consultation sur les renseignements confidentiels du Cabinet,8.1,8.1 Requests with Legal Services,8.1 Demandes auprès des services juridiques,500-10000 Pages Processed: Pages Disclosed - 31 to 60,De 500 à 10 000 pages traitées: Pages communiquées - 31 à 60
Q31R3C9,8,Section 8: Completion Time of Consultations on Cabinet Confidences,Section 8 – Délais de traitement des demandes de consultation sur les renseignements confidentiels du Cabinet,8.1,8.1 Requests with Legal Services,8.1 Demandes auprès des services juridiques,More Than 10000 Pages Processed: Number of Requests - 31 to 60,Plus de 10 000 pages traitées: Nombre de demandes - 31 à 60
Q31R3C10,8,Section 8: Completion Time of Consultations on Cabinet Confidences,Section 8 – Délais de traitement des demandes de consultation sur les renseignements confidentiels du Cabinet,8.1,8.1 Requests with Legal Services,8.1 Demandes auprès des services juridiques,More Than 10000 Pages Processed: Pages Disclosed - 31 to 60,Plus de 10 000 pages traitées: Pages communiquées - 31 à 60
Q31R4C1,8,Section 8: Completion Time of Consultations on Cabinet Confidences,Section 8 – Délais de traitement des demandes de consultation sur les renseignements confidentiels du Cabinet,8.1,8.1 Requests with Legal Services,8.1 Demandes auprès des services juridiques,Fewer Than 500 Pages Processed: Number of Requests - 61 to 120,Moins de 500 pages traitées: Nombre de demandes - 61 à 120
Q31R4C2,8,Section 8: Completion Time of Consultations on Cabinet Confidences,Section 8 – Délais de traitement des demandes de consultation sur les renseignements confidentiels du Cabinet,8.1,8.1 Requests with Legal Services,8.1 Demandes auprès des services juridiques,Fewer Than 500 Pages Processed: Pages Disclosed - 61 to 120,Moins de 500 pages traitées: Pages communiquées - 61 à 120
Q31R4C5,8,Section 8: Completion Time of Consultations on Cabinet Confidences,Section 8 – Délais de traitement des demandes de consultation sur les renseignements confidentiels du Cabinet,8.1,8.1 Requests with Legal Services,8.1 Demandes auprès des services juridiques,500-10000 Pages Processed: Number of Requests - 61 to 120,De 500 à 10 000 pages traitées: Nombre de demandes - 61 à 120
Q31R4C6,8,Section 8: Completion Time of Consultations on Cabinet Confidences,Section 8 – Délais de traitement des demandes de consultation sur les renseignements confidentiels du Cabinet,8.1,8.1 Requests with Legal Services,8.1 Demandes auprès des services juridiques,500-10000 Pages Processed: Pages Disclosed - 61 to 120,De 500 à 10 000 pages traitées: Pages communiquées - 61 à 120
Q31R4C9,8,Section 8: Completion Time of Consultations on Cabinet Confidences,Section 8 – Délais de traitement des demandes de consultation sur les renseignements confidentiels du Cabinet,8.1,8.1 Requests with Legal Services,8.1 Demandes auprès des services juridiques,More Than 10000 Pages Processed: Number of Requests - 61 to 120,Plus de 10 000 pages traitées: Nombre de demandes - 61 à 120
Q31R4C10,8,Section 8: Completion Time of Consultations on Cabinet Confidences,Section 8 – Délais de traitement des demandes de consultation sur les renseignements confidentiels du Cabinet,8.1,8.1 Requests with Legal Services,8.1 Demandes auprès des services juridiques,More Than 10000 Pages Processed: Pages Disclosed - 61 to 120,Plus de 10 000 pages traitées: Pages communiquées - 61 à 120
Q31R5C1,8,Section 8: Completion Time of Consultations on Cabinet Confidences,Section 8 – Délais de traitement des demandes de consultation sur les renseignements confidentiels du Cabinet,8.1,8.1 Requests with Legal Services,8.1 Demandes auprès des services juridiques,Fewer Than 500 Pages Processed: Number of Requests - 121 to 180,Moins de 500 pages traitées: Nombre de demandes - 121 à 180
Q31R5C2,8,Section 8: Completion Time of Consultations on Cabinet Confidences,Section 8 – Délais de traitement des demandes de consultation sur les renseignements confidentiels du Cabinet,8.1,8.1 Requests with Legal Services,8.1 Demandes auprès des services juridiques,Fewer Than 500 Pages Processed: Pages Disclosed - 121 to 180,Moins de 500 pages traitées: Pages communiquées - 121 à 180
Q31R5C5,8,Section 8: Completion Time of Consultations on Cabinet Confidences,Section 8 – Délais de traitement des demandes de consultation sur les renseignements confidentiels du Cabinet,8.1,8.1 Requests with Legal Services,8.1 Demandes auprès des services juridiques,500-10000 Pages Processed: Number of Requests - 121 to 180,De 500 à 10 000 pages traitées: Nombre de demandes - 121 à 180
Q31R5C6,8,Section 8: Completion Time of Consultations on Cabinet Confidences,Section 8 – Délais de traitement des demandes de consultation sur les renseignements confidentiels du Cabinet,8.1,8.1 Requests with Legal Services,8.1 Demandes auprès des services juridiques,500-10000 Pages Processed: Pages Disclosed - 121 to 180,De 500 à 10 000 pages traitées: Pages communiquées - 121 à 180
Q31R5C9,8,Section 8: Completion Time of Consultations on Cabinet Confidences,Section 8 – Délais de traitement des demandes de consultation sur les renseignements confidentiels du Cabinet,8.1,8.1 Requests with Legal Services,8.1 Demandes auprès des services juridiques,More Than 10000 Pages Processed: Number of Requests - 121 to 180,Plus de 10 000 pages traitées: Nombre de demandes - 121 à 180
Q31R5C10,8,Section 8: Completion Time of Consultations on Cabinet Confidences,Section 8 – Délais de traitement des demandes de consultation sur les renseignements confidentiels du Cabinet,8.1,8.1 Requests with Legal Services,8.1 Demandes auprès des services juridiques,More Than 10000 Pages Processed: Pages Disclosed - 121 to 180,Plus de 10 000 pages traitées: Pages communiquées - 121 à 180
Q31R6C1,8,Section 8: Completion Time of Consultations on Cabinet Confidences,Section 8 – Délais de traitement des demandes de consultation sur les renseignements confidentiels du Cabinet,8.1,8.1 Requests with Legal Services,8.1 Demandes auprès des services juridiques,Fewer Than 500 Pages Processed: Number of Requests - 181 to 365,Moins de 500 pages traitées: Nombre de demandes - 181 à 365
Q31R6C2,8,Section 8: Completion Time of Consultations on Cabinet Confidences,Section 8 – Délais de traitement des demandes de consultation sur les renseignements confidentiels du Cabinet,8.1,8.1 Requests with Legal Services,8.1 Demandes auprès des services juridiques,Fewer Than 500 Pages Processed: Pages Disclosed - 181 to 365,Moins de 500 pages traitées: Pages communiquées - 181 à 365
Q31R6C5,8,Section 8: Completion Time of Consultations on Cabinet Confidences,Section 8 – Délais de traitement des demandes de consultation sur les renseignements confidentiels du Cabinet,8.1,8.1 Requests with Legal Services,8.1 Demandes auprès des services juridiques,500-10000 Pages Processed: Number of Requests - 181 to 365,De 500 à 10 000 pages traitées: Nombre de demandes - 181 à 365
Q31R6C6,8,Section 8: Completion Time of Consultations on Cabinet Confidences,Section 8 – Délais de traitement des demandes de consultation sur les renseignements confidentiels du Cabinet,8.1,8.1 Requests with Legal Services,8.1 Demandes auprès des services juridiques,500-10000 Pages Processed: Pages Disclosed - 181 to 365,De 500 à 10 000 pages traitées: Pages communiquées - 181 à 365
Q31R6C9,8,Section 8: Completion Time of Consultations on Cabinet Confidences,Section 8 – Délais de traitement des demandes de consultation sur les renseignements confidentiels du Cabinet,8.1,8.1 Requests with Legal Services,8.1 Demandes auprès des services juridiques,More Than 10000 Pages Processed: Number of Requests - 181 to 365,Plus de 10 000 pages traitées: Nombre de demandes - 181 à 365
Q31R6C10,8,Section 8: Completion Time of Consultations on Cabinet Confidences,Section 8 – Délais de traitement des demandes de consultation sur les renseignements confidentiels du Cabinet,8.1,8.1 Requests with Legal Services,8.1 Demandes auprès des services juridiques,More Than 10000 Pages Processed: Pages Disclosed - 181 to 365,Plus de 10 000 pages traitées: Pages communiquées - 181 à 365
Q31R7C1,8,Section 8: Completion Time of Consultations on Cabinet Confidences,Section 8 – Délais de traitement des demandes de consultation sur les renseignements confidentiels du Cabinet,8.1,8.1 Requests with Legal Services,8.1 Demandes auprès des services juridiques,Fewer Than 500 Pages Processed: Number of Requests - More than 365,Moins de 500 pages traitées: Nombre de demandes - Plus de 365
Q31R7C2,8,Section 8: Completion Time of Consultations on Cabinet Confidences,Section 8 – Délais de traitement des demandes de consultation sur les renseignements confidentiels du Cabinet,8.1,8.1 Requests with Legal Services,8.1 Demandes auprès des services juridiques,Fewer Than 500 Pages Processed: Pages Disclosed - More than 365,Moins de 500 pages traitées: Pages communiquées - Plus de 365
Q31R7C5,8,Section 8: Completion Time of Consultations on Cabinet Confidences,Section 8 – Délais de traitement des demandes de consultation sur les renseignements confidentiels du Cabinet,8.1,8.1 Requests with Legal Services,8.1 Demandes auprès des services juridiques,500-10000 Pages Processed: Number of Requests - More than 365,De 500 à 10 000 pages traitées: Nombre de demandes - Plus de 365
Q31R7C6,8,Section 8: Completion Time of Consultations on Cabinet Confidences,Section 8 – Délais de traitement des demandes de consultation sur les renseignements confidentiels du Cabinet,8.1,8.1 Requests with Legal Services,8.1 Demandes auprès des services juridiques,500-10000 Pages Processed: Pages Disclosed - More than 365,De 500 à 10 000 pages traitées: Pages communiquées - Plus de 365
Q31R7C9,8,Section 8: Completion Time of Consultations on Cabinet Confidences,Section 8 – Délais de traitement des demandes de consultation sur les renseignements confidentiels du Cabinet,8.1,8.1 Requests with Legal Services,8.1 Demandes auprès des services juridiques,More Than 10000 Pages Processed: Number of Requests - More than 365,Plus de 10 000 pages traitées: Nombre de demandes - Plus de 365
Q31R7C10,8,Section 8: Completion Time of Consultations on Cabinet Confidences,Section 8 – Délais de traitement des demandes de consultation sur les renseignements confidentiels du Cabinet,8.1,8.1 Requests with Legal Services,8.1 Demandes auprès des services juridiques,More Than 10000 Pages Processed: Pages Disclosed - More than 365,Plus de 10 000 pages traitées: Pages communiquées - Plus de 365
Q32R1C1,8,Section 8: Completion Time of Consultations on Cabinet Confidences,Section 8 – Délais de traitement des demandes de consultation sur les renseignements confidentiels du Cabinet,8.2,8.2 Requests with Privy Council Office,8.2 Demandes auprès du Bureau du Conseil privé,Fewer Than 500 Pages Processed: Number of Requests - 1 to 15,Moins de 500 pages traitées: Nombre de demandes - 1 à 15
Q32R1C2,8,Section 8: Completion Time of Consultations on Cabinet Confidences,Section 8 – Délais de traitement des demandes de consultation sur les renseignements confidentiels du Cabinet,8.2,8.2 Requests with Privy Council Office,8.2 Demandes auprès du Bureau du Conseil privé,Fewer Than 500 Pages Processed: Pages Disclosed - 1 to 15,Moins de 500 pages traitées: Pages communiquées - 1 à 15
Q32R1C5,8,Section 8: Completion Time of Consultations on Cabinet Confidences,Section 8 – Délais de traitement des demandes de consultation sur les renseignements confidentiels du Cabinet,8.2,8.2 Requests with Privy Council Office,8.2 Demandes auprès du Bureau du Conseil privé,500-10000 Pages Processed: Number of Requests - 1 to 15,De 500 à 10 000 pages traitées: Nombre de demandes - 1 à 15
Q32R1C6,8,Section 8: Completion Time of Consultations on Cabinet Confidences,Section 8 – Délais de traitement des demandes de consultation sur les renseignements confidentiels du Cabinet,8.2,8.2 Requests with Privy Council Office,8.2 Demandes auprès du Bureau du Conseil privé,500-10000 Pages Processed: Pages Disclosed - 1 to 15,De 500 à 10 000 pages traitées: Pages communiquées - 1 à 15
Q32R1C9,8,Section 8: Completion Time of Consultations on Cabinet Confidences,Section 8 – Délais de traitement des demandes de consultation sur les renseignements confidentiels du Cabinet,8.2,8.2 Requests with Privy Council Office,8.2 Demandes auprès du Bureau du Conseil privé,More Than 10000 Pages Processed: Number of Requests - 1 to 15,Plus de 10 000 pages traitées: Nombre de demandes - 1 à 15
Q32R1C10,8,Section 8: Completion Time of Consultations on Cabinet Confidences,Section 8 – Délais de traitement des demandes de consultation sur les renseignements confidentiels du Cabinet,8.2,8.2 Requests with Privy Council Office,8.2 Demandes auprès du Bureau du Conseil privé,More Than 10000 Pages Processed: Pages Disclosed - 1 to 15,Plus de 10 000 pages traitées: Pages communiquées - 1 à 15
Q32R2C1,8,Section 8: Completion Time of Consultations on Cabinet Confidences,Section 8 – Délais de traitement des demandes de consultation sur les renseignements confidentiels du Cabinet,8.2,8.2 Requests with Privy Council Office,8.2 Demandes auprès du Bureau du Conseil privé,Fewer Than 500 Pages Processed: Number of Requests - 16 to 30,Moins de 500 pages traitées: Nombre de demandes - 16 à 30
Q32R2C2,8,Section 8: Completion Time of Consultations on Cabinet Confidences,Section 8 – Délais de traitement des demandes de consultation sur les renseignements confidentiels du Cabinet,8.2,8.2 Requests with Privy Council Office,8.2 Demandes auprès du Bureau du Conseil privé,Fewer Than 500 Pages Processed: Pages Disclosed - 16 to 30,Moins de 500 pages traitées: Pages communiquées - 16 à 30
Q32R2C5,8,Section 8: Completion Time of Consultations on Cabinet Confidences,Section 8 – Délais de traitement des demandes de consultation sur les renseignements confidentiels du Cabinet,8.2,8.2 Requests with Privy Council Office,8.2 Demandes auprès du Bureau du Conseil privé,500-10000 Pages Processed: Number of Requests - 16 to 30,De 500 à 10 000 pages traitées: Nombre de demandes - 16 à 30
Q32R2C6,8,Section 8: Completion Time of Consultations on Cabinet Confidences,Section 8 – Délais de traitement des demandes de consultation sur les renseignements confidentiels du Cabinet,8.2,8.2 Requests with Privy Council Office,8.2 Demandes auprès du Bureau du Conseil privé,500-10000 Pages Processed: Pages Disclosed - 16 to 30,De 500 à 10 000 pages traitées: Pages communiquées - 16 à 30
Q32R2C9,8,Section 8: Completion Time of Consultations on Cabinet Confidences,Section 8 – Délais de traitement des demandes de consultation sur les renseignements confidentiels du Cabinet,8.2,8.2 Requests with Privy Council Office,8.2 Demandes auprès du Bureau du Conseil privé,More Than 10000 Pages Processed: Number of Requests - 16 to 30,Plus de 10 000 pages traitées: Nombre de demandes - 16 à 30
Q32R2C10,8,Section 8: Completion Time of Consultations on Cabinet Confidences,Section 8 – Délais de traitement des demandes de consultation sur les renseignements confidentiels du Cabinet,8.2,8.2 Requests with Privy Council Office,8.2 Demandes auprès du Bureau du Conseil privé,More Than 10000 Pages Processed: Pages Disclosed - 16 to 30,Plus de 10 000 pages traitées: Pages communiquées - 16 à 30
Q32R3C1,8,Section 8: Completion Time of Consultations on Cabinet Confidences,Section 8 – Délais de traitement des demandes de consultation sur les renseignements confidentiels du Cabinet,8.2,8.2 Requests with Privy Council Office,8.2 Demandes auprès du Bureau du Conseil privé,Fewer Than 500 Pages Processed: Number of Requests - 31 to 60,Moins de 500 pages traitées: Nombre de demandes - 31 à 60
Q32R3C2,8,Section 8: Completion Time of Consultations on Cabinet Confidences,Section 8 – Délais de traitement des demandes de consultation sur les renseignements confidentiels du Cabinet,8.2,8.2 Requests with Privy Council Office,8.2 Demandes auprès du Bureau du Conseil privé,Fewer Than 500 Pages Processed: Pages Disclosed - 31 to 60,Moins de 500 pages traitées: Pages communiquées - 31 à 60
Q32R3C5,8,Section 8: Completion Time of Consultations on Cabinet Confidences,Section 8 – Délais de traitement des demandes de consultation sur les renseignements confidentiels du Cabinet,8.2,8.2 Requests with Privy Council Office,8.2 Demandes auprès du Bureau du Conseil privé,500-10000 Pages Processed: Number of Requests - 31 to 60,De 500 à 10 000 pages traitées: Nombre de demandes - 31 à 60
Q32R3C6,8,Section 8: Completion Time of Consultations on Cabinet Confidences,Section 8 – Délais de traitement des demandes de consultation sur les renseignements confidentiels du Cabinet,8.2,8.2 Requests with Privy Council Office,8.2 Demandes auprès du Bureau du Conseil privé,500-10000 Pages Processed: Pages Disclosed - 31 to 60,De 500 à 10 000 pages traitées: Pages communiquées - 31 à 60
Q32R3C9,8,Section 8: Completion Time of Consultations on Cabinet Confidences,Section 8 – Délais de traitement des demandes de consultation sur les renseignements confidentiels du Cabinet,8.2,8.2 Requests with Privy Council Office,8.2 Demandes auprès du Bureau du Conseil privé,More Than 10000 Pages Processed: Number of Requests - 31 to 60,Plus de 10 000 pages traitées: Nombre de demandes - 31 à 60
Q32R3C10,8,Section 8: Completion Time of Consultations on Cabinet Confidences,Section 8 – Délais de traitement des demandes de consultation sur les renseignements confidentiels du Cabinet,8.2,8.2 Requests with Privy Council Office,8.2 Demandes auprès du Bureau du Conseil privé,More Than 10000 Pages Processed: Pages Disclosed - 31 to 60,Plus de 10 000 pages traitées: Pages communiquées - 31 à 60
Q32R4C1,8,Section 8: Completion Time of Consultations on Cabinet Confidences,Section 8 – Délais de traitement des demandes de consultation sur les renseignements confidentiels du Cabinet,8.2,8.2 Requests with Privy Council Office,8.2 Demandes auprès du Bureau du Conseil privé,Fewer Than 500 Pages Processed: Number of Requests - 61 to 120,Moins de 500 pages traitées: Nombre de demandes - 61 à 120
Q32R4C2,8,Section 8: Completion Time of Consultations on Cabinet Confidences,Section 8 – Délais de traitement des demandes de consultation sur les renseignements confidentiels du Cabinet,8.2,8.2 Requests with Privy Council Office,8.2 Demandes auprès du Bureau du Conseil privé,Fewer Than 500 Pages Processed: Pages Disclosed - 61 to 120,Moins de 500 pages traitées: Pages communiquées - 61 à 120
Q32R4C5,8,Section 8: Completion Time of Consultations on Cabinet Confidences,Section 8 – Délais de traitement des demandes de consultation sur les renseignements confidentiels du Cabinet,8.2,8.2 Requests with Privy Council Office,8.2 Demandes auprès du Bureau du Conseil privé,500-10000 Pages Processed: Number of Requests - 61 to 120,De 500 à 10 000 pages traitées: Nombre de demandes - 61 à 120
Q32R4C6,8,Section 8: Completion Time of Consultations on Cabinet Confidences,Section 8 – Délais de traitement des demandes de consultation sur les renseignements confidentiels du Cabinet,8.2,8.2 Requests with Privy Council Office,8.2 Demandes auprès du Bureau du Conseil privé,500-10000 Pages Processed: Pages Disclosed - 61 to 120,De 500 à 10 000 pages traitées: Pages communiquées - 61 à 120
Q32R4C9,8,Section 8: Completion Time of Consultations on Cabinet Confidences,Section 8 – Délais de traitement des demandes de consultation sur les renseignements confidentiels du Cabinet,8.2,8.2 Requests with Privy Council Office,8.2 Demandes auprès du Bureau du Conseil privé,More Than 10000 Pages Processed: Number of Requests - 61 to 120,Plus de 10 000 pages traitées: Nombre de demandes - 61 à 120
Q32R4C10,8,Section 8: Completion Time of Consultations on Cabinet Confidences,Section 8 – Délais de traitement des demandes de consultation sur les renseignements confidentiels du Cabinet,8.2,8.2 Requests with Privy Council Office,8.2 Demandes auprès du Bureau du Conseil privé,More Than 10000 Pages Processed: Pages Disclosed - 61 to 120,Plus de 10 000 pages traitées: Pages communiquées - 61 à 120
Q32R5C1,8,Section 8: Completion Time of Consultations on Cabinet Confidences,Section 8 – Délais de traitement des demandes de consultation sur les renseignements confidentiels du Cabinet,8.2,8.2 Requests with Privy Council Office,8.2 Demandes auprès du Bureau du Conseil privé,Fewer Than 500 Pages Processed: Number of Requests - 121 to 180,Moins de 500 pages traitées: Nombre de demandes - 121 à 180
Q32R5C2,8,Section 8: Completion Time of Consultations on Cabinet Confidences,Section 8 – Délais de traitement des demandes de consultation sur les renseignements confidentiels du Cabinet,8.2,8.2 Requests with Privy Council Office,8.2 Demandes auprès du Bureau du Conseil privé,Fewer Than 500 Pages Processed: Pages Disclosed - 121 to 180,Moins de 500 pages traitées: Pages communiquées - 121 à 180
Q32R5C5,8,Section 8: Completion Time of Consultations on Cabinet Confidences,Section 8 – Délais de traitement des demandes de consultation sur les renseignements confidentiels du Cabinet,8.2,8.2 Requests with Privy Council Office,8.2 Demandes auprès du Bureau du Conseil privé,500-10000 Pages Processed: Number of Requests - 121 to 180,De 500 à 10 000 pages traitées: Nombre de demandes - 121 à 180
Q32R5C6,8,Section 8: Completion Time of Consultations on Cabinet Confidences,Section 8 – Délais de traitement des demandes de consultation sur les renseignements confidentiels du Cabinet,8.2,8.2 Requests with Privy Council Office,8.2 Demandes auprès du Bureau du Conseil privé,500-10000 Pages Processed: Pages Disclosed - 121 to 180,De 500 à 10 000 pages traitées: Pages communiquées - 121 à 180
Q32R5C9,8,Section 8: Completion Time of Consultations on Cabinet Confidences,Section 8 – Délais de traitement des demandes de consultation sur les renseignements confidentiels du Cabinet,8.2,8.2 Requests with Privy Council Office,8.2 Demandes auprès du Bureau du Conseil privé,More Than 10000 Pages Processed: Number of Requests - 121 to 180,Plus de 10 000 pages traitées: Nombre de demandes - 121 à 180
Q32R5C10,8,Section 8: Completion Time of Consultations on Cabinet Confidences,Section 8 – Délais de traitement des demandes de consultation sur les renseignements confidentiels du Cabinet,8.2,8.2 Requests with Privy Council Office,8.2 Demandes auprès du Bureau du Conseil privé,More Than 10000 Pages Processed: Pages Disclosed - 121 to 180,Plus de 10 000 pages traitées: Pages communiquées - 121 à 180
Q32R6C1,8,Section 8: Completion Time of Consultations on Cabinet Confidences,Section 8 – Délais de traitement des demandes de consultation sur les renseignements confidentiels du Cabinet,8.2,8.2 Requests with Privy Council Office,8.2 Demandes auprès du Bureau du Conseil privé,Fewer Than 500 Pages Processed: Number of Requests - 181 to 365,Moins de 500 pages traitées: Nombre de demandes - 181 à 365
Q32R6C2,8,Section 8: Completion Time of Consultations on Cabinet Confidences,Section 8 – Délais de traitement des demandes de consultation sur les renseignements confidentiels du Cabinet,8.2,8.2 Requests with Privy Council Office,8.2 Demandes auprès du Bureau du Conseil privé,Fewer Than 500 Pages Processed: Pages Disclosed - 181 to 365,Moins de 500 pages traitées: Pages communiquées - 181 à 365
Q32R6C5,8,Section 8: Completion Time of Consultations on Cabinet Confidences,Section 8 – Délais de traitement des demandes de consultation sur les renseignements confidentiels du Cabinet,8.2,8.2 Requests with Privy Council Office,8.2 Demandes auprès du Bureau du Conseil privé,500-10000 Pages Processed: Number of Requests - 181 to 365,De 500 à 10 000 pages traitées: Nombre de demandes - 181 à 365
Q32R6C6,8,Section 8: Completion Time of Consultations on Cabinet Confidences,Section 8 – Délais de traitement des demandes de consultation sur les renseignements confidentiels du Cabinet,8.2,8.2 Requests with Privy Council Office,8.2 Demandes auprès du Bureau du Conseil privé,500-10000 Pages Processed: Pages Disclosed - 181 to 365,De 500 à 10 000 pages traitées: Pages communiquées - 181 à 365
Q32R6C9,8,Section 8: Completion Time of Consultations on Cabinet Confidences,Section 8 – Délais de traitement des demandes de consultation sur les renseignements confidentiels du Cabinet,8.2,8.2 Requests with Privy Council Office,8.2 Demandes auprès du Bureau du Conseil privé,More Than 10000 Pages Processed: Number of Requests - 181 to 365,Plus de 10 000 pages traitées: Nombre de demandes - 181 à 365
Q32R6C10,8,Section 8: Completion Time of Consultations on Cabinet Confidences,Section 8 – Délais de traitement des demandes de consultation sur les renseignements confidentiels du Cabinet,8.2,8.2 Requests with Privy Council Office,8.2 Demandes auprès du Bureau du Conseil privé,More Than 10000 Pages Processed: Pages Disclosed - 181 to 365,Plus de 10 000 pages traitées: Pages communiquées - 181 à 365
Q32R7C1,8,Section 8: Completion Time of Consultations on Cabinet Confidences,Section 8 – Délais de traitement des demandes de consultation sur les renseignements confidentiels du Cabinet,8.2,8.2 Requests with Privy Council Office,8.2 Demandes auprès du Bureau du Conseil privé,Fewer Than 500 Pages Processed: Number of Requests - More than 365,Moins de 500 pages traitées: Nombre de demandes - Plus de 365
Q32R7C2,8,Section 8: Completion Time of Consultations on Cabinet Confidences,Section 8 – Délais de traitement des demandes de consultation sur les renseignements confidentiels du Cabinet,8.2,8.2 Requests with Privy Council Office,8.2 Demandes auprès du Bureau du Conseil privé,Fewer Than 500 Pages Processed: Pages Disclosed - More than 365,Moins de 500 pages traitées: Pages communiquées - Plus de 365
Q32R7C5,8,Section 8: Completion Time of Consultations on Cabinet Confidences,Section 8 – Délais de traitement des demandes de consultation sur les renseignements confidentiels du Cabinet,8.2,8.2 Requests with Privy Council Office,8.2 Demandes auprès du Bureau du Conseil privé,500-10000 Pages Processed: Number of Requests - More than 365,De 500 à 10 000 pages traitées: Nombre de demandes - Plus de 365
Q32R7C6,8,Section 8: Completion Time of Consultations on Cabinet Confidences,Section 8 – Délais de traitement des demandes de consultation sur les renseignements confidentiels du Cabinet,8.2,8.2 Requests with Privy Council Office,8.2 Demandes auprès du Bureau du Conseil privé,500-10000 Pages Processed: Pages Disclosed - More than 365,De 500 à 10 000 pages traitées: Pages communiquées - Plus de 365
Q32R7C9,8,Section 8: Completion Time of Consultations on Cabinet Confidences,Section 8 – Délais de traitement des demandes de consultation sur les renseignements confidentiels du Cabinet,8.2,8.2 Requests with Privy Council Office,8.2 Demandes auprès du Bureau du Conseil privé,More Than 10000 Pages Processed: Number of Requests - More than 365,Plus de 10 000 pages traitées: Nombre de demandes - Plus de 365
Q32R7C10,8,Section 8: Completion Time of Consultations on Cabinet Confidences,Section 8 – Délais de traitement des demandes de consultation sur les renseignements confidentiels du Cabinet,8.2,8.2 Requests with Privy Council Office,8.2 Demandes auprès du Bureau du Conseil privé,More Than 10000 Pages Processed: Pages Disclosed - More than 365,Plus de 10 000 pages traitées: Pages communiquées - Plus de 365
Q33R1C1,9,Section 9: Investigations and Reports of finding,Section 9 – Enquêtes et compte rendus de conclusion,9.1,9.1 Investigations,9.1 Enquêtes,Section 32 Notice of intention to investigate,Article 32 Avis d’enquête
Q33R1C2,9,Section 9: Investigations and Reports of finding,Section 9 – Enquêtes et compte rendus de conclusion,9.1,9.1 Investigations,9.1 Enquêtes,Subsection 30(5) Ceased to investigate,Paragraphe 30(5) Cessation de l’enquête
Q33R1C3,9,Section 9: Investigations and Reports of finding,Section 9 – Enquêtes et compte rendus de conclusion,9.1,9.1 Investigations,9.1 Enquêtes,Section 35 Formal Representations,Paragraphe 35 Présenter des observations
Q34R1C1,9,Section 9: Investigations and Reports of finding,Section 9 – Enquêtes et compte rendus de conclusion,9.2,9.2 Investigations and Reports of finding,9.2 Enquêtes et rapports des conclusions,Subsection 37(1) Initial Reports - Received,Paragraphe 37(1) Comptes rendus initiaux - Reçus
Q34R1C2,9,Section 9: Investigations and Reports of finding,Section 9 – Enquêtes et compte rendus de conclusion,9.2,9.2 Investigations and Reports of finding,9.2 Enquêtes et rapports des conclusions,Subsection 37(1) Initial Reports - Containing recommendations issued by the Information Commissioner,Paragraphe 37(1) Comptes rendus initiaux - Contenant des recommandations émis par la Commissaire à l’information
Q34R1C3,9,Section 9: Investigations and Reports of finding,Section 9 – Enquêtes et compte rendus de conclusion,9.2,9.2 Investigations and Reports of finding,9.2 Enquêtes et rapports des conclusions,Subsection 37(1) Initial Reports - Containing an intent to issue an order by the Information Commissioner,Paragraphe 37(1) Comptes rendus initiaux - Contenant une intention d'émettre une ordonnance par la Commissaire à l'information
Q34R1C4,9,Section 9: Investigations and Reports of finding,Section 9 – Enquêtes et compte rendus de conclusion,9.2,9.2 Investigations and Reports of finding,9.2 Enquêtes et rapports des conclusions,Subsection 37(2) Final Reports - Received,Paragraphe 37(2) Comptes rendus finaux - Reçus
Q34R1C5,9,Section 9: Investigations and Reports of finding,Section 9 – Enquêtes et compte rendus de conclusion,9.2,9.2 Investigations and Reports of finding,9.2 Enquêtes et rapports des conclusions,Subsection 37(2) Final Reports - Containing recommendations issued by the Information Commissioner,Paragraphe 37(2) Comptes rendus finaux - Contenant des recommandations émis par la Commissaire à l’information
Q34R1C6,9,Section 9: Investigations and Reports of finding,Section 9 – Enquêtes et compte rendus de conclusion,9.2,9.2 Investigations and Reports of finding,9.2 Enquêtes et rapports des conclusions,Subsection 37(2) Final Reports - Containing orders issued by the Information Commissioner,Paragraphe 37(2) Comptes rendus finaux - Contenant des ordonnances émis par la Commissaire à l’information
Q35R1C1,10,Section 10: Court Action,Section 10 – Recours judiciaire,10.1,10.1 Court actions on complaints,10.1 Recours judiciaires sur les plaintes,Section 41 - Complainant (1),Article 41 - Plaignant (1)
Q35R1C2,10,Section 10: Court Action,Section 10 – Recours judiciaire,10.1,10.1 Court actions on complaints,10.1 Recours judiciaires sur les plaintes,Section 41 - Institution (2),Article 41 - Institution (2)
Q35R1C3,10,Section 10: Court Action,Section 10 – Recours judiciaire,10.1,10.1 Court actions on complaints,10.1 Recours judiciaires sur les plaintes,Section 41 - Third Party (3),Article 41 - Tier (3)
Q35R1C4,10,Section 10: Court Action,Section 10 – Recours judiciaire,10.1,10.1 Court actions on complaints,10.1 Recours judiciaires sur les plaintes,Section 41 - Privacy Commissioner (4),Article 41 - Commissaire à la protection de la vie privée (4)
Q36R1C1,10,Section 10: Court Action,Section 10 – Recours judiciaire,10.2,10.2 Court actions on third party notifications under paragraph 28(1)(b),10.2 Recours judiciaires sur les plaintes de tiers en vertu de l'alinéa 28(1)b),Section 44 - under paragraph 28(1)(b),Article 44 - en vertu de l'alinéa 28(1)b)
Q37R1C1,11,Section 11: Resources Related to the Access to Information Act,Section 11 – Ressources liées à la Loi sur l’accès à l’information,11.1,11.1 Allocated Costs,11.1 Coûts,Amount - Salaries,Montant - Salaires
Q37R2C1,11,Section 11: Resources Related to the Access to Information Act,Section 11 – Ressources liées à la Loi sur l’accès à l’information,11.1,11.1 Allocated Costs,11.1 Coûts,Amount - Overtime,Montant - Heures supplémentaires
Q37R3C1,11,Section 11: Resources Related to the Access to Information Act,Section 11 – Ressources liées à la Loi sur l’accès à l’information,11.1,11.1 Allocated Costs,11.1 Coûts,Amount - Goods and Services,Montant - Biens et services
Q37R4C1,11,Section 11: Resources Related to the Access to Information Act,Section 11 – Ressources liées à la Loi sur l’accès à l’information,11.1,11.1 Allocated Costs,11.1 Coûts,Expenditures - Professional services contracts,Dépenses - Contrats de services professionnels
Q37R5C1,11,Section 11: Resources Related to the Access to Information Act,Section 11 – Ressources liées à la Loi sur l’accès à l’information,11.1,11.1 Allocated Costs,11.1 Coûts,Expenditures - Other,Dépenses - Autres
Q38R1C1,11,Section 11: Resources Related to the Access to Information Act,Section 11 – Ressources liées à la Loi sur l’accès à l’information,11.2,11.2 Human Resources,11.2 Ressources humaines,Person Years Dedicated to Access to Information Activities - Full-time employees,Années-personnes consacrées aux activités liées à l’accès à l’information - Employés à temps plein
Q38R2C1,11,Section 11: Resources Related to the Access to Information Act,Section 11 – Ressources liées à la Loi sur l’accès à l’information,11.2,11.2 Human Resources,11.2 Ressources humaines,Person Years Dedicated to Access to Information Activities - Part-time and casual employees,Années-personnes consacrées aux activités liées à l’accès à l’information - Employés à temps partiel et occasionnels
Q38R3C1,11,Section 11: Resources Related to the Access to Information Act,Section 11 – Ressources liées à la Loi sur l’accès à l’information,11.2,11.2 Human Resources,11.2 Ressources humaines,Person Years Dedicated to Access to Information Activities - Regional staff,Années-personnes consacrées aux activités liées à l’accès à l’information - Employés régionaux
Q38R4C1,11,Section 11: Resources Related to the Access to Information Act,Section 11 – Ressources liées à la Loi sur l’accès à l’information,11.2,11.2 Human Resources,11.2 Ressources humaines,Person Years Dedicated to Access to Information Activities - Consultants and agency personnel,Années-personnes consacrées aux activités liées à l’accès à l’information - Experts-conseils et personnel d’agence
Q38R5C1,11,Section 11: Resources Related to the Access to Information Act,Section 11 – Ressources liées à la Loi sur l’accès à l’information,11.2,11.2 Human Resources,11.2 Ressources humaines,Person Years Dedicated to Access to Information Activities - Students,Années-personnes consacrées aux activités liées à l’accès à l’information - Étudiants
