id,section_number,section_name_en,section_name_fr,subsection_number,subsection_name_en,subsection_name_fr,title_en,title_fr,id_2025_26
NameOfInstitution,,General Information,Informations générales,,Identification,Identification,N/A,N/A,NameOfInstitution
ReportingPeriodStart,,Reporting period:,Période d’établissement de rapport :,,Start Date,Date de début,N/A,N/A,ReportingPeriodStart
ReportingPeriodEnd,,Reporting period:,Période d’établissement de rapport :,,End Date,Date de fin,N/A,N/A,ReportingPeriodEnd
Q1_1Row1Cell1,1,Section 1: Requests under thePrivacy Act,Section 1 : Demandes en vertu de laLoi sur la protection des renseignements personnels,1.1,1.1 Number of requests received,1.1 Nombre de demandes,Requests under the Access to Information Act: Number of Requests - Received during reporting period,Demandes en vertu de la Loi sur l’accès à l’information : Nombre de demandes - Reçues pendant la période d’établissement de rapport,Q1R1C1
Q1_1Row2Cell1,1,Section 1: Requests under thePrivacy Act,Section 1 : Demandes en vertu de laLoi sur la protection des renseignements personnels,1.1,1.1 Number of requests received,1.1 Nombre de demandes,Requests under the Access to Information Act: Number of Requests - Outstanding from previous reporting periods,Demandes en vertu de la Loi sur l’accès à l’information : Nombre de demandes - En suspens à la fin de la période d’établissement de rapport précédentes,Q1R2C1
Q1_1Row2aCell1,1,Section 1: Requests under thePrivacy Act,Section 1 : Demandes en vertu de laLoi sur la protection des renseignements personnels,1.1,1.1 Number of requests received,1.1 Nombre de demandes,"Requests under the Access to Information Act: Number of Requests - Outstanding from previous reporting periods, Outstanding from previous reporting period","Demandes en vertu de la Loi sur l’accès à l’information : Nombre de demandes - En suspens à la fin de la période d’établissement de rapport précédentes, En suspens à la fin de la période d’établissement de rapport précédente",Q1R3C1
Q1_1Row2bCell1,1,Section 1: Requests under thePrivacy Act,Section 1 : Demandes en vertu de laLoi sur la protection des renseignements personnels,1.1,1.1 Number of requests received,1.1 Nombre de demandes,"Requests under the Access to Information Act: Number of Requests - Outstanding from previous reporting periods, Outstanding from more than one reporting period","Demandes en vertu de la Loi sur l’accès à l’information : Nombre de demandes - En suspens à la fin de la période d’établissement de rapport précédentes, En suspens pour plus d’une période d’établissement de rapport",Q1R4C1
Q1_1Row3Cell1,1,Section 1: Requests under thePrivacy Act,Section 1 : Demandes en vertu de laLoi sur la protection des renseignements personnels,1.1,1.1 Number of requests received,1.1 Nombre de demandes,Requests under the Access to Information Act: Number of Requests - Total,Demandes en vertu de la Loi sur l’accès à l’information : Nombre de demandes - Total,Q1R5C1
Q1_1Row4Cell1,1,Section 1: Requests under thePrivacy Act,Section 1 : Demandes en vertu de laLoi sur la protection des renseignements personnels,1.1,1.1 Number of requests received,1.1 Nombre de demandes,Requests under the Access to Information Act: Number of Requests - Closed during reporting period,Demandes en vertu de la Loi sur l’accès à l’information : Nombre de demandes - Fermées pendant la période d’établissement de rapport,Q1R6C1
Q1_1Row5Cell1,1,Section 1: Requests under thePrivacy Act,Section 1 : Demandes en vertu de laLoi sur la protection des renseignements personnels,1.1,1.1 Number of requests received,1.1 Nombre de demandes,Requests under the Access to Information Act: Number of Requests - Carried over to next reporting period,Demandes en vertu de la Loi sur l’accès à l’information : Nombre de demandes - Reportées à la prochaine période d’établissement de rapport,Q1R7C1
Q1_1Row5aCell1,1,Section 1: Requests under thePrivacy Act,Section 1 : Demandes en vertu de laLoi sur la protection des renseignements personnels,1.1,1.1 Number of requests received,1.1 Nombre de demandes,"Requests under the Access to Information Act: Number of Requests - Carried over to next reporting period, Carried over within legislated timeline","Demandes en vertu de la Loi sur l’accès à l’information : Nombre de demandes - Reportées à la prochaine période d’établissement de rapport, Reportées à la prochaine période d’établissement de rapport dans les délais prévus par la Loi",Q1R8C1
Q1_1Row5bCell1,1,Section 1: Requests under thePrivacy Act,Section 1 : Demandes en vertu de laLoi sur la protection des renseignements personnels,1.1,1.1 Number of requests received,1.1 Nombre de demandes,"Requests under the Access to Information Act: Number of Requests - Carried over to next reporting period, Carried over beyond legislated timeline","Demandes en vertu de la Loi sur l’accès à l’information : Nombre de demandes - Reportées à la prochaine période d’établissement de rapport, Reportées à la prochaine période d’établissement de rapport au-delà des délais prévus par la Loi",Q1R9C1
Q1_2Row1Cell1,1,Section 1: Requests under thePrivacy Act,Section 1 : Demandes en vertu de laLoi sur la protection des renseignements personnels,1.2,1.2 Channels of requests,1.2 Mode des demandes,Number of Requests - Source: Online,Nombre de demandes - Mode: En ligne,Q2R1C1
Q1_2Row2Cell1,1,Section 1: Requests under thePrivacy Act,Section 1 : Demandes en vertu de laLoi sur la protection des renseignements personnels,1.2,1.2 Channels of requests,1.2 Mode des demandes,Number of Requests - Source: E-mail,Nombre de demandes - Mode: Courriel,Q2R2C1
Q1_2Row3Cell1,1,Section 1: Requests under thePrivacy Act,Section 1 : Demandes en vertu de laLoi sur la protection des renseignements personnels,1.2,1.2 Channels of requests,1.2 Mode des demandes,Number of Requests - Source: Mail,Nombre de demandes - Mode: Poste,Q2R3C1
Q1_2Row4Cell1,1,Section 1: Requests under thePrivacy Act,Section 1 : Demandes en vertu de laLoi sur la protection des renseignements personnels,1.2,1.2 Channels of requests,1.2 Mode des demandes,Number of Requests - Source: In person,Nombre de demandes - Mode: En personne,Q2R4C1
Q1_2Row5Cell1,1,Section 1: Requests under thePrivacy Act,Section 1 : Demandes en vertu de laLoi sur la protection des renseignements personnels,1.2,1.2 Channels of requests,1.2 Mode des demandes,Number of Requests - Source: Phone,Nombre de demandes - Mode: Téléphone,Q2R5C1
Q1_2Row6Cell1,1,Section 1: Requests under thePrivacy Act,Section 1 : Demandes en vertu de laLoi sur la protection des renseignements personnels,1.2,1.2 Channels of requests,1.2 Mode des demandes,Number of Requests - Source: Fax,Nombre de demandes - Mode: Télécopieur,Q2R6C1
Q1_2Row7Cell1,1,Section 1: Requests under thePrivacy Act,Section 1 : Demandes en vertu de laLoi sur la protection des renseignements personnels,1.2,1.2 Channels of requests,1.2 Mode des demandes,Number of Requests - Source: Total,Nombre de demandes - Mode: Total,Q2R7C1
Q2_1Row1Cell1,2,Section 2 : Informal Requests,Section 2 : Demandes informelles,2.1,2.1 Number of informal requests,2.1 Nombre de demandes informelles,Requests under the Access to Information Act: Number of informal requests - Received during reporting period,Demandes en vertu de la Loi sur l’accès à l’information : Nombre de demandes informelles - Reçues pendant la période d’établissement de rapport,Q3R1C1
Q2_1Row2Cell1,2,Section 2 : Informal Requests,Section 2 : Demandes informelles,2.1,2.1 Number of informal requests,2.1 Nombre de demandes informelles,Requests under the Access to Information Act: Number of informal requests - Outstanding from previous reporting periods,Demandes en vertu de la Loi sur l’accès à l’information : Nombre de demandes informelles - En suspens à la fin de la période d’établissement de rapport précédentes,Q3R2C1
Q2_1Row2aCell1,2,Section 2 : Informal Requests,Section 2 : Demandes informelles,2.1,2.1 Number of informal requests,2.1 Nombre de demandes informelles,"Requests under the Access to Information Act: Number of informal requests - Outstanding from previous reporting periods, Outstanding from previous reporting period","Demandes en vertu de la Loi sur l’accès à l’information : Nombre de demandes informelles - En suspens à la fin de la période d’établissement de rapport précédentes, En suspens à la fin de la période d’établissement de rapport précédente",Q3R3C1
Q2_1Row2bCell1,2,Section 2 : Informal Requests,Section 2 : Demandes informelles,2.1,2.1 Number of informal requests,2.1 Nombre de demandes informelles,"Requests under the Access to Information Act: Number of informal requests - Outstanding from previous reporting periods, Outstanding from more than one reporting period","Demandes en vertu de la Loi sur l’accès à l’information : Nombre de demandes informelles - En suspens à la fin de la période d’établissement de rapport précédentes, En suspens pour plus d’une période d’établissement de rapport",Q3R4C1
Q2_1Row3Cell1,2,Section 2 : Informal Requests,Section 2 : Demandes informelles,2.1,2.1 Number of informal requests,2.1 Nombre de demandes informelles,Requests under the Access to Information Act: Number of informal requests - Total,Demandes en vertu de la Loi sur l’accès à l’information : Nombre de demandes informelles - Total,Q3R5C1
Q2_1Row4Cell1,2,Section 2 : Informal Requests,Section 2 : Demandes informelles,2.1,2.1 Number of informal requests,2.1 Nombre de demandes informelles,Requests under the Access to Information Act: Number of informal requests - Closed during reporting period,Demandes en vertu de la Loi sur l’accès à l’information : Nombre de demandes informelles - Fermées pendant la période d’établissement de rapport,Q3R6C1
Q2_1Row5Cell1,2,Section 2 : Informal Requests,Section 2 : Demandes informelles,2.1,2.1 Number of informal requests,2.1 Nombre de demandes informelles,Requests under the Access to Information Act: Number of informal requests - Carried over to next reporting period,Demandes en vertu de la Loi sur l’accès à l’information : Nombre de demandes informelles - Reportées à la prochaine période d’établissement de rapport,Q3R7C1
Q2_2Row1Cell1,2,Section 2 : Informal Requests,Section 2 : Demandes informelles,2.2,2.2 Channels of informal requests,2.2 Mode des demandes informelles,Number of Informal Requests - Source: Online,Nombre de demandes informelles - Mode: En ligne,Q4R1C1
Q2_2Row2Cell1,2,Section 2 : Informal Requests,Section 2 : Demandes informelles,2.2,2.2 Channels of informal requests,2.2 Mode des demandes informelles,Number of Informal Requests - Source: E-mail,Nombre de demandes informelles - Mode: Courriel,Q4R2C1
Q2_2Row3Cell1,2,Section 2 : Informal Requests,Section 2 : Demandes informelles,2.2,2.2 Channels of informal requests,2.2 Mode des demandes informelles,Number of Informal Requests - Source: Mail,Nombre de demandes informelles - Mode: Poste,Q4R3C1
Q2_2Row4Cell1,2,Section 2 : Informal Requests,Section 2 : Demandes informelles,2.2,2.2 Channels of informal requests,2.2 Mode des demandes informelles,Number of Informal Requests - Source: In person,Nombre de demandes informelles - Mode: En personne,Q4R4C1
Q2_2Row5Cell1,2,Section 2 : Informal Requests,Section 2 : Demandes informelles,2.2,2.2 Channels of informal requests,2.2 Mode des demandes informelles,Number of Informal Requests - Source: Phone,Nombre de demandes informelles - Mode: Téléphone,Q4R5C1
Q2_2Row6Cell1,2,Section 2 : Informal Requests,Section 2 : Demandes informelles,2.2,2.2 Channels of informal requests,2.2 Mode des demandes informelles,Number of Informal Requests - Source: Fax,Nombre de demandes informelles - Mode: Télécopieur,Q4R6C1
Q2_2Row7Cell1,2,Section 2 : Informal Requests,Section 2 : Demandes informelles,2.2,2.2 Channels of informal requests,2.2 Mode des demandes informelles,Number of Informal Requests - Source: Total,Nombre de demandes informelles - Mode: Total,Q4R7C1
Q2_3Row1Cell1,2,Section 2 : Informal Requests,Section 2 : Demandes informelles,2.3,2.3 Completion time of informal requests,2.3 Délai de traitement pour les demandes informelles,Completion Time: 1 to 15 days - Informal requests,Délai de traitement : 1 à 15 jours - Demandes informelles,Q5R1C1
Q2_3Row1Cell2,2,Section 2 : Informal Requests,Section 2 : Demandes informelles,2.3,2.3 Completion time of informal requests,2.3 Délai de traitement pour les demandes informelles,Completion Time: 16 to 30 days - Informal requests,Délai de traitement : 16 à 30 jours - Demandes informelles,Q5R1C2
Q2_3Row1Cell3,2,Section 2 : Informal Requests,Section 2 : Demandes informelles,2.3,2.3 Completion time of informal requests,2.3 Délai de traitement pour les demandes informelles,Completion Time: 31 to 60 days - Informal requests,Délai de traitement : 31 à 60 jours - Demandes informelles,Q5R1C3
Q2_3Row1Cell4,2,Section 2 : Informal Requests,Section 2 : Demandes informelles,2.3,2.3 Completion time of informal requests,2.3 Délai de traitement pour les demandes informelles,Completion Time: 61 to 120 days - Informal requests,Délai de traitement : 61 à 120 jours - Demandes informelles,Q5R1C4
Q2_3Row1Cell5,2,Section 2 : Informal Requests,Section 2 : Demandes informelles,2.3,2.3 Completion time of informal requests,2.3 Délai de traitement pour les demandes informelles,Completion Time: 121 to 180 days - Informal requests,Délai de traitement : 121 à 180 jours - Demandes informelles,Q5R1C5
Q2_3Row1Cell6,2,Section 2 : Informal Requests,Section 2 : Demandes informelles,2.3,2.3 Completion time of informal requests,2.3 Délai de traitement pour les demandes informelles,Completion Time: 181 to 365 days - Informal requests,Délai de traitement : 181 à 365 jours - Demandes informelles,Q5R1C6
Q2_3Row1Cell7,2,Section 2 : Informal Requests,Section 2 : Demandes informelles,2.3,2.3 Completion time of informal requests,2.3 Délai de traitement pour les demandes informelles,Completion Time: More than 365 days - Informal requests,Délai de traitement : Plus de 365 jours - Demandes informelles,Q5R1C7
Q2_3Row1Cell8,2,Section 2 : Informal Requests,Section 2 : Demandes informelles,2.3,2.3 Completion time of informal requests,2.3 Délai de traitement pour les demandes informelles,Completion Time: Total - Informal requests,Délai de traitement : Total - Demandes informelles,Q6R1C1
Q2_4Row1Cell1,2,Section 2 : Informal Requests,Section 2 : Demandes informelles,2.4,2.4 Pages released informally,2.4 Pages communiquées informellement,Less than 100 Pages released: Number of requests - Pages released informally,Moins de 100 pages communiquées: Nombre de demandes - Pages communiquées informellement,Q6R1C2
Q2_4Row1Cell2,2,Section 2 : Informal Requests,Section 2 : Demandes informelles,2.4,2.4 Pages released informally,2.4 Pages communiquées informellement,Less than 100 Pages released: Pages released - Pages released informally,Moins de 100 pages communiquées: Pages communiquées - Pages communiquées informellement,Q6R1C3
Q2_4Row1Cell3,2,Section 2 : Informal Requests,Section 2 : Demandes informelles,2.4,2.4 Pages released informally,2.4 Pages communiquées informellement,100-500 Pages released: Number of requests - Pages released informally,De 100-500 pages communiquées: Nombre de demandes - Pages communiquées informellement,Q6R1C4
Q2_4Row1Cell4,2,Section 2 : Informal Requests,Section 2 : Demandes informelles,2.4,2.4 Pages released informally,2.4 Pages communiquées informellement,100-500 Pages released: Pages released - Pages released informally,De 100-500 pages communiquées: Pages communiquées - Pages communiquées informellement,Q6R1C5
Q2_4Row1Cell5,2,Section 2 : Informal Requests,Section 2 : Demandes informelles,2.4,2.4 Pages released informally,2.4 Pages communiquées informellement,501-1000 Pages released: Number of requests - Pages released informally,De 501-1 000 pages communiquées: Nombre de demandes - Pages communiquées informellement,Q6R1C6
Q2_4Row1Cell6,2,Section 2 : Informal Requests,Section 2 : Demandes informelles,2.4,2.4 Pages released informally,2.4 Pages communiquées informellement,501-1000 Pages released: Pages released - Pages released informally,De 501-1 000 pages communiquées: Pages communiquées - Pages communiquées informellement,Q6R1C7
Q2_4Row1Cell7,2,Section 2 : Informal Requests,Section 2 : Demandes informelles,2.4,2.4 Pages released informally,2.4 Pages communiquées informellement,1001-5000 Pages released: Number of requests - Pages released informally,De 1 001-5 000 pages communiquées: Nombre de demandes - Pages communiquées informellement,Q6R1C8
Q2_4Row1Cell8,2,Section 2 : Informal Requests,Section 2 : Demandes informelles,2.4,2.4 Pages released informally,2.4 Pages communiquées informellement,1001-5000 Pages released: Pages released - Pages released informally,De 1 001-5 000 pages communiquées: Pages communiquées - Pages communiquées informellement,Q6R1C9
Q2_4Row1Cell9,2,Section 2 : Informal Requests,Section 2 : Demandes informelles,2.4,2.4 Pages released informally,2.4 Pages communiquées informellement,More Than 5000 Pages released: Number of requests - Pages released informally,Plus de 5 000 pages communiquées: Nombre de demandes - Pages communiquées informellement,Q6R1C10
Q2_4Row1Cell10,2,Section 2 : Informal Requests,Section 2 : Demandes informelles,2.4,2.4 Pages released informally,2.4 Pages communiquées informellement,More Than 5000 Pages released: Pages released - Pages released informally,Plus de 5 000 pages communiquées: Pages communiquées - Pages communiquées informellement,Q7R1C1
Q3_1Row1Cell1,3,Section 3: Requests closed during the reporting period,Section 3 : Demandes fermées pendant la période d’établissement de rapport,3.1,3.1 Disposition and completion time,3.1 Disposition et délai de traitement,Completion Time: 1 to 15 days - Disposition of requests: All disclosed,Délai de traitement: 1 to 15 days - Disposition: Communication totale,Q7R1C2
Q3_1Row2Cell1,3,Section 3: Requests closed during the reporting period,Section 3 : Demandes fermées pendant la période d’établissement de rapport,3.1,3.1 Disposition and completion time,3.1 Disposition et délai de traitement,Completion Time: 1 to 15 days - Disposition of requests: Disclosed in part,Délai de traitement: 1 to 15 days - Disposition: Communication partielle,Q7R1C3
Q3_1Row3Cell1,3,Section 3: Requests closed during the reporting period,Section 3 : Demandes fermées pendant la période d’établissement de rapport,3.1,3.1 Disposition and completion time,3.1 Disposition et délai de traitement,Completion Time: 1 to 15 days - Disposition of requests: All exempted,Délai de traitement: 1 to 15 days - Disposition: Exception totale,Q7R1C4
Q3_1Row4Cell1,3,Section 3: Requests closed during the reporting period,Section 3 : Demandes fermées pendant la période d’établissement de rapport,3.1,3.1 Disposition and completion time,3.1 Disposition et délai de traitement,Completion Time: 1 to 15 days - Disposition of requests: All excluded,Délai de traitement: 1 to 15 days - Exclusion totale<,Q7R1C5
Q3_1Row5Cell1,3,Section 3: Requests closed during the reporting period,Section 3 : Demandes fermées pendant la période d’établissement de rapport,3.1,3.1 Disposition and completion time,3.1 Disposition et délai de traitement,Completion Time: 1 to 15 days - Disposition of requests: No records exist,Délai de traitement: 1 to 15 days - Disposition: Aucun document n’existe,Q7R1C6
Q3_1Row7Cell1,3,Section 3: Requests closed during the reporting period,Section 3 : Demandes fermées pendant la période d’établissement de rapport,3.1,3.1 Disposition and completion time,3.1 Disposition et délai de traitement,Completion Time: 1 to 15 days - Disposition of requests: Request abandoned,Délai de traitement: 1 to 15 days - Disposition: Demande abandonnée,Q7R1C7
Q3_1Row8Cell1,3,Section 3: Requests closed during the reporting period,Section 3 : Demandes fermées pendant la période d’établissement de rapport,3.1,3.1 Disposition and completion time,3.1 Disposition et délai de traitement,Completion Time: 1 to 15 days - Disposition of requests: Neither confirmed nor denied,Délai de traitement: 1 to 15 days - Disposition: Ni confirmée ni infirmée,Q7R2C1
Q3_1Row10Cell1,3,Section 3: Requests closed during the reporting period,Section 3 : Demandes fermées pendant la période d’établissement de rapport,3.1,3.1 Disposition and completion time,3.1 Disposition et délai de traitement,Completion Time: 1 to 15 days - Disposition of requests: Total,Délai de traitement: 1 to 15 days - Disposition: Total,Q7R2C2
Q3_1Row1Cell2,3,Section 3: Requests closed during the reporting period,Section 3 : Demandes fermées pendant la période d’établissement de rapport,3.1,3.1 Disposition and completion time,3.1 Disposition et délai de traitement,Completion Time: 16 to 30 days - Disposition of requests: All disclosed,Délai de traitement: 16 à 30 jours - Disposition: Communication totale,Q7R2C3
Q3_1Row2Cell2,3,Section 3: Requests closed during the reporting period,Section 3 : Demandes fermées pendant la période d’établissement de rapport,3.1,3.1 Disposition and completion time,3.1 Disposition et délai de traitement,Completion Time: 16 to 30 days - Disposition of requests: Disclosed in part,Délai de traitement: 16 à 30 jours - Disposition: Communication partielle,Q7R2C4
Q3_1Row3Cell2,3,Section 3: Requests closed during the reporting period,Section 3 : Demandes fermées pendant la période d’établissement de rapport,3.1,3.1 Disposition and completion time,3.1 Disposition et délai de traitement,Completion Time: 16 to 30 days - Disposition of requests: All exempted,Délai de traitement: 16 à 30 jours - Disposition: Exception totale,Q7R2C5
Q3_1Row4Cell2,3,Section 3: Requests closed during the reporting period,Section 3 : Demandes fermées pendant la période d’établissement de rapport,3.1,3.1 Disposition and completion time,3.1 Disposition et délai de traitement,Completion Time: 16 to 30 days - Disposition of requests: All excluded,Délai de traitement: 16 à 30 jours - Exclusion totale<,Q7R2C6
Q3_1Row5Cell2,3,Section 3: Requests closed during the reporting period,Section 3 : Demandes fermées pendant la période d’établissement de rapport,3.1,3.1 Disposition and completion time,3.1 Disposition et délai de traitement,Completion Time: 16 to 30 days - Disposition of requests: No records exist,Délai de traitement: 16 à 30 jours - Disposition: Aucun document n’existe,Q7R3C7
Q3_1Row7Cell2,3,Section 3: Requests closed during the reporting period,Section 3 : Demandes fermées pendant la période d’établissement de rapport,3.1,3.1 Disposition and completion time,3.1 Disposition et délai de traitement,Completion Time: 16 to 30 days - Disposition of requests: Request abandoned,Délai de traitement: 16 à 30 jours - Disposition: Demande abandonnée,Q7R3C1
Q3_1Row8Cell2,3,Section 3: Requests closed during the reporting period,Section 3 : Demandes fermées pendant la période d’établissement de rapport,3.1,3.1 Disposition and completion time,3.1 Disposition et délai de traitement,Completion Time: 16 to 30 days - Disposition of requests: Neither confirmed nor denied,Délai de traitement: 16 à 30 jours - Disposition: Ni confirmée ni infirmée,Q7R3C2
Q3_1Row10Cell2,3,Section 3: Requests closed during the reporting period,Section 3 : Demandes fermées pendant la période d’établissement de rapport,3.1,3.1 Disposition and completion time,3.1 Disposition et délai de traitement,Completion Time: 16 to 30 days - Disposition of requests: Total,Délai de traitement: 16 à 30 jours - Disposition: Total,Q7R3C3
Q3_1Row1Cell3,3,Section 3: Requests closed during the reporting period,Section 3 : Demandes fermées pendant la période d’établissement de rapport,3.1,3.1 Disposition and completion time,3.1 Disposition et délai de traitement,Completion Time: 31 to 60 days - Disposition of requests: All disclosed,Délai de traitement: 31 à 60 jours - Disposition: Communication totale,Q7R3C4
Q3_1Row2Cell3,3,Section 3: Requests closed during the reporting period,Section 3 : Demandes fermées pendant la période d’établissement de rapport,3.1,3.1 Disposition and completion time,3.1 Disposition et délai de traitement,Completion Time: 31 to 60 days - Disposition of requests: Disclosed in part,Délai de traitement: 31 à 60 jours - Disposition: Communication partielle,Q7R3C5
Q3_1Row3Cell3,3,Section 3: Requests closed during the reporting period,Section 3 : Demandes fermées pendant la période d’établissement de rapport,3.1,3.1 Disposition and completion time,3.1 Disposition et délai de traitement,Completion Time: 31 to 60 days - Disposition of requests: All exempted,Délai de traitement: 31 à 60 jours - Disposition: Exception totale,Q7R3C6
Q3_1Row4Cell3,3,Section 3: Requests closed during the reporting period,Section 3 : Demandes fermées pendant la période d’établissement de rapport,3.1,3.1 Disposition and completion time,3.1 Disposition et délai de traitement,Completion Time: 31 to 60 days - Disposition of requests: All excluded,Délai de traitement: 31 à 60 jours - Exclusion totale<,Q7R3C7
Q3_1Row5Cell3,3,Section 3: Requests closed during the reporting period,Section 3 : Demandes fermées pendant la période d’établissement de rapport,3.1,3.1 Disposition and completion time,3.1 Disposition et délai de traitement,Completion Time: 31 to 60 days - Disposition of requests: No records exist,Délai de traitement: 31 à 60 jours - Disposition: Aucun document n’existe,Q7R4C1
Q3_1Row7Cell3,3,Section 3: Requests closed during the reporting period,Section 3 : Demandes fermées pendant la période d’établissement de rapport,3.1,3.1 Disposition and completion time,3.1 Disposition et délai de traitement,Completion Time: 31 to 60 days - Disposition of requests: Request abandoned,Délai de traitement: 31 à 60 jours - Disposition: Demande abandonnée,Q7R4C2
Q3_1Row8Cell3,3,Section 3: Requests closed during the reporting period,Section 3 : Demandes fermées pendant la période d’établissement de rapport,3.1,3.1 Disposition and completion time,3.1 Disposition et délai de traitement,Completion Time: 31 to 60 days - Disposition of requests: Neither confirmed nor denied,Délai de traitement: 31 à 60 jours - Disposition: Ni confirmée ni infirmée,Q7R4C3
Q3_1Row10Cell3,3,Section 3: Requests closed during the reporting period,Section 3 : Demandes fermées pendant la période d’établissement de rapport,3.1,3.1 Disposition and completion time,3.1 Disposition et délai de traitement,Completion Time: 31 to 60 days - Disposition of requests: Total,Délai de traitement: 31 à 60 jours - Disposition: Total,Q7R4C4
Q3_1Row1Cell4,3,Section 3: Requests closed during the reporting period,Section 3 : Demandes fermées pendant la période d’établissement de rapport,3.1,3.1 Disposition and completion time,3.1 Disposition et délai de traitement,Completion Time: 61 to 120 days - Disposition of requests: All disclosed,Délai de traitement: 61 à 120 jours - Disposition: Communication totale,Q7R4C5
Q3_1Row2Cell4,3,Section 3: Requests closed during the reporting period,Section 3 : Demandes fermées pendant la période d’établissement de rapport,3.1,3.1 Disposition and completion time,3.1 Disposition et délai de traitement,Completion Time: 61 to 120 days - Disposition of requests: Disclosed in part,Délai de traitement: 61 à 120 jours - Disposition: Communication partielle,Q7R4C6
Q3_1Row3Cell4,3,Section 3: Requests closed during the reporting period,Section 3 : Demandes fermées pendant la période d’établissement de rapport,3.1,3.1 Disposition and completion time,3.1 Disposition et délai de traitement,Completion Time: 61 to 120 days - Disposition of requests: All exempted,Délai de traitement: 61 à 120 jours - Disposition: Exception totale,Q7R4C7
Q3_1Row4Cell4,3,Section 3: Requests closed during the reporting period,Section 3 : Demandes fermées pendant la période d’établissement de rapport,3.1,3.1 Disposition and completion time,3.1 Disposition et délai de traitement,Completion Time: 61 to 120 days - Disposition of requests: All excluded,Délai de traitement: 61 à 120 jours - Exclusion totale<,Q7R5C1
Q3_1Row5Cell4,3,Section 3: Requests closed during the reporting period,Section 3 : Demandes fermées pendant la période d’établissement de rapport,3.1,3.1 Disposition and completion time,3.1 Disposition et délai de traitement,Completion Time: 61 to 120 days - Disposition of requests: No records exist,Délai de traitement: 61 à 120 jours - Disposition: Aucun document n’existe,Q7R5C2
Q3_1Row7Cell4,3,Section 3: Requests closed during the reporting period,Section 3 : Demandes fermées pendant la période d’établissement de rapport,3.1,3.1 Disposition and completion time,3.1 Disposition et délai de traitement,Completion Time: 61 to 120 days - Disposition of requests: Request abandoned,Délai de traitement: 61 à 120 jours - Disposition: Demande abandonnée,Q7R5C3
Q3_1Row8Cell4,3,Section 3: Requests closed during the reporting period,Section 3 : Demandes fermées pendant la période d’établissement de rapport,3.1,3.1 Disposition and completion time,3.1 Disposition et délai de traitement,Completion Time: 61 to 120 days - Disposition of requests: Neither confirmed nor denied,Délai de traitement: 61 à 120 jours - Disposition: Ni confirmée ni infirmée,Q7R5C4
Q3_1Row10Cell4,3,Section 3: Requests closed during the reporting period,Section 3 : Demandes fermées pendant la période d’établissement de rapport,3.1,3.1 Disposition and completion time,3.1 Disposition et délai de traitement,Completion Time: 61 to 120 days - Disposition of requests: Total,Délai de traitement: 61 à 120 jours - Disposition: Total,Q7R5C5
Q3_1Row1Cell5,3,Section 3: Requests closed during the reporting period,Section 3 : Demandes fermées pendant la période d’établissement de rapport,3.1,3.1 Disposition and completion time,3.1 Disposition et délai de traitement,Completion Time: 121 to 180 days - Disposition of requests: All disclosed,Délai de traitement: 121 à 180 jours - Disposition: Communication totale,Q7R5C6
Q3_1Row2Cell5,3,Section 3: Requests closed during the reporting period,Section 3 : Demandes fermées pendant la période d’établissement de rapport,3.1,3.1 Disposition and completion time,3.1 Disposition et délai de traitement,Completion Time: 121 to 180 days - Disposition of requests: Disclosed in part,Délai de traitement: 121 à 180 jours - Disposition: Communication partielle,Q7R5C7
Q3_1Row3Cell5,3,Section 3: Requests closed during the reporting period,Section 3 : Demandes fermées pendant la période d’établissement de rapport,3.1,3.1 Disposition and completion time,3.1 Disposition et délai de traitement,Completion Time: 121 to 180 days - Disposition of requests: All exempted,Délai de traitement: 121 à 180 jours - Disposition: Exception totale,Q7R6C1
Q3_1Row4Cell5,3,Section 3: Requests closed during the reporting period,Section 3 : Demandes fermées pendant la période d’établissement de rapport,3.1,3.1 Disposition and completion time,3.1 Disposition et délai de traitement,Completion Time: 121 to 180 days - Disposition of requests: All excluded,Délai de traitement: 121 à 180 jours - Exclusion totale<,Q7R6C2
Q3_1Row5Cell5,3,Section 3: Requests closed during the reporting period,Section 3 : Demandes fermées pendant la période d’établissement de rapport,3.1,3.1 Disposition and completion time,3.1 Disposition et délai de traitement,Completion Time: 121 to 180 days - Disposition of requests: No records exist,Délai de traitement: 121 à 180 jours - Disposition: Aucun document n’existe,Q7R6C3
Q3_1Row7Cell5,3,Section 3: Requests closed during the reporting period,Section 3 : Demandes fermées pendant la période d’établissement de rapport,3.1,3.1 Disposition and completion time,3.1 Disposition et délai de traitement,Completion Time: 121 to 180 days - Disposition of requests: Request abandoned,Délai de traitement: 121 à 180 jours - Disposition: Demande abandonnée,Q7R6C4
Q3_1Row8Cell5,3,Section 3: Requests closed during the reporting period,Section 3 : Demandes fermées pendant la période d’établissement de rapport,3.1,3.1 Disposition and completion time,3.1 Disposition et délai de traitement,Completion Time: 121 to 180 days - Disposition of requests: Neither confirmed nor denied,Délai de traitement: 121 à 180 jours - Disposition: Ni confirmée ni infirmée,Q7R6C5
Q3_1Row10Cell5,3,Section 3: Requests closed during the reporting period,Section 3 : Demandes fermées pendant la période d’établissement de rapport,3.1,3.1 Disposition and completion time,3.1 Disposition et délai de traitement,Completion Time: 121 to 180 days - Disposition of requests: Total,Délai de traitement: 121 à 180 jours - Disposition: Total,Q7R6C6
Q3_1Row1Cell6,3,Section 3: Requests closed during the reporting period,Section 3 : Demandes fermées pendant la période d’établissement de rapport,3.1,3.1 Disposition and completion time,3.1 Disposition et délai de traitement,Completion Time: 181 to 365 days - Disposition of requests: All disclosed,Délai de traitement: 181 à 365 jours - Disposition: Communication totale,Q7R6C7
Q3_1Row2Cell6,3,Section 3: Requests closed during the reporting period,Section 3 : Demandes fermées pendant la période d’établissement de rapport,3.1,3.1 Disposition and completion time,3.1 Disposition et délai de traitement,Completion Time: 181 to 365 days - Disposition of requests: Disclosed in part,Délai de traitement: 181 à 365 jours - Disposition: Communication partielle,Q7R7C1
Q3_1Row3Cell6,3,Section 3: Requests closed during the reporting period,Section 3 : Demandes fermées pendant la période d’établissement de rapport,3.1,3.1 Disposition and completion time,3.1 Disposition et délai de traitement,Completion Time: 181 to 365 days - Disposition of requests: All exempted,Délai de traitement: 181 à 365 jours - Disposition: Exception totale,Q7R7C2
Q3_1Row4Cell6,3,Section 3: Requests closed during the reporting period,Section 3 : Demandes fermées pendant la période d’établissement de rapport,3.1,3.1 Disposition and completion time,3.1 Disposition et délai de traitement,Completion Time: 181 to 365 days - Disposition of requests: All excluded,Délai de traitement: 181 à 365 jours - Exclusion totale<,Q7R7C3
Q3_1Row5Cell6,3,Section 3: Requests closed during the reporting period,Section 3 : Demandes fermées pendant la période d’établissement de rapport,3.1,3.1 Disposition and completion time,3.1 Disposition et délai de traitement,Completion Time: 181 to 365 days - Disposition of requests: No records exist,Délai de traitement: 181 à 365 jours - Disposition: Aucun document n’existe,Q7R7C4
Q3_1Row7Cell6,3,Section 3: Requests closed during the reporting period,Section 3 : Demandes fermées pendant la période d’établissement de rapport,3.1,3.1 Disposition and completion time,3.1 Disposition et délai de traitement,Completion Time: 181 to 365 days - Disposition of requests: Request abandoned,Délai de traitement: 181 à 365 jours - Disposition: Demande abandonnée,Q7R7C5
Q3_1Row8Cell6,3,Section 3: Requests closed during the reporting period,Section 3 : Demandes fermées pendant la période d’établissement de rapport,3.1,3.1 Disposition and completion time,3.1 Disposition et délai de traitement,Completion Time: 181 to 365 days - Disposition of requests: Neither confirmed nor denied,Délai de traitement: 181 à 365 jours - Disposition: Ni confirmée ni infirmée,Q7R7C6
Q3_1Row10Cell6,3,Section 3: Requests closed during the reporting period,Section 3 : Demandes fermées pendant la période d’établissement de rapport,3.1,3.1 Disposition and completion time,3.1 Disposition et délai de traitement,Completion Time: 181 to 365 days - Disposition of requests: Total,Délai de traitement: 181 à 365 jours - Disposition: Total,Q7R7C7
Q3_1Row1Cell7,3,Section 3: Requests closed during the reporting period,Section 3 : Demandes fermées pendant la période d’établissement de rapport,3.1,3.1 Disposition and completion time,3.1 Disposition et délai de traitement,Completion Time: More than 365 days - Disposition of requests: All disclosed,Délai de traitement: Plus de 365 jours - Disposition: Communication totale,Q8R1C1
Q3_1Row2Cell7,3,Section 3: Requests closed during the reporting period,Section 3 : Demandes fermées pendant la période d’établissement de rapport,3.1,3.1 Disposition and completion time,3.1 Disposition et délai de traitement,Completion Time: More than 365 days - Disposition of requests: Disclosed in part,Délai de traitement: Plus de 365 jours - Disposition: Communication partielle,Q8R2C1
Q3_1Row3Cell7,3,Section 3: Requests closed during the reporting period,Section 3 : Demandes fermées pendant la période d’établissement de rapport,3.1,3.1 Disposition and completion time,3.1 Disposition et délai de traitement,Completion Time: More than 365 days - Disposition of requests: All exempted,Délai de traitement: Plus de 365 jours - Disposition: Exception totale,Q8R3C1
Q3_1Row4Cell7,3,Section 3: Requests closed during the reporting period,Section 3 : Demandes fermées pendant la période d’établissement de rapport,3.1,3.1 Disposition and completion time,3.1 Disposition et délai de traitement,Completion Time: More than 365 days - Disposition of requests: All excluded,Délai de traitement: Plus de 365 jours - Exclusion totale<,Q8R4C1
Q3_1Row5Cell7,3,Section 3: Requests closed during the reporting period,Section 3 : Demandes fermées pendant la période d’établissement de rapport,3.1,3.1 Disposition and completion time,3.1 Disposition et délai de traitement,Completion Time: More than 365 days - Disposition of requests: No records exist,Délai de traitement: Plus de 365 jours - Disposition: Aucun document n’existe,Q8R5C1
Q3_1Row7Cell7,3,Section 3: Requests closed during the reporting period,Section 3 : Demandes fermées pendant la période d’établissement de rapport,3.1,3.1 Disposition and completion time,3.1 Disposition et délai de traitement,Completion Time: More than 365 days - Disposition of requests: Request abandoned,Délai de traitement: Plus de 365 jours - Disposition: Demande abandonnée,Q8R6C1
Q3_1Row8Cell7,3,Section 3: Requests closed during the reporting period,Section 3 : Demandes fermées pendant la période d’établissement de rapport,3.1,3.1 Disposition and completion time,3.1 Disposition et délai de traitement,Completion Time: More than 365 days - Disposition of requests: Neither confirmed nor denied,Délai de traitement: Plus de 365 jours - Disposition: Ni confirmée ni infirmée,Q8R7C1
Q3_1Row10Cell7,3,Section 3: Requests closed during the reporting period,Section 3 : Demandes fermées pendant la période d’établissement de rapport,3.1,3.1 Disposition and completion time,3.1 Disposition et délai de traitement,Completion Time: More than 365 days - Disposition of requests: Total,Délai de traitement: Plus de 365 jours - Disposition: Total,Q8R8C1
Q3_1Row1Cell8,3,Section 3: Requests closed during the reporting period,Section 3 : Demandes fermées pendant la période d’établissement de rapport,3.1,3.1 Disposition and completion time,3.1 Disposition et délai de traitement,Completion Time: Total - Disposition of requests: All disclosed,Délai de traitement: Total - Disposition: Communication totale,Q8R9C1
Q3_1Row2Cell8,3,Section 3: Requests closed during the reporting period,Section 3 : Demandes fermées pendant la période d’établissement de rapport,3.1,3.1 Disposition and completion time,3.1 Disposition et délai de traitement,Completion Time: Total - Disposition of requests: Disclosed in part,Délai de traitement: Total - Disposition: Communication partielle,Q8R10C1
Q3_1Row3Cell8,3,Section 3: Requests closed during the reporting period,Section 3 : Demandes fermées pendant la période d’établissement de rapport,3.1,3.1 Disposition and completion time,3.1 Disposition et délai de traitement,Completion Time: Total - Disposition of requests: All exempted,Délai de traitement: Total - Disposition: Exception totale,Q8R11C1
Q3_1Row4Cell8,3,Section 3: Requests closed during the reporting period,Section 3 : Demandes fermées pendant la période d’établissement de rapport,3.1,3.1 Disposition and completion time,3.1 Disposition et délai de traitement,Completion Time: Total - Disposition of requests: All excluded,Délai de traitement: Total - Exclusion totale<,Q8R12C1
Q3_1Row5Cell8,3,Section 3: Requests closed during the reporting period,Section 3 : Demandes fermées pendant la période d’établissement de rapport,3.1,3.1 Disposition and completion time,3.1 Disposition et délai de traitement,Completion Time: Total - Disposition of requests: No records exist,Délai de traitement: Total - Disposition: Aucun document n’existe,Q8R13C1
Q3_1Row7Cell8,3,Section 3: Requests closed during the reporting period,Section 3 : Demandes fermées pendant la période d’établissement de rapport,3.1,3.1 Disposition and completion time,3.1 Disposition et délai de traitement,Completion Time: Total - Disposition of requests: Request abandoned,Délai de traitement: Total - Disposition: Demande abandonnée,Q8R14C1
Q3_1Row8Cell8,3,Section 3: Requests closed during the reporting period,Section 3 : Demandes fermées pendant la période d’établissement de rapport,3.1,3.1 Disposition and completion time,3.1 Disposition et délai de traitement,Completion Time: Total - Disposition of requests: Neither confirmed nor denied,Délai de traitement: Total - Disposition: Ni confirmée ni infirmée,Q8R15C1
Q3_1Row10Cell8,3,Section 3: Requests closed during the reporting period,Section 3 : Demandes fermées pendant la période d’établissement de rapport,3.1,3.1 Disposition and completion time,3.1 Disposition et délai de traitement,Completion Time: Total - Disposition of requests: Total,Délai de traitement: Total - Disposition: Total,Q8R16C1
Q3_2Row1Cell1,3,Section 3: Requests closed during the reporting period,Section 3 : Demandes fermées pendant la période d’établissement de rapport,3.2,3.2 Exemptions,3.2 Exceptions,Exemptions: Number of requests - Section: 18(2),Exceptions : Nombre de demandes - Article : 18(2),Q8R17C1
Q3_2Row2Cell1,3,Section 3: Requests closed during the reporting period,Section 3 : Demandes fermées pendant la période d’établissement de rapport,3.2,3.2 Exemptions,3.2 Exceptions,Exemptions: Number of requests - Section: 19(1)(a),Exceptions : Nombre de demandes - Article : 19(1)a),Q8R18C1
Q3_2Row3Cell1,3,Section 3: Requests closed during the reporting period,Section 3 : Demandes fermées pendant la période d’établissement de rapport,3.2,3.2 Exemptions,3.2 Exceptions,Exemptions: Number of requests - Section: 19(1)(b),Exceptions : Nombre de demandes - Article : 19(1)b),Q8R19C1
Q3_2Row4Cell1,3,Section 3: Requests closed during the reporting period,Section 3 : Demandes fermées pendant la période d’établissement de rapport,3.2,3.2 Exemptions,3.2 Exceptions,Exemptions: Number of requests - Section: 19(1)(c),Exceptions : Nombre de demandes - Article : 19(1)c),Q8R20C1
Q3_2Row5Cell1,3,Section 3: Requests closed during the reporting period,Section 3 : Demandes fermées pendant la période d’établissement de rapport,3.2,3.2 Exemptions,3.2 Exceptions,Exemptions: Number of requests - Section: 19(1)(d),Exceptions : Nombre de demandes - Article : 19(1)d),Q8R21C1
Q3_2Row6Cell1,3,Section 3: Requests closed during the reporting period,Section 3 : Demandes fermées pendant la période d’établissement de rapport,3.2,3.2 Exemptions,3.2 Exceptions,Exemptions: Number of requests - Section: 19(1)(e),Exceptions : Nombre de demandes - Article : 19(1)e),Q8R22C1
Q3_2Row7Cell1,3,Section 3: Requests closed during the reporting period,Section 3 : Demandes fermées pendant la période d’établissement de rapport,3.2,3.2 Exemptions,3.2 Exceptions,Exemptions: Number of requests - Section: 19(1)(f),Exceptions : Nombre de demandes - Article : 19(1)f),Q8R23C1
Q3_2Row8Cell1,3,Section 3: Requests closed during the reporting period,Section 3 : Demandes fermées pendant la période d’établissement de rapport,3.2,3.2 Exemptions,3.2 Exceptions,Exemptions: Number of requests - Section: 20,Exceptions : Nombre de demandes - Article : 20,Q8R24C1
Q3_2Row9Cell1,3,Section 3: Requests closed during the reporting period,Section 3 : Demandes fermées pendant la période d’établissement de rapport,3.2,3.2 Exemptions,3.2 Exceptions,Exemptions: Number of requests - Section: 21,Exceptions : Nombre de demandes - Article : 21,Q8R25C1
Q3_2Row10Cell1,3,Section 3: Requests closed during the reporting period,Section 3 : Demandes fermées pendant la période d’établissement de rapport,3.2,3.2 Exemptions,3.2 Exceptions,Exemptions: Number of requests - Section: 22(1)(a)(i),Exceptions : Nombre de demandes - Article : 22(1)a)(i),Q8R26C1
Q3_2Row11Cell1,3,Section 3: Requests closed during the reporting period,Section 3 : Demandes fermées pendant la période d’établissement de rapport,3.2,3.2 Exemptions,3.2 Exceptions,Exemptions: Number of requests - Section: 22(1)(a)(ii),Exceptions : Nombre de demandes - Article : 22(1)a)(ii),Q8R27C1
Q3_2Row12Cell1,3,Section 3: Requests closed during the reporting period,Section 3 : Demandes fermées pendant la période d’établissement de rapport,3.2,3.2 Exemptions,3.2 Exceptions,Exemptions: Number of requests - Section: 22(1)(a)(iii),Exceptions : Nombre de demandes - Article : 22(1)a)(iii),Q8R28C1
Q3_2Row13Cell1,3,Section 3: Requests closed during the reporting period,Section 3 : Demandes fermées pendant la période d’établissement de rapport,3.2,3.2 Exemptions,3.2 Exceptions,Exemptions: Number of requests - Section: 22(1)(b),Exceptions : Nombre de demandes - Article : 22(1)b),Q9R1C1
Q3_2Row14Cell1,3,Section 3: Requests closed during the reporting period,Section 3 : Demandes fermées pendant la période d’établissement de rapport,3.2,3.2 Exemptions,3.2 Exceptions,Exemptions: Number of requests - Section: 22(1)(c),Exceptions : Nombre de demandes - Article : 22(1)c),Q9R2C1
Q3_2Row15Cell1,3,Section 3: Requests closed during the reporting period,Section 3 : Demandes fermées pendant la période d’établissement de rapport,3.2,3.2 Exemptions,3.2 Exceptions,Exemptions: Number of requests - Section: 22(2),Exceptions : Nombre de demandes - Article : 22(2),Q9R3C1
Q3_2Row16Cell1,3,Section 3: Requests closed during the reporting period,Section 3 : Demandes fermées pendant la période d’établissement de rapport,3.2,3.2 Exemptions,3.2 Exceptions,Exemptions: Number of requests - Section: 22.1,Exceptions : Nombre de demandes - Article : 22.1,Q9R4C1
Q3_2Row17Cell1,3,Section 3: Requests closed during the reporting period,Section 3 : Demandes fermées pendant la période d’établissement de rapport,3.2,3.2 Exemptions,3.2 Exceptions,Exemptions: Number of requests - Section: 22.2,Exceptions : Nombre de demandes - Article : 22.2,Q9R5C1
Q3_2Row18Cell1,3,Section 3: Requests closed during the reporting period,Section 3 : Demandes fermées pendant la période d’établissement de rapport,3.2,3.2 Exemptions,3.2 Exceptions,Exemptions: Number of requests - Section: 22.3,Exceptions : Nombre de demandes - Article : 22.3,Q9R6C1
Q3_2Row19Cell1,3,Section 3: Requests closed during the reporting period,Section 3 : Demandes fermées pendant la période d’établissement de rapport,3.2,3.2 Exemptions,3.2 Exceptions,Exemptions: Number of requests - Section: 22.4,Exceptions : Nombre de demandes - Article : 22.4,Q9R7C1
Q3_2Row20Cell1,3,Section 3: Requests closed during the reporting period,Section 3 : Demandes fermées pendant la période d’établissement de rapport,3.2,3.2 Exemptions,3.2 Exceptions,Exemptions: Number of requests - Section: 23(a),Exceptions : Nombre de demandes - Article : 23a),Q9R8C1
Q3_2Row21Cell1,3,Section 3: Requests closed during the reporting period,Section 3 : Demandes fermées pendant la période d’établissement de rapport,3.2,3.2 Exemptions,3.2 Exceptions,Exemptions: Number of requests - Section: 23(b),Exceptions : Nombre de demandes - Article : 23b),Q9R9C1
Q3_2Row22Cell1,3,Section 3: Requests closed during the reporting period,Section 3 : Demandes fermées pendant la période d’établissement de rapport,3.2,3.2 Exemptions,3.2 Exceptions,Exemptions: Number of requests - Section: 24(a),Exceptions : Nombre de demandes - Article : 24a),Q9R10C1
Q3_2Row23Cell1,3,Section 3: Requests closed during the reporting period,Section 3 : Demandes fermées pendant la période d’établissement de rapport,3.2,3.2 Exemptions,3.2 Exceptions,Exemptions: Number of requests - Section: 24(b),Exceptions : Nombre de demandes - Article : 24b),Q9R11C1
Q3_2Row24Cell1,3,Section 3: Requests closed during the reporting period,Section 3 : Demandes fermées pendant la période d’établissement de rapport,3.2,3.2 Exemptions,3.2 Exceptions,Exemptions: Number of requests - Section: 25,Exceptions : Nombre de demandes - Article : 25,Q10R1C1
Q3_2Row25Cell1,3,Section 3: Requests closed during the reporting period,Section 3 : Demandes fermées pendant la période d’établissement de rapport,3.2,3.2 Exemptions,3.2 Exceptions,Exemptions: Number of requests - Section: 26,Exceptions : Nombre de demandes - Article : 26,Q10R1C2
Q3_2Row26Cell1,3,Section 3: Requests closed during the reporting period,Section 3 : Demandes fermées pendant la période d’établissement de rapport,3.2,3.2 Exemptions,3.2 Exceptions,Exemptions: Number of requests - Section: 27,Exceptions : Nombre de demandes - Article : 27,Q10R1C3
Q3_2Row27Cell1,3,Section 3: Requests closed during the reporting period,Section 3 : Demandes fermées pendant la période d’établissement de rapport,3.2,3.2 Exemptions,3.2 Exceptions,Exemptions: Number of requests - Section: 27.1,Exceptions : Nombre de demandes - Article : 27.1,Q10R1C4
Q3_2Row28Cell1,3,Section 3: Requests closed during the reporting period,Section 3 : Demandes fermées pendant la période d’établissement de rapport,3.2,3.2 Exemptions,3.2 Exceptions,Exemptions: Number of requests - Section: 28,Exceptions : Nombre de demandes - Article : 28,Q10R1C5
Q3_3Row1Cell1,3,Section 3: Requests closed during the reporting period,Section 3 : Demandes fermées pendant la période d’établissement de rapport,3.3,3.3 Exclusions,3.3 Exclusions,Exclusions: Number of requests - Section: 69(1)(a),Exclusions : Nombre de demandes - Article: 69(1)a),Q10R1C6
Q3_3Row2Cell1,3,Section 3: Requests closed during the reporting period,Section 3 : Demandes fermées pendant la période d’établissement de rapport,3.3,3.3 Exclusions,3.3 Exclusions,Exclusions: Number of requests - Section: 69(1)(b),Exclusions : Nombre de demandes - Article: 69(1)b),Q11R1C1
Q3_3Row3Cell1,3,Section 3: Requests closed during the reporting period,Section 3 : Demandes fermées pendant la période d’établissement de rapport,3.3,3.3 Exclusions,3.3 Exclusions,Exclusions: Number of requests - Section: 69.1,Exclusions : Nombre de demandes - Article: 69.1,Q11R1C2
Q3_3Row4Cell1,3,Section 3: Requests closed during the reporting period,Section 3 : Demandes fermées pendant la période d’établissement de rapport,3.3,3.3 Exclusions,3.3 Exclusions,Exclusions: Number of requests - Section: 70(1),Exclusions : Nombre de demandes - Article: 70(1),Q11R1C3
Q3_3Row5Cell1,3,Section 3: Requests closed during the reporting period,Section 3 : Demandes fermées pendant la période d’établissement de rapport,3.3,3.3 Exclusions,3.3 Exclusions,Exclusions: Number of requests - Section: 70(1)(a),Exclusions : Nombre de demandes - Article: 70(1)a),Q12R1C1
Q3_3Row6Cell1,3,Section 3: Requests closed during the reporting period,Section 3 : Demandes fermées pendant la période d’établissement de rapport,3.3,3.3 Exclusions,3.3 Exclusions,Exclusions: Number of requests - Section: 70(1)(b),Exclusions : Nombre de demandes - Article: 70(1)b),Q12R1C2
Q3_3Row7Cell1,3,Section 3: Requests closed during the reporting period,Section 3 : Demandes fermées pendant la période d’établissement de rapport,3.3,3.3 Exclusions,3.3 Exclusions,Exclusions: Number of requests - Section: 70(1)(c),Exclusions : Nombre de demandes - Article: 70(1)c),Q12R1C3
Q3_3Row8Cell1,3,Section 3: Requests closed during the reporting period,Section 3 : Demandes fermées pendant la période d’établissement de rapport,3.3,3.3 Exclusions,3.3 Exclusions,Exclusions: Number of requests - Section: 70(1)(d),Exclusions : Nombre de demandes - Article: 70(1)d),Q12R1C4
Q3_3Row9Cell1,3,Section 3: Requests closed during the reporting period,Section 3 : Demandes fermées pendant la période d’établissement de rapport,3.3,3.3 Exclusions,3.3 Exclusions,Exclusions: Number of requests - Section: 70(1)(e),Exclusions : Nombre de demandes - Article: 70(1)e),Q12R1C5
Q3_3Row10Cell1,3,Section 3: Requests closed during the reporting period,Section 3 : Demandes fermées pendant la période d’établissement de rapport,3.3,3.3 Exclusions,3.3 Exclusions,Exclusions: Number of requests - Section: 70(1)(f),Exclusions : Nombre de demandes - Article: 70(1)f),Q12R1C6
Q3_3Row11Cell1,3,Section 3: Requests closed during the reporting period,Section 3 : Demandes fermées pendant la période d’établissement de rapport,3.3,3.3 Exclusions,3.3 Exclusions,Exclusions: Number of requests - Section: 70.1,Exclusions : Nombre de demandes - Article: 70.1,Q12R1C7
Q3_4Row1Cell1,3,Section 3: Requests closed during the reporting period,Section 3 : Demandes fermées pendant la période d’établissement de rapport,3.4,3.4 Format of information released,3.4 Format des documents communiquées,Format of information released - Paper,Format des documents communiquées - Papier,Q12R1C8
Q3_4Row1Cell2a,3,Section 3: Requests closed during the reporting period,Section 3 : Demandes fermées pendant la période d’établissement de rapport,3.4,3.4 Format of information released,3.4 Format des documents communiquées,Format of information released - Electronic: E-record,Format des documents communiquées - Électronique: Document électronique,Q12R1C9
Q3_4Row1Cell2b,3,Section 3: Requests closed during the reporting period,Section 3 : Demandes fermées pendant la période d’établissement de rapport,3.4,3.4 Format of information released,3.4 Format des documents communiquées,Format of information released - Electronic: Data set,Format des documents communiquées - Électronique: Ensemble de données,Q12R1C10
Q3_4Row1Cell2c,3,Section 3: Requests closed during the reporting period,Section 3 : Demandes fermées pendant la période d’établissement de rapport,3.4,3.4 Format of information released,3.4 Format des documents communiquées,Format of information released - Electronic: Video,Format des documents communiquées - Électronique: Vidéo,Q12R2C1
Q3_4Row1Cell2d,3,Section 3: Requests closed during the reporting period,Section 3 : Demandes fermées pendant la période d’établissement de rapport,3.4,3.4 Format of information released,3.4 Format des documents communiquées,Format of information released - Electronic: Audio,Format des documents communiquées - Électronique: Audio,Q12R2C2
Q3_4Row1Cell3,3,Section 3: Requests closed during the reporting period,Section 3 : Demandes fermées pendant la période d’établissement de rapport,3.4,3.4 Format of information released,3.4 Format des documents communiquées,Format of information released - Other,Format des documents communiquées - Autres,Q12R2C3
Q3_5_1Row1Cell1,3,Section 3: Requests closed during the reporting period,Section 3 : Demandes fermées pendant la période d’établissement de rapport,3.5.1,3.5.1 Relevant pages processed and disclosed forpaperande-recordformats,3.5.1 Pages pertinentes traitées et communiquées en formatspapieretdocument électronique,Relevant pages processed and disclosed for paper and e-record formats - Number of pages processed,Pages pertinentes traitées et communiquées en formats papier et document électronique - Nombre de pages traitées,Q12R2C4
Q3_5_1Row1Cell2,3,Section 3: Requests closed during the reporting period,Section 3 : Demandes fermées pendant la période d’établissement de rapport,3.5.1,3.5.1 Relevant pages processed and disclosed forpaperande-recordformats,3.5.1 Pages pertinentes traitées et communiquées en formatspapieretdocument électronique,Relevant pages processed and disclosed for paper and e-record formats - Number of pages disclosed,Pages pertinentes traitées et communiquées en formats papier et document électronique - Nombre de pages communiquées,Q12R2C5
Q3_5_1Row1Cell3,3,Section 3: Requests closed during the reporting period,Section 3 : Demandes fermées pendant la période d’établissement de rapport,3.5.1,3.5.1 Relevant pages processed and disclosed forpaperande-recordformats,3.5.1 Pages pertinentes traitées et communiquées en formatspapieretdocument électronique,Relevant pages processed and disclosed for paper and e-record formats - Number of requests,Pages pertinentes traitées et communiquées en formats papier et document électronique - Nombre de demandes,Q12R2C6
Q3_5_2Row1Cell1,3,Section 3: Requests closed during the reporting period,Section 3 : Demandes fermées pendant la période d’établissement de rapport,3.5.2,3.5.2 Relevant pages processed by request disposition forpaperande-recordformats by size of requests,3.5.2 Pages pertinentes traitées en fonction de l’ampleur des demandes en formatspapieretdocument électroniquepar disposition des demandes,Less than 100 pages processed: Number of requests - Disposition: All disclosed,Moins de 100 pages traitées: Nombre de demandes - Communication totale,Q12R2C7
Q3_5_2Row2Cell1,3,Section 3: Requests closed during the reporting period,Section 3 : Demandes fermées pendant la période d’établissement de rapport,3.5.2,3.5.2 Relevant pages processed by request disposition forpaperande-recordformats by size of requests,3.5.2 Pages pertinentes traitées en fonction de l’ampleur des demandes en formatspapieretdocument électroniquepar disposition des demandes,Less than 100 pages processed: Number of requests - Disposition: Disclosed in part,Moins de 100 pages traitées: Nombre de demandes - Disposition: Communication partielle,Q12R2C8
Q3_5_2Row3Cell1,3,Section 3: Requests closed during the reporting period,Section 3 : Demandes fermées pendant la période d’établissement de rapport,3.5.2,3.5.2 Relevant pages processed by request disposition forpaperande-recordformats by size of requests,3.5.2 Pages pertinentes traitées en fonction de l’ampleur des demandes en formatspapieretdocument électroniquepar disposition des demandes,Less than 100 pages processed: Number of requests - Disposition: All exempted,Moins de 100 pages traitées: Nombre de demandes - Exception totale,Q12R2C9
Q3_5_2Row4Cell1,3,Section 3: Requests closed during the reporting period,Section 3 : Demandes fermées pendant la période d’établissement de rapport,3.5.2,3.5.2 Relevant pages processed by request disposition forpaperande-recordformats by size of requests,3.5.2 Pages pertinentes traitées en fonction de l’ampleur des demandes en formatspapieretdocument électroniquepar disposition des demandes,Less than 100 pages processed: Number of requests - Disposition: All excluded,Moins de 100 pages traitées: Nombre de demandes - Exclusion totale,Q12R2C10
Q3_5_2Row5Cell1,3,Section 3: Requests closed during the reporting period,Section 3 : Demandes fermées pendant la période d’établissement de rapport,3.5.2,3.5.2 Relevant pages processed by request disposition forpaperande-recordformats by size of requests,3.5.2 Pages pertinentes traitées en fonction de l’ampleur des demandes en formatspapieretdocument électroniquepar disposition des demandes,Less than 100 pages processed: Number of requests - Disposition: Abandoned,Moins de 100 pages traitées: Nombre de demandes - Disposition: Demande abandonnée,Q12R3C1
Q3_5_2Row6Cell1,3,Section 3: Requests closed during the reporting period,Section 3 : Demandes fermées pendant la période d’établissement de rapport,3.5.2,3.5.2 Relevant pages processed by request disposition forpaperande-recordformats by size of requests,3.5.2 Pages pertinentes traitées en fonction de l’ampleur des demandes en formatspapieretdocument électroniquepar disposition des demandes,Less than 100 pages processed: Number of requests - Disposition: Neither confirmed nor denied,Moins de 100 pages traitées: Nombre de demandes - Disposition: Ni confirmée ni infirmée,Q12R3C2
Q3_5_2Row8Cell1,3,Section 3: Requests closed during the reporting period,Section 3 : Demandes fermées pendant la période d’établissement de rapport,3.5.2,3.5.2 Relevant pages processed by request disposition forpaperande-recordformats by size of requests,3.5.2 Pages pertinentes traitées en fonction de l’ampleur des demandes en formatspapieretdocument électroniquepar disposition des demandes,Less than 100 pages processed: Number of requests - Disposition: Total,Moins de 100 pages traitées: Nombre de demandes - Disposition: Total,Q12R3C3
Q3_5_2Row1Cell2,3,Section 3: Requests closed during the reporting period,Section 3 : Demandes fermées pendant la période d’établissement de rapport,3.5.2,3.5.2 Relevant pages processed by request disposition forpaperande-recordformats by size of requests,3.5.2 Pages pertinentes traitées en fonction de l’ampleur des demandes en formatspapieretdocument électroniquepar disposition des demandes,Less than 100 pages processed: Pages processed - Disposition: All disclosed,Moins de 100 pages traitées: Pages traitées - Communication totale,Q12R3C4
Q3_5_2Row2Cell2,3,Section 3: Requests closed during the reporting period,Section 3 : Demandes fermées pendant la période d’établissement de rapport,3.5.2,3.5.2 Relevant pages processed by request disposition forpaperande-recordformats by size of requests,3.5.2 Pages pertinentes traitées en fonction de l’ampleur des demandes en formatspapieretdocument électroniquepar disposition des demandes,Less than 100 pages processed: Pages processed - Disposition: Disclosed in part,Moins de 100 pages traitées: Pages traitées - Disposition: Communication partielle,Q12R3C5
Q3_5_2Row3Cell2,3,Section 3: Requests closed during the reporting period,Section 3 : Demandes fermées pendant la période d’établissement de rapport,3.5.2,3.5.2 Relevant pages processed by request disposition forpaperande-recordformats by size of requests,3.5.2 Pages pertinentes traitées en fonction de l’ampleur des demandes en formatspapieretdocument électroniquepar disposition des demandes,Less than 100 pages processed: Pages processed - Disposition: All exempted,Moins de 100 pages traitées: Pages traitées - Exception totale,Q12R3C6
Q3_5_2Row4Cell2,3,Section 3: Requests closed during the reporting period,Section 3 : Demandes fermées pendant la période d’établissement de rapport,3.5.2,3.5.2 Relevant pages processed by request disposition forpaperande-recordformats by size of requests,3.5.2 Pages pertinentes traitées en fonction de l’ampleur des demandes en formatspapieretdocument électroniquepar disposition des demandes,Less than 100 pages processed: Pages processed - Disposition: All excluded,Moins de 100 pages traitées: Pages traitées - Exclusion totale,Q12R3C7
Q3_5_2Row5Cell2,3,Section 3: Requests closed during the reporting period,Section 3 : Demandes fermées pendant la période d’établissement de rapport,3.5.2,3.5.2 Relevant pages processed by request disposition forpaperande-recordformats by size of requests,3.5.2 Pages pertinentes traitées en fonction de l’ampleur des demandes en formatspapieretdocument électroniquepar disposition des demandes,Less than 100 pages processed: Pages processed - Disposition: Abandoned,Moins de 100 pages traitées: Pages traitées - Disposition: Demande abandonnée,Q12R3C8
Q3_5_2Row6Cell2,3,Section 3: Requests closed during the reporting period,Section 3 : Demandes fermées pendant la période d’établissement de rapport,3.5.2,3.5.2 Relevant pages processed by request disposition forpaperande-recordformats by size of requests,3.5.2 Pages pertinentes traitées en fonction de l’ampleur des demandes en formatspapieretdocument électroniquepar disposition des demandes,Less than 100 pages processed: Pages processed - Disposition: Neither confirmed nor denied,Moins de 100 pages traitées: Pages traitées - Disposition: Ni confirmée ni infirmée,Q12R3C9
Q3_5_2Row8Cell2,3,Section 3: Requests closed during the reporting period,Section 3 : Demandes fermées pendant la période d’établissement de rapport,3.5.2,3.5.2 Relevant pages processed by request disposition forpaperande-recordformats by size of requests,3.5.2 Pages pertinentes traitées en fonction de l’ampleur des demandes en formatspapieretdocument électroniquepar disposition des demandes,Less than 100 pages processed: Pages processed - Disposition: Total,Moins de 100 pages traitées: Pages traitées - Disposition: Total,Q12R3C10
Q3_5_2Row1Cell3,3,Section 3: Requests closed during the reporting period,Section 3 : Demandes fermées pendant la période d’établissement de rapport,3.5.2,3.5.2 Relevant pages processed by request disposition forpaperande-recordformats by size of requests,3.5.2 Pages pertinentes traitées en fonction de l’ampleur des demandes en formatspapieretdocument électroniquepar disposition des demandes,100-500 pages processed: Number of requests - Disposition: All disclosed,101-500 pages processed: Nombre de demandes - Communication totale,Q12R4C1
Q3_5_2Row2Cell3,3,Section 3: Requests closed during the reporting period,Section 3 : Demandes fermées pendant la période d’établissement de rapport,3.5.2,3.5.2 Relevant pages processed by request disposition forpaperande-recordformats by size of requests,3.5.2 Pages pertinentes traitées en fonction de l’ampleur des demandes en formatspapieretdocument électroniquepar disposition des demandes,100-500 pages processed: Number of requests - Disposition: Disclosed in part,101-500 pages processed: Nombre de demandes - Disposition: Communication partielle,Q12R4C2
Q3_5_2Row3Cell3,3,Section 3: Requests closed during the reporting period,Section 3 : Demandes fermées pendant la période d’établissement de rapport,3.5.2,3.5.2 Relevant pages processed by request disposition forpaperande-recordformats by size of requests,3.5.2 Pages pertinentes traitées en fonction de l’ampleur des demandes en formatspapieretdocument électroniquepar disposition des demandes,100-500 pages processed: Number of requests - Disposition: All exempted,101-500 pages processed: Nombre de demandes - Exception totale,Q12R4C3
Q3_5_2Row4Cell3,3,Section 3: Requests closed during the reporting period,Section 3 : Demandes fermées pendant la période d’établissement de rapport,3.5.2,3.5.2 Relevant pages processed by request disposition forpaperande-recordformats by size of requests,3.5.2 Pages pertinentes traitées en fonction de l’ampleur des demandes en formatspapieretdocument électroniquepar disposition des demandes,100-500 pages processed: Number of requests - Disposition: All excluded,101-500 pages processed: Nombre de demandes - Exclusion totale,Q12R4C4
Q3_5_2Row5Cell3,3,Section 3: Requests closed during the reporting period,Section 3 : Demandes fermées pendant la période d’établissement de rapport,3.5.2,3.5.2 Relevant pages processed by request disposition forpaperande-recordformats by size of requests,3.5.2 Pages pertinentes traitées en fonction de l’ampleur des demandes en formatspapieretdocument électroniquepar disposition des demandes,100-500 pages processed: Number of requests - Disposition: Abandoned,101-500 pages processed: Nombre de demandes - Disposition: Demande abandonnée,Q12R4C5
Q3_5_2Row6Cell3,3,Section 3: Requests closed during the reporting period,Section 3 : Demandes fermées pendant la période d’établissement de rapport,3.5.2,3.5.2 Relevant pages processed by request disposition forpaperande-recordformats by size of requests,3.5.2 Pages pertinentes traitées en fonction de l’ampleur des demandes en formatspapieretdocument électroniquepar disposition des demandes,100-500 pages processed: Number of requests - Disposition: Neither confirmed nor denied,101-500 pages processed: Nombre de demandes - Disposition: Ni confirmée ni infirmée,Q12R4C6
Q3_5_2Row8Cell3,3,Section 3: Requests closed during the reporting period,Section 3 : Demandes fermées pendant la période d’établissement de rapport,3.5.2,3.5.2 Relevant pages processed by request disposition forpaperande-recordformats by size of requests,3.5.2 Pages pertinentes traitées en fonction de l’ampleur des demandes en formatspapieretdocument électroniquepar disposition des demandes,100-500 pages processed: Number of requests - Disposition: Total,101-500 pages processed: Nombre de demandes - Disposition: Total,Q12R4C7
Q3_5_2Row1Cell4,3,Section 3: Requests closed during the reporting period,Section 3 : Demandes fermées pendant la période d’établissement de rapport,3.5.2,3.5.2 Relevant pages processed by request disposition forpaperande-recordformats by size of requests,3.5.2 Pages pertinentes traitées en fonction de l’ampleur des demandes en formatspapieretdocument électroniquepar disposition des demandes,100-500 pages processed: Pages processed - Disposition: All disclosed,101-500 pages processed: Pages traitées - Communication totale,Q12R4C8
Q3_5_2Row2Cell4,3,Section 3: Requests closed during the reporting period,Section 3 : Demandes fermées pendant la période d’établissement de rapport,3.5.2,3.5.2 Relevant pages processed by request disposition forpaperande-recordformats by size of requests,3.5.2 Pages pertinentes traitées en fonction de l’ampleur des demandes en formatspapieretdocument électroniquepar disposition des demandes,100-500 pages processed: Pages processed - Disposition: Disclosed in part,101-500 pages processed: Pages traitées - Disposition: Communication partielle,Q12R4C9
Q3_5_2Row3Cell4,3,Section 3: Requests closed during the reporting period,Section 3 : Demandes fermées pendant la période d’établissement de rapport,3.5.2,3.5.2 Relevant pages processed by request disposition forpaperande-recordformats by size of requests,3.5.2 Pages pertinentes traitées en fonction de l’ampleur des demandes en formatspapieretdocument électroniquepar disposition des demandes,100-500 pages processed: Pages processed - Disposition: All exempted,101-500 pages processed: Pages traitées - Exception totale,Q12R4C10
Q3_5_2Row4Cell4,3,Section 3: Requests closed during the reporting period,Section 3 : Demandes fermées pendant la période d’établissement de rapport,3.5.2,3.5.2 Relevant pages processed by request disposition forpaperande-recordformats by size of requests,3.5.2 Pages pertinentes traitées en fonction de l’ampleur des demandes en formatspapieretdocument électroniquepar disposition des demandes,100-500 pages processed: Pages processed - Disposition: All excluded,101-500 pages processed: Pages traitées - Exclusion totale,Q12R5C1
Q3_5_2Row5Cell4,3,Section 3: Requests closed during the reporting period,Section 3 : Demandes fermées pendant la période d’établissement de rapport,3.5.2,3.5.2 Relevant pages processed by request disposition forpaperande-recordformats by size of requests,3.5.2 Pages pertinentes traitées en fonction de l’ampleur des demandes en formatspapieretdocument électroniquepar disposition des demandes,100-500 pages processed: Pages processed - Disposition: Abandoned,101-500 pages processed: Pages traitées - Disposition: Demande abandonnée,Q12R5C2
Q3_5_2Row6Cell4,3,Section 3: Requests closed during the reporting period,Section 3 : Demandes fermées pendant la période d’établissement de rapport,3.5.2,3.5.2 Relevant pages processed by request disposition forpaperande-recordformats by size of requests,3.5.2 Pages pertinentes traitées en fonction de l’ampleur des demandes en formatspapieretdocument électroniquepar disposition des demandes,100-500 pages processed: Pages processed - Disposition: Neither confirmed nor denied,101-500 pages processed: Pages traitées - Disposition: Ni confirmée ni infirmée,Q12R5C3
Q3_5_2Row8Cell4,3,Section 3: Requests closed during the reporting period,Section 3 : Demandes fermées pendant la période d’établissement de rapport,3.5.2,3.5.2 Relevant pages processed by request disposition forpaperande-recordformats by size of requests,3.5.2 Pages pertinentes traitées en fonction de l’ampleur des demandes en formatspapieretdocument électroniquepar disposition des demandes,100-500 pages processed: Pages processed - Disposition: Total,101-500 pages processed: Pages traitées - Disposition: Total,Q12R5C4
Q3_5_2Row1Cell5,3,Section 3: Requests closed during the reporting period,Section 3 : Demandes fermées pendant la période d’établissement de rapport,3.5.2,3.5.2 Relevant pages processed by request disposition forpaperande-recordformats by size of requests,3.5.2 Pages pertinentes traitées en fonction de l’ampleur des demandes en formatspapieretdocument électroniquepar disposition des demandes,501-1000 pages processed: Number of requests - Disposition: All disclosed,501 à 1 000 pages traitées: Nombre de demandes - Communication totale,Q12R5C5
Q3_5_2Row2Cell5,3,Section 3: Requests closed during the reporting period,Section 3 : Demandes fermées pendant la période d’établissement de rapport,3.5.2,3.5.2 Relevant pages processed by request disposition forpaperande-recordformats by size of requests,3.5.2 Pages pertinentes traitées en fonction de l’ampleur des demandes en formatspapieretdocument électroniquepar disposition des demandes,501-1000 pages processed: Number of requests - Disposition: Disclosed in part,501 à 1 000 pages traitées: Nombre de demandes - Disposition: Communication partielle,Q12R5C6
Q3_5_2Row3Cell5,3,Section 3: Requests closed during the reporting period,Section 3 : Demandes fermées pendant la période d’établissement de rapport,3.5.2,3.5.2 Relevant pages processed by request disposition forpaperande-recordformats by size of requests,3.5.2 Pages pertinentes traitées en fonction de l’ampleur des demandes en formatspapieretdocument électroniquepar disposition des demandes,501-1000 pages processed: Number of requests - Disposition: All exempted,501 à 1 000 pages traitées: Nombre de demandes - Exception totale,Q12R5C7
Q3_5_2Row4Cell5,3,Section 3: Requests closed during the reporting period,Section 3 : Demandes fermées pendant la période d’établissement de rapport,3.5.2,3.5.2 Relevant pages processed by request disposition forpaperande-recordformats by size of requests,3.5.2 Pages pertinentes traitées en fonction de l’ampleur des demandes en formatspapieretdocument électroniquepar disposition des demandes,501-1000 pages processed: Number of requests - Disposition: All excluded,501 à 1 000 pages traitées: Nombre de demandes - Exclusion totale,Q12R5C8
Q3_5_2Row5Cell5,3,Section 3: Requests closed during the reporting period,Section 3 : Demandes fermées pendant la période d’établissement de rapport,3.5.2,3.5.2 Relevant pages processed by request disposition forpaperande-recordformats by size of requests,3.5.2 Pages pertinentes traitées en fonction de l’ampleur des demandes en formatspapieretdocument électroniquepar disposition des demandes,501-1000 pages processed: Number of requests - Disposition: Abandoned,501 à 1 000 pages traitées: Nombre de demandes - Disposition: Demande abandonnée,Q12R5C9
Q3_5_2Row6Cell5,3,Section 3: Requests closed during the reporting period,Section 3 : Demandes fermées pendant la période d’établissement de rapport,3.5.2,3.5.2 Relevant pages processed by request disposition forpaperande-recordformats by size of requests,3.5.2 Pages pertinentes traitées en fonction de l’ampleur des demandes en formatspapieretdocument électroniquepar disposition des demandes,501-1000 pages processed: Number of requests - Disposition: Neither confirmed nor denied,501 à 1 000 pages traitées: Nombre de demandes - Disposition: Ni confirmée ni infirmée,Q12R5C10
Q3_5_2Row8Cell5,3,Section 3: Requests closed during the reporting period,Section 3 : Demandes fermées pendant la période d’établissement de rapport,3.5.2,3.5.2 Relevant pages processed by request disposition forpaperande-recordformats by size of requests,3.5.2 Pages pertinentes traitées en fonction de l’ampleur des demandes en formatspapieretdocument électroniquepar disposition des demandes,501-1000 pages processed: Number of requests - Disposition: Total,501 à 1 000 pages traitées: Nombre de demandes - Disposition: Total,Q12R6C1
Q3_5_2Row1Cell6,3,Section 3: Requests closed during the reporting period,Section 3 : Demandes fermées pendant la période d’établissement de rapport,3.5.2,3.5.2 Relevant pages processed by request disposition forpaperande-recordformats by size of requests,3.5.2 Pages pertinentes traitées en fonction de l’ampleur des demandes en formatspapieretdocument électroniquepar disposition des demandes,501-1000 pages processed: Pages processed - Disposition: All disclosed,501 à 1 000 pages traitées: Pages traitées - Communication totale,Q12R6C2
Q3_5_2Row2Cell6,3,Section 3: Requests closed during the reporting period,Section 3 : Demandes fermées pendant la période d’établissement de rapport,3.5.2,3.5.2 Relevant pages processed by request disposition forpaperande-recordformats by size of requests,3.5.2 Pages pertinentes traitées en fonction de l’ampleur des demandes en formatspapieretdocument électroniquepar disposition des demandes,501-1000 pages processed: Pages processed - Disposition: Disclosed in part,501 à 1 000 pages traitées: Pages traitées - Disposition: Communication partielle,Q12R6C3
Q3_5_2Row3Cell6,3,Section 3: Requests closed during the reporting period,Section 3 : Demandes fermées pendant la période d’établissement de rapport,3.5.2,3.5.2 Relevant pages processed by request disposition forpaperande-recordformats by size of requests,3.5.2 Pages pertinentes traitées en fonction de l’ampleur des demandes en formatspapieretdocument électroniquepar disposition des demandes,501-1000 pages processed: Pages processed - Disposition: All exempted,501 à 1 000 pages traitées: Pages traitées - Exception totale,Q12R6C4
Q3_5_2Row4Cell6,3,Section 3: Requests closed during the reporting period,Section 3 : Demandes fermées pendant la période d’établissement de rapport,3.5.2,3.5.2 Relevant pages processed by request disposition forpaperande-recordformats by size of requests,3.5.2 Pages pertinentes traitées en fonction de l’ampleur des demandes en formatspapieretdocument électroniquepar disposition des demandes,501-1000 pages processed: Pages processed - Disposition: All excluded,501 à 1 000 pages traitées: Pages traitées - Exclusion totale,Q12R6C5
Q3_5_2Row5Cell6,3,Section 3: Requests closed during the reporting period,Section 3 : Demandes fermées pendant la période d’établissement de rapport,3.5.2,3.5.2 Relevant pages processed by request disposition forpaperande-recordformats by size of requests,3.5.2 Pages pertinentes traitées en fonction de l’ampleur des demandes en formatspapieretdocument électroniquepar disposition des demandes,501-1000 pages processed: Pages processed - Disposition: Abandoned,501 à 1 000 pages traitées: Pages traitées - Disposition: Demande abandonnée,Q12R6C6
Q3_5_2Row6Cell6,3,Section 3: Requests closed during the reporting period,Section 3 : Demandes fermées pendant la période d’établissement de rapport,3.5.2,3.5.2 Relevant pages processed by request disposition forpaperande-recordformats by size of requests,3.5.2 Pages pertinentes traitées en fonction de l’ampleur des demandes en formatspapieretdocument électroniquepar disposition des demandes,501-1000 pages processed: Pages processed - Disposition: Neither confirmed nor denied,501 à 1 000 pages traitées: Pages traitées - Disposition: Ni confirmée ni infirmée,Q12R6C7
Q3_5_2Row8Cell6,3,Section 3: Requests closed during the reporting period,Section 3 : Demandes fermées pendant la période d’établissement de rapport,3.5.2,3.5.2 Relevant pages processed by request disposition forpaperande-recordformats by size of requests,3.5.2 Pages pertinentes traitées en fonction de l’ampleur des demandes en formatspapieretdocument électroniquepar disposition des demandes,501-1000 pages processed: Pages processed - Disposition: Total,501 à 1 000 pages traitées: Pages traitées - Disposition: Total,Q12R6C8
Q3_5_2Row1Cell7,3,Section 3: Requests closed during the reporting period,Section 3 : Demandes fermées pendant la période d’établissement de rapport,3.5.2,3.5.2 Relevant pages processed by request disposition forpaperande-recordformats by size of requests,3.5.2 Pages pertinentes traitées en fonction de l’ampleur des demandes en formatspapieretdocument électroniquepar disposition des demandes,1001-5000 pages processed: Number of requests - Disposition: All disclosed,1 001 à 5 000 pages traitées: Nombre de demandes - Communication totale,Q12R6C9
Q3_5_2Row2Cell7,3,Section 3: Requests closed during the reporting period,Section 3 : Demandes fermées pendant la période d’établissement de rapport,3.5.2,3.5.2 Relevant pages processed by request disposition forpaperande-recordformats by size of requests,3.5.2 Pages pertinentes traitées en fonction de l’ampleur des demandes en formatspapieretdocument électroniquepar disposition des demandes,1001-5000 pages processed: Number of requests - Disposition: Disclosed in part,1 001 à 5 000 pages traitées: Nombre de demandes - Disposition: Communication partielle,Q12R6C10
Q3_5_2Row3Cell7,3,Section 3: Requests closed during the reporting period,Section 3 : Demandes fermées pendant la période d’établissement de rapport,3.5.2,3.5.2 Relevant pages processed by request disposition forpaperande-recordformats by size of requests,3.5.2 Pages pertinentes traitées en fonction de l’ampleur des demandes en formatspapieretdocument électroniquepar disposition des demandes,1001-5000 pages processed: Number of requests - Disposition: All exempted,1 001 à 5 000 pages traitées: Nombre de demandes - Exception totale,Q13R1C1
Q3_5_2Row4Cell7,3,Section 3: Requests closed during the reporting period,Section 3 : Demandes fermées pendant la période d’établissement de rapport,3.5.2,3.5.2 Relevant pages processed by request disposition forpaperande-recordformats by size of requests,3.5.2 Pages pertinentes traitées en fonction de l’ampleur des demandes en formatspapieretdocument électroniquepar disposition des demandes,1001-5000 pages processed: Number of requests - Disposition: All excluded,1 001 à 5 000 pages traitées: Nombre de demandes - Exclusion totale,Q13R1C2
Q3_5_2Row5Cell7,3,Section 3: Requests closed during the reporting period,Section 3 : Demandes fermées pendant la période d’établissement de rapport,3.5.2,3.5.2 Relevant pages processed by request disposition forpaperande-recordformats by size of requests,3.5.2 Pages pertinentes traitées en fonction de l’ampleur des demandes en formatspapieretdocument électroniquepar disposition des demandes,1001-5000 pages processed: Number of requests - Disposition: Abandoned,1 001 à 5 000 pages traitées: Nombre de demandes - Disposition: Demande abandonnée,Q13R1C3
Q3_5_2Row6Cell7,3,Section 3: Requests closed during the reporting period,Section 3 : Demandes fermées pendant la période d’établissement de rapport,3.5.2,3.5.2 Relevant pages processed by request disposition forpaperande-recordformats by size of requests,3.5.2 Pages pertinentes traitées en fonction de l’ampleur des demandes en formatspapieretdocument électroniquepar disposition des demandes,1001-5000 pages processed: Number of requests - Disposition: Neither confirmed nor denied,1 001 à 5 000 pages traitées: Nombre de demandes - Disposition: Ni confirmée ni infirmée,Q14R1C1
Q3_5_2Row8Cell7,3,Section 3: Requests closed during the reporting period,Section 3 : Demandes fermées pendant la période d’établissement de rapport,3.5.2,3.5.2 Relevant pages processed by request disposition forpaperande-recordformats by size of requests,3.5.2 Pages pertinentes traitées en fonction de l’ampleur des demandes en formatspapieretdocument électroniquepar disposition des demandes,1001-5000 pages processed: Number of requests - Disposition: Total,1 001 à 5 000 pages traitées: Nombre de demandes - Disposition: Total,Q14R1C2
Q3_5_2Row1Cell8,3,Section 3: Requests closed during the reporting period,Section 3 : Demandes fermées pendant la période d’établissement de rapport,3.5.2,3.5.2 Relevant pages processed by request disposition forpaperande-recordformats by size of requests,3.5.2 Pages pertinentes traitées en fonction de l’ampleur des demandes en formatspapieretdocument électroniquepar disposition des demandes,1001-5000 pages processed: Pages processed - Disposition: All disclosed,1 001 à 5 000 pages traitées: Pages traitées - Communication totale,Q14R1C3
Q3_5_2Row2Cell8,3,Section 3: Requests closed during the reporting period,Section 3 : Demandes fermées pendant la période d’établissement de rapport,3.5.2,3.5.2 Relevant pages processed by request disposition forpaperande-recordformats by size of requests,3.5.2 Pages pertinentes traitées en fonction de l’ampleur des demandes en formatspapieretdocument électroniquepar disposition des demandes,1001-5000 pages processed: Pages processed - Disposition: Disclosed in part,1 001 à 5 000 pages traitées: Pages traitées - Disposition: Communication partielle,Q14R1C4
Q3_5_2Row3Cell8,3,Section 3: Requests closed during the reporting period,Section 3 : Demandes fermées pendant la période d’établissement de rapport,3.5.2,3.5.2 Relevant pages processed by request disposition forpaperande-recordformats by size of requests,3.5.2 Pages pertinentes traitées en fonction de l’ampleur des demandes en formatspapieretdocument électroniquepar disposition des demandes,1001-5000 pages processed: Pages processed - Disposition: All exempted,1 001 à 5 000 pages traitées: Pages traitées - Exception totale,Q14R1C5
Q3_5_2Row4Cell8,3,Section 3: Requests closed during the reporting period,Section 3 : Demandes fermées pendant la période d’établissement de rapport,3.5.2,3.5.2 Relevant pages processed by request disposition forpaperande-recordformats by size of requests,3.5.2 Pages pertinentes traitées en fonction de l’ampleur des demandes en formatspapieretdocument électroniquepar disposition des demandes,1001-5000 pages processed: Pages processed - Disposition: All excluded,1 001 à 5 000 pages traitées: Pages traitées - Exclusion totale,Q14R1C6
Q3_5_2Row5Cell8,3,Section 3: Requests closed during the reporting period,Section 3 : Demandes fermées pendant la période d’établissement de rapport,3.5.2,3.5.2 Relevant pages processed by request disposition forpaperande-recordformats by size of requests,3.5.2 Pages pertinentes traitées en fonction de l’ampleur des demandes en formatspapieretdocument électroniquepar disposition des demandes,1001-5000 pages processed: Pages processed - Disposition: Abandoned,1 001 à 5 000 pages traitées: Pages traitées - Disposition: Demande abandonnée,Q14R2C1
Q3_5_2Row6Cell8,3,Section 3: Requests closed during the reporting period,Section 3 : Demandes fermées pendant la période d’établissement de rapport,3.5.2,3.5.2 Relevant pages processed by request disposition forpaperande-recordformats by size of requests,3.5.2 Pages pertinentes traitées en fonction de l’ampleur des demandes en formatspapieretdocument électroniquepar disposition des demandes,1001-5000 pages processed: Pages processed - Disposition: Neither confirmed nor denied,1 001 à 5 000 pages traitées: Pages traitées - Disposition: Ni confirmée ni infirmée,Q14R2C2
Q3_5_2Row8Cell8,3,Section 3: Requests closed during the reporting period,Section 3 : Demandes fermées pendant la période d’établissement de rapport,3.5.2,3.5.2 Relevant pages processed by request disposition forpaperande-recordformats by size of requests,3.5.2 Pages pertinentes traitées en fonction de l’ampleur des demandes en formatspapieretdocument électroniquepar disposition des demandes,1001-5000 pages processed: Pages processed - Disposition: Total,1 001 à 5 000 pages traitées: Pages traitées - Disposition: Total,Q14R2C3
Q3_5_2Row1Cell9,3,Section 3: Requests closed during the reporting period,Section 3 : Demandes fermées pendant la période d’établissement de rapport,3.5.2,3.5.2 Relevant pages processed by request disposition forpaperande-recordformats by size of requests,3.5.2 Pages pertinentes traitées en fonction de l’ampleur des demandes en formatspapieretdocument électroniquepar disposition des demandes,More than 5000 pages processed: Number of requests - Disposition: All disclosed,Plus de 5 000 pages traitées: Nombre de demandes - Communication totale,Q14R2C4
Q3_5_2Row2Cell9,3,Section 3: Requests closed during the reporting period,Section 3 : Demandes fermées pendant la période d’établissement de rapport,3.5.2,3.5.2 Relevant pages processed by request disposition forpaperande-recordformats by size of requests,3.5.2 Pages pertinentes traitées en fonction de l’ampleur des demandes en formatspapieretdocument électroniquepar disposition des demandes,More than 5000 pages processed: Number of requests - Disposition: Disclosed in part,Plus de 5 000 pages traitées: Nombre de demandes - Disposition: Communication partielle,Q14R2C5
Q3_5_2Row3Cell9,3,Section 3: Requests closed during the reporting period,Section 3 : Demandes fermées pendant la période d’établissement de rapport,3.5.2,3.5.2 Relevant pages processed by request disposition forpaperande-recordformats by size of requests,3.5.2 Pages pertinentes traitées en fonction de l’ampleur des demandes en formatspapieretdocument électroniquepar disposition des demandes,More than 5000 pages processed: Number of requests - Disposition: All exempted,Plus de 5 000 pages traitées: Nombre de demandes - Exception totale,Q14R2C6
Q3_5_2Row4Cell9,3,Section 3: Requests closed during the reporting period,Section 3 : Demandes fermées pendant la période d’établissement de rapport,3.5.2,3.5.2 Relevant pages processed by request disposition forpaperande-recordformats by size of requests,3.5.2 Pages pertinentes traitées en fonction de l’ampleur des demandes en formatspapieretdocument électroniquepar disposition des demandes,More than 5000 pages processed: Number of requests - Disposition: All excluded,Plus de 5 000 pages traitées: Nombre de demandes - Exclusion totale,Q14R3C1
Q3_5_2Row5Cell9,3,Section 3: Requests closed during the reporting period,Section 3 : Demandes fermées pendant la période d’établissement de rapport,3.5.2,3.5.2 Relevant pages processed by request disposition forpaperande-recordformats by size of requests,3.5.2 Pages pertinentes traitées en fonction de l’ampleur des demandes en formatspapieretdocument électroniquepar disposition des demandes,More than 5000 pages processed: Number of requests - Disposition: Abandoned,Plus de 5 000 pages traitées: Nombre de demandes - Disposition: Demande abandonnée,Q14R3C2
Q3_5_2Row6Cell9,3,Section 3: Requests closed during the reporting period,Section 3 : Demandes fermées pendant la période d’établissement de rapport,3.5.2,3.5.2 Relevant pages processed by request disposition forpaperande-recordformats by size of requests,3.5.2 Pages pertinentes traitées en fonction de l’ampleur des demandes en formatspapieretdocument électroniquepar disposition des demandes,More than 5000 pages processed: Number of requests - Disposition: Neither confirmed nor denied,Plus de 5 000 pages traitées: Nombre de demandes - Disposition: Ni confirmée ni infirmée,Q14R3C3
Q3_5_2Row8Cell9,3,Section 3: Requests closed during the reporting period,Section 3 : Demandes fermées pendant la période d’établissement de rapport,3.5.2,3.5.2 Relevant pages processed by request disposition forpaperande-recordformats by size of requests,3.5.2 Pages pertinentes traitées en fonction de l’ampleur des demandes en formatspapieretdocument électroniquepar disposition des demandes,More than 5000 pages processed: Number of requests - Disposition: Total,Plus de 5 000 pages traitées: Nombre de demandes - Disposition: Total,Q14R3C4
Q3_5_2Row1Cell10,3,Section 3: Requests closed during the reporting period,Section 3 : Demandes fermées pendant la période d’établissement de rapport,3.5.2,3.5.2 Relevant pages processed by request disposition forpaperande-recordformats by size of requests,3.5.2 Pages pertinentes traitées en fonction de l’ampleur des demandes en formatspapieretdocument électroniquepar disposition des demandes,More than 5000 pages processed: Pages processed - Disposition: All disclosed,Plus de 5 000 pages traitées: Pages traitées - Communication totale,Q14R3C5
Q3_5_2Row2Cell10,3,Section 3: Requests closed during the reporting period,Section 3 : Demandes fermées pendant la période d’établissement de rapport,3.5.2,3.5.2 Relevant pages processed by request disposition forpaperande-recordformats by size of requests,3.5.2 Pages pertinentes traitées en fonction de l’ampleur des demandes en formatspapieretdocument électroniquepar disposition des demandes,More than 5000 pages processed: Pages processed - Disposition: Disclosed in part,Plus de 5 000 pages traitées: Pages traitées - Disposition: Communication partielle,Q14R3C6
Q3_5_2Row3Cell10,3,Section 3: Requests closed during the reporting period,Section 3 : Demandes fermées pendant la période d’établissement de rapport,3.5.2,3.5.2 Relevant pages processed by request disposition forpaperande-recordformats by size of requests,3.5.2 Pages pertinentes traitées en fonction de l’ampleur des demandes en formatspapieretdocument électroniquepar disposition des demandes,More than 5000 pages processed: Pages processed - Disposition: All exempted,Plus de 5 000 pages traitées: Pages traitées - Exception totale,Q14R4C1
Q3_5_2Row4Cell10,3,Section 3: Requests closed during the reporting period,Section 3 : Demandes fermées pendant la période d’établissement de rapport,3.5.2,3.5.2 Relevant pages processed by request disposition forpaperande-recordformats by size of requests,3.5.2 Pages pertinentes traitées en fonction de l’ampleur des demandes en formatspapieretdocument électroniquepar disposition des demandes,More than 5000 pages processed: Pages processed - Disposition: All excluded,Plus de 5 000 pages traitées: Pages traitées - Exclusion totale,Q14R4C2
Q3_5_2Row5Cell10,3,Section 3: Requests closed during the reporting period,Section 3 : Demandes fermées pendant la période d’établissement de rapport,3.5.2,3.5.2 Relevant pages processed by request disposition forpaperande-recordformats by size of requests,3.5.2 Pages pertinentes traitées en fonction de l’ampleur des demandes en formatspapieretdocument électroniquepar disposition des demandes,More than 5000 pages processed: Pages processed - Disposition: Abandoned,Plus de 5 000 pages traitées: Pages traitées - Disposition: Demande abandonnée,Q14R4C3
Q3_5_2Row6Cell10,3,Section 3: Requests closed during the reporting period,Section 3 : Demandes fermées pendant la période d’établissement de rapport,3.5.2,3.5.2 Relevant pages processed by request disposition forpaperande-recordformats by size of requests,3.5.2 Pages pertinentes traitées en fonction de l’ampleur des demandes en formatspapieretdocument électroniquepar disposition des demandes,More than 5000 pages processed: Pages processed - Disposition: Neither confirmed nor denied,Plus de 5 000 pages traitées: Pages traitées - Disposition: Ni confirmée ni infirmée,Q14R4C4
Q3_5_2Row8Cell10,3,Section 3: Requests closed during the reporting period,Section 3 : Demandes fermées pendant la période d’établissement de rapport,3.5.2,3.5.2 Relevant pages processed by request disposition forpaperande-recordformats by size of requests,3.5.2 Pages pertinentes traitées en fonction de l’ampleur des demandes en formatspapieretdocument électroniquepar disposition des demandes,More than 5000 pages processed: Pages processed - Disposition: Total,Plus de 5 000 pages traitées: Pages traitées - Disposition: Total,Q14R4C5
Q3_5_3Row1Cell1,3,Section 3: Requests closed during the reporting period,Section 3 : Demandes fermées pendant la période d’établissement de rapport,3.5.3,3.5.3 Relevant minutes processed and disclosed foraudioformats,3.5.3 Minutes pertinentes traitées et communiquées en formataudio,Relevant minutes processed and disclosed for audio formats - Number of minutes processed,Minutes pertinentes traitées et communiquées en format audio - Nombre de minutes traitées,Q14R4C6
Q3_5_3Row1Cell2,3,Section 3: Requests closed during the reporting period,Section 3 : Demandes fermées pendant la période d’établissement de rapport,3.5.3,3.5.3 Relevant minutes processed and disclosed foraudioformats,3.5.3 Minutes pertinentes traitées et communiquées en formataudio,Relevant minutes processed and disclosed for audio formats - Number of minutes disclosed,Minutes pertinentes traitées et communiquées en format audio - Nombre de minutes communiquées,Q14R5C1
Q3_5_3Row1Cell3,3,Section 3: Requests closed during the reporting period,Section 3 : Demandes fermées pendant la période d’établissement de rapport,3.5.3,3.5.3 Relevant minutes processed and disclosed foraudioformats,3.5.3 Minutes pertinentes traitées et communiquées en formataudio,Relevant minutes processed and disclosed for audio formats - Number of requests,Minutes pertinentes traitées et communiquées en format audio - Nombre de demandes,Q14R5C2
Q3_5_4Row1Cell1,3,Section 3: Requests closed during the reporting period,Section 3 : Demandes fermées pendant la période d’établissement de rapport,3.5.4,3.5.4 Relevant minutes processed per request disposition foraudioformats by size of requests,3.5.4 Minutes pertinentes traitées en fonction de l’ampleur des demandes en formataudiopar disposition des demandes,Relevant minutes processed per request disposition for audio formats by size of requests - Less Than 60 Minutes Processed: Number of requests - Disposition: All disclosed,Minutes pertinentes traitées en fonction de l’ampleur des demandes en format audio par disposition des demandes - Moins de 60 minutes traitées: Nombre de demandes - Communication totale,Q14R5C3
Q3_5_4Row2Cell1,3,Section 3: Requests closed during the reporting period,Section 3 : Demandes fermées pendant la période d’établissement de rapport,3.5.4,3.5.4 Relevant minutes processed per request disposition foraudioformats by size of requests,3.5.4 Minutes pertinentes traitées en fonction de l’ampleur des demandes en formataudiopar disposition des demandes,Relevant minutes processed per request disposition for audio formats by size of requests - Less Than 60 Minutes Processed: Number of requests - Disposition: Disclosed in part,Minutes pertinentes traitées en fonction de l’ampleur des demandes en format audio par disposition des demandes - Moins de 60 minutes traitées: Nombre de demandes - Disposition: Communication partielle,Q14R5C4
Q3_5_4Row3Cell1,3,Section 3: Requests closed during the reporting period,Section 3 : Demandes fermées pendant la période d’établissement de rapport,3.5.4,3.5.4 Relevant minutes processed per request disposition foraudioformats by size of requests,3.5.4 Minutes pertinentes traitées en fonction de l’ampleur des demandes en formataudiopar disposition des demandes,Relevant minutes processed per request disposition for audio formats by size of requests - Less Than 60 Minutes Processed: Number of requests - Disposition: All exempted,Minutes pertinentes traitées en fonction de l’ampleur des demandes en format audio par disposition des demandes - Moins de 60 minutes traitées: Nombre de demandes - Exception totale,Q14R5C5
Q3_5_4Row4Cell1,3,Section 3: Requests closed during the reporting period,Section 3 : Demandes fermées pendant la période d’établissement de rapport,3.5.4,3.5.4 Relevant minutes processed per request disposition foraudioformats by size of requests,3.5.4 Minutes pertinentes traitées en fonction de l’ampleur des demandes en formataudiopar disposition des demandes,Relevant minutes processed per request disposition for audio formats by size of requests - Less Than 60 Minutes Processed: Number of requests - Disposition: All excluded,Minutes pertinentes traitées en fonction de l’ampleur des demandes en format audio par disposition des demandes - Moins de 60 minutes traitées: Nombre de demandes - Exclusion totale,Q14R5C6
Q3_5_4Row5Cell1,3,Section 3: Requests closed during the reporting period,Section 3 : Demandes fermées pendant la période d’établissement de rapport,3.5.4,3.5.4 Relevant minutes processed per request disposition foraudioformats by size of requests,3.5.4 Minutes pertinentes traitées en fonction de l’ampleur des demandes en formataudiopar disposition des demandes,Relevant minutes processed per request disposition for audio formats by size of requests - Less Than 60 Minutes Processed: Number of requests - Disposition: Abandoned,Minutes pertinentes traitées en fonction de l’ampleur des demandes en format audio par disposition des demandes - Moins de 60 minutes traitées: Nombre de demandes - Disposition: Demande abandonnée,Q14R6C1
Q3_5_4Row6Cell1,3,Section 3: Requests closed during the reporting period,Section 3 : Demandes fermées pendant la période d’établissement de rapport,3.5.4,3.5.4 Relevant minutes processed per request disposition foraudioformats by size of requests,3.5.4 Minutes pertinentes traitées en fonction de l’ampleur des demandes en formataudiopar disposition des demandes,Relevant minutes processed per request disposition for audio formats by size of requests - Less Than 60 Minutes Processed: Number of requests - Disposition: Neither confirmed nor denied,Minutes pertinentes traitées en fonction de l’ampleur des demandes en format audio par disposition des demandes - Moins de 60 minutes traitées: Nombre de demandes - Disposition: Ni confirmée ni infirmée,Q14R6C2
Q3_5_4Row8Cell1,3,Section 3: Requests closed during the reporting period,Section 3 : Demandes fermées pendant la période d’établissement de rapport,3.5.4,3.5.4 Relevant minutes processed per request disposition foraudioformats by size of requests,3.5.4 Minutes pertinentes traitées en fonction de l’ampleur des demandes en formataudiopar disposition des demandes,Relevant minutes processed per request disposition for audio formats by size of requests - Less Than 60 Minutes Processed: Number of requests - Disposition: Total,Minutes pertinentes traitées en fonction de l’ampleur des demandes en format audio par disposition des demandes - Moins de 60 minutes traitées: Nombre de demandes - Disposition: Total,Q14R6C3
Q3_5_4Row1Cell2,3,Section 3: Requests closed during the reporting period,Section 3 : Demandes fermées pendant la période d’établissement de rapport,3.5.4,3.5.4 Relevant minutes processed per request disposition foraudioformats by size of requests,3.5.4 Minutes pertinentes traitées en fonction de l’ampleur des demandes en formataudiopar disposition des demandes,Relevant minutes processed per request disposition for audio formats by size of requests - Less Than 60 Minutes Processed: Minutes processed - Disposition: All disclosed,Minutes pertinentes traitées en fonction de l’ampleur des demandes en format audio par disposition des demandes - Moins de 60 minutes traitées: Minutes traitées - Communication totale,Q14R6C4
Q3_5_4Row2Cell2,3,Section 3: Requests closed during the reporting period,Section 3 : Demandes fermées pendant la période d’établissement de rapport,3.5.4,3.5.4 Relevant minutes processed per request disposition foraudioformats by size of requests,3.5.4 Minutes pertinentes traitées en fonction de l’ampleur des demandes en formataudiopar disposition des demandes,Relevant minutes processed per request disposition for audio formats by size of requests - Less Than 60 Minutes Processed: Minutes processed - Disposition: Disclosed in part,Minutes pertinentes traitées en fonction de l’ampleur des demandes en format audio par disposition des demandes - Moins de 60 minutes traitées: Minutes traitées - Disposition: Communication partielle,Q14R6C5
Q3_5_4Row3Cell2,3,Section 3: Requests closed during the reporting period,Section 3 : Demandes fermées pendant la période d’établissement de rapport,3.5.4,3.5.4 Relevant minutes processed per request disposition foraudioformats by size of requests,3.5.4 Minutes pertinentes traitées en fonction de l’ampleur des demandes en formataudiopar disposition des demandes,Relevant minutes processed per request disposition for audio formats by size of requests - Less Than 60 Minutes Processed: Minutes processed - Disposition: All exempted,Minutes pertinentes traitées en fonction de l’ampleur des demandes en format audio par disposition des demandes - Moins de 60 minutes traitées: Minutes traitées - Exception totale,Q14R6C6
Q3_5_4Row4Cell2,3,Section 3: Requests closed during the reporting period,Section 3 : Demandes fermées pendant la période d’établissement de rapport,3.5.4,3.5.4 Relevant minutes processed per request disposition foraudioformats by size of requests,3.5.4 Minutes pertinentes traitées en fonction de l’ampleur des demandes en formataudiopar disposition des demandes,Relevant minutes processed per request disposition for audio formats by size of requests - Less Than 60 Minutes Processed: Minutes processed - Disposition: All excluded,Minutes pertinentes traitées en fonction de l’ampleur des demandes en format audio par disposition des demandes - Moins de 60 minutes traitées: Minutes traitées - Exclusion totale,Q15R1C1
Q3_5_4Row5Cell2,3,Section 3: Requests closed during the reporting period,Section 3 : Demandes fermées pendant la période d’établissement de rapport,3.5.4,3.5.4 Relevant minutes processed per request disposition foraudioformats by size of requests,3.5.4 Minutes pertinentes traitées en fonction de l’ampleur des demandes en formataudiopar disposition des demandes,Relevant minutes processed per request disposition for audio formats by size of requests - Less Than 60 Minutes Processed: Minutes processed - Disposition: Abandoned,Minutes pertinentes traitées en fonction de l’ampleur des demandes en format audio par disposition des demandes - Moins de 60 minutes traitées: Minutes traitées - Disposition: Demande abandonnée,Q15R1C2
Q3_5_4Row6Cell2,3,Section 3: Requests closed during the reporting period,Section 3 : Demandes fermées pendant la période d’établissement de rapport,3.5.4,3.5.4 Relevant minutes processed per request disposition foraudioformats by size of requests,3.5.4 Minutes pertinentes traitées en fonction de l’ampleur des demandes en formataudiopar disposition des demandes,Relevant minutes processed per request disposition for audio formats by size of requests - Less Than 60 Minutes Processed: Minutes processed - Disposition: Neither confirmed nor denied,Minutes pertinentes traitées en fonction de l’ampleur des demandes en format audio par disposition des demandes - Moins de 60 minutes traitées: Minutes traitées - Disposition: Ni confirmée ni infirmée,Q15R1C3
Q3_5_4Row8Cell2,3,Section 3: Requests closed during the reporting period,Section 3 : Demandes fermées pendant la période d’établissement de rapport,3.5.4,3.5.4 Relevant minutes processed per request disposition foraudioformats by size of requests,3.5.4 Minutes pertinentes traitées en fonction de l’ampleur des demandes en formataudiopar disposition des demandes,Relevant minutes processed per request disposition for audio formats by size of requests - Less Than 60 Minutes Processed: Minutes processed - Disposition: Total,Minutes pertinentes traitées en fonction de l’ampleur des demandes en format audio par disposition des demandes - Moins de 60 minutes traitées: Minutes traitées - Disposition: Total,Q16R1C1
Q3_5_4Row1Cell3,3,Section 3: Requests closed during the reporting period,Section 3 : Demandes fermées pendant la période d’établissement de rapport,3.5.4,3.5.4 Relevant minutes processed per request disposition foraudioformats by size of requests,3.5.4 Minutes pertinentes traitées en fonction de l’ampleur des demandes en formataudiopar disposition des demandes,Relevant minutes processed per request disposition for audio formats by size of requests - 60 - 120 Minutes Processed: Number of requests - Disposition: All disclosed,Minutes pertinentes traitées en fonction de l’ampleur des demandes en format audio par disposition des demandes - 60 - 120 minutes traitées: Nombre de demandes - Communication totale,Q16R1C2
Q3_5_4Row2Cell3,3,Section 3: Requests closed during the reporting period,Section 3 : Demandes fermées pendant la période d’établissement de rapport,3.5.4,3.5.4 Relevant minutes processed per request disposition foraudioformats by size of requests,3.5.4 Minutes pertinentes traitées en fonction de l’ampleur des demandes en formataudiopar disposition des demandes,Relevant minutes processed per request disposition for audio formats by size of requests - 60 - 120 Minutes Processed: Number of requests - Disposition: Disclosed in part,Minutes pertinentes traitées en fonction de l’ampleur des demandes en format audio par disposition des demandes - 60 - 120 minutes traitées: Nombre de demandes - Disposition: Communication partielle,Q16R1C3
Q3_5_4Row3Cell3,3,Section 3: Requests closed during the reporting period,Section 3 : Demandes fermées pendant la période d’établissement de rapport,3.5.4,3.5.4 Relevant minutes processed per request disposition foraudioformats by size of requests,3.5.4 Minutes pertinentes traitées en fonction de l’ampleur des demandes en formataudiopar disposition des demandes,Relevant minutes processed per request disposition for audio formats by size of requests - 60 - 120 Minutes Processed: Number of requests - Disposition: All exempted,Minutes pertinentes traitées en fonction de l’ampleur des demandes en format audio par disposition des demandes - 60 - 120 minutes traitées: Nombre de demandes - Exception totale,Q16R1C4
Q3_5_4Row4Cell3,3,Section 3: Requests closed during the reporting period,Section 3 : Demandes fermées pendant la période d’établissement de rapport,3.5.4,3.5.4 Relevant minutes processed per request disposition foraudioformats by size of requests,3.5.4 Minutes pertinentes traitées en fonction de l’ampleur des demandes en formataudiopar disposition des demandes,Relevant minutes processed per request disposition for audio formats by size of requests - 60 - 120 Minutes Processed: Number of requests - Disposition: All excluded,Minutes pertinentes traitées en fonction de l’ampleur des demandes en format audio par disposition des demandes - 60 - 120 minutes traitées: Nombre de demandes - Exclusion totale,Q16R1C5
Q3_5_4Row5Cell3,3,Section 3: Requests closed during the reporting period,Section 3 : Demandes fermées pendant la période d’établissement de rapport,3.5.4,3.5.4 Relevant minutes processed per request disposition foraudioformats by size of requests,3.5.4 Minutes pertinentes traitées en fonction de l’ampleur des demandes en formataudiopar disposition des demandes,Relevant minutes processed per request disposition for audio formats by size of requests - 60 - 120 Minutes Processed: Number of requests - Disposition: Abandoned,Minutes pertinentes traitées en fonction de l’ampleur des demandes en format audio par disposition des demandes - 60 - 120 minutes traitées: Nombre de demandes - Disposition: Demande abandonnée,Q16R1C6
Q3_5_4Row6Cell3,3,Section 3: Requests closed during the reporting period,Section 3 : Demandes fermées pendant la période d’établissement de rapport,3.5.4,3.5.4 Relevant minutes processed per request disposition foraudioformats by size of requests,3.5.4 Minutes pertinentes traitées en fonction de l’ampleur des demandes en formataudiopar disposition des demandes,Relevant minutes processed per request disposition for audio formats by size of requests - 60 - 120 Minutes Processed: Number of requests - Disposition: Neither confirmed nor denied,Minutes pertinentes traitées en fonction de l’ampleur des demandes en format audio par disposition des demandes - 60 - 120 minutes traitées: Nombre de demandes - Disposition: Ni confirmée ni infirmée,Q16R2C1
Q3_5_4Row8Cell3,3,Section 3: Requests closed during the reporting period,Section 3 : Demandes fermées pendant la période d’établissement de rapport,3.5.4,3.5.4 Relevant minutes processed per request disposition foraudioformats by size of requests,3.5.4 Minutes pertinentes traitées en fonction de l’ampleur des demandes en formataudiopar disposition des demandes,Relevant minutes processed per request disposition for audio formats by size of requests - 60 - 120 Minutes Processed: Number of requests - Disposition: Total,Minutes pertinentes traitées en fonction de l’ampleur des demandes en format audio par disposition des demandes - 60 - 120 minutes traitées: Nombre de demandes - Disposition: Total,Q16R2C2
Q3_5_4Row1Cell4,3,Section 3: Requests closed during the reporting period,Section 3 : Demandes fermées pendant la période d’établissement de rapport,3.5.4,3.5.4 Relevant minutes processed per request disposition foraudioformats by size of requests,3.5.4 Minutes pertinentes traitées en fonction de l’ampleur des demandes en formataudiopar disposition des demandes,Relevant minutes processed per request disposition for audio formats by size of requests - 60 - 120 Minutes Processed: Minutes processed - Disposition: All disclosed,Minutes pertinentes traitées en fonction de l’ampleur des demandes en format audio par disposition des demandes - 60 - 120 minutes traitées: Minutes traitées - Communication totale,Q16R2C3
Q3_5_4Row2Cell4,3,Section 3: Requests closed during the reporting period,Section 3 : Demandes fermées pendant la période d’établissement de rapport,3.5.4,3.5.4 Relevant minutes processed per request disposition foraudioformats by size of requests,3.5.4 Minutes pertinentes traitées en fonction de l’ampleur des demandes en formataudiopar disposition des demandes,Relevant minutes processed per request disposition for audio formats by size of requests - 60 - 120 Minutes Processed: Minutes processed - Disposition: Disclosed in part,Minutes pertinentes traitées en fonction de l’ampleur des demandes en format audio par disposition des demandes - 60 - 120 minutes traitées: Minutes traitées - Disposition: Communication partielle,Q16R2C4
Q3_5_4Row3Cell4,3,Section 3: Requests closed during the reporting period,Section 3 : Demandes fermées pendant la période d’établissement de rapport,3.5.4,3.5.4 Relevant minutes processed per request disposition foraudioformats by size of requests,3.5.4 Minutes pertinentes traitées en fonction de l’ampleur des demandes en formataudiopar disposition des demandes,Relevant minutes processed per request disposition for audio formats by size of requests - 60 - 120 Minutes Processed: Minutes processed - Disposition: All exempted,Minutes pertinentes traitées en fonction de l’ampleur des demandes en format audio par disposition des demandes - 60 - 120 minutes traitées: Minutes traitées - Exception totale,Q16R2C5
Q3_5_4Row4Cell4,3,Section 3: Requests closed during the reporting period,Section 3 : Demandes fermées pendant la période d’établissement de rapport,3.5.4,3.5.4 Relevant minutes processed per request disposition foraudioformats by size of requests,3.5.4 Minutes pertinentes traitées en fonction de l’ampleur des demandes en formataudiopar disposition des demandes,Relevant minutes processed per request disposition for audio formats by size of requests - 60 - 120 Minutes Processed: Minutes processed - Disposition: All excluded,Minutes pertinentes traitées en fonction de l’ampleur des demandes en format audio par disposition des demandes - 60 - 120 minutes traitées: Minutes traitées - Exclusion totale,Q16R2C6
Q3_5_4Row5Cell4,3,Section 3: Requests closed during the reporting period,Section 3 : Demandes fermées pendant la période d’établissement de rapport,3.5.4,3.5.4 Relevant minutes processed per request disposition foraudioformats by size of requests,3.5.4 Minutes pertinentes traitées en fonction de l’ampleur des demandes en formataudiopar disposition des demandes,Relevant minutes processed per request disposition for audio formats by size of requests - 60 - 120 Minutes Processed: Minutes processed - Disposition: Abandoned,Minutes pertinentes traitées en fonction de l’ampleur des demandes en format audio par disposition des demandes - 60 - 120 minutes traitées: Minutes traitées - Disposition: Demande abandonnée,Q16R3C1
Q3_5_4Row6Cell4,3,Section 3: Requests closed during the reporting period,Section 3 : Demandes fermées pendant la période d’établissement de rapport,3.5.4,3.5.4 Relevant minutes processed per request disposition foraudioformats by size of requests,3.5.4 Minutes pertinentes traitées en fonction de l’ampleur des demandes en formataudiopar disposition des demandes,Relevant minutes processed per request disposition for audio formats by size of requests - 60 - 120 Minutes Processed: Minutes processed - Disposition: Neither confirmed nor denied,Minutes pertinentes traitées en fonction de l’ampleur des demandes en format audio par disposition des demandes - 60 - 120 minutes traitées: Minutes traitées - Disposition: Ni confirmée ni infirmée,Q16R3C2
Q3_5_4Row8Cell4,3,Section 3: Requests closed during the reporting period,Section 3 : Demandes fermées pendant la période d’établissement de rapport,3.5.4,3.5.4 Relevant minutes processed per request disposition foraudioformats by size of requests,3.5.4 Minutes pertinentes traitées en fonction de l’ampleur des demandes en formataudiopar disposition des demandes,Relevant minutes processed per request disposition for audio formats by size of requests - 60 - 120 Minutes Processed: Minutes processed - Disposition: Total,Minutes pertinentes traitées en fonction de l’ampleur des demandes en format audio par disposition des demandes - 60 - 120 minutes traitées: Minutes traitées - Disposition: Total,Q16R3C3
Q3_5_4Row1Cell5,3,Section 3: Requests closed during the reporting period,Section 3 : Demandes fermées pendant la période d’établissement de rapport,3.5.4,3.5.4 Relevant minutes processed per request disposition foraudioformats by size of requests,3.5.4 Minutes pertinentes traitées en fonction de l’ampleur des demandes en formataudiopar disposition des demandes,Relevant minutes processed per request disposition for audio formats by size of requests - More than 120 Minutes Processed: Number of requests - Disposition: All disclosed,Minutes pertinentes traitées en fonction de l’ampleur des demandes en format audio par disposition des demandes - Plus de 120 minutes traitées: Nombre de demandes - Communication totale,Q16R3C4
Q3_5_4Row2Cell5,3,Section 3: Requests closed during the reporting period,Section 3 : Demandes fermées pendant la période d’établissement de rapport,3.5.4,3.5.4 Relevant minutes processed per request disposition foraudioformats by size of requests,3.5.4 Minutes pertinentes traitées en fonction de l’ampleur des demandes en formataudiopar disposition des demandes,Relevant minutes processed per request disposition for audio formats by size of requests - More than 120 Minutes Processed: Number of requests - Disposition: Disclosed in part,Minutes pertinentes traitées en fonction de l’ampleur des demandes en format audio par disposition des demandes - Plus de 120 minutes traitées: Nombre de demandes - Disposition: Communication partielle,Q16R3C5
Q3_5_4Row3Cell5,3,Section 3: Requests closed during the reporting period,Section 3 : Demandes fermées pendant la période d’établissement de rapport,3.5.4,3.5.4 Relevant minutes processed per request disposition foraudioformats by size of requests,3.5.4 Minutes pertinentes traitées en fonction de l’ampleur des demandes en formataudiopar disposition des demandes,Relevant minutes processed per request disposition for audio formats by size of requests - More than 120 Minutes Processed: Number of requests - Disposition: All exempted,Minutes pertinentes traitées en fonction de l’ampleur des demandes en format audio par disposition des demandes - Plus de 120 minutes traitées: Nombre de demandes - Exception totale,Q16R3C6
Q3_5_4Row4Cell5,3,Section 3: Requests closed during the reporting period,Section 3 : Demandes fermées pendant la période d’établissement de rapport,3.5.4,3.5.4 Relevant minutes processed per request disposition foraudioformats by size of requests,3.5.4 Minutes pertinentes traitées en fonction de l’ampleur des demandes en formataudiopar disposition des demandes,Relevant minutes processed per request disposition for audio formats by size of requests - More than 120 Minutes Processed: Number of requests - Disposition: All excluded,Minutes pertinentes traitées en fonction de l’ampleur des demandes en format audio par disposition des demandes - Plus de 120 minutes traitées: Nombre de demandes - Exclusion totale,Q16R4C1
Q3_5_4Row5Cell5,3,Section 3: Requests closed during the reporting period,Section 3 : Demandes fermées pendant la période d’établissement de rapport,3.5.4,3.5.4 Relevant minutes processed per request disposition foraudioformats by size of requests,3.5.4 Minutes pertinentes traitées en fonction de l’ampleur des demandes en formataudiopar disposition des demandes,Relevant minutes processed per request disposition for audio formats by size of requests - More than 120 Minutes Processed: Number of requests - Disposition: Abandoned,Minutes pertinentes traitées en fonction de l’ampleur des demandes en format audio par disposition des demandes - Plus de 120 minutes traitées: Nombre de demandes - Disposition: Demande abandonnée,Q16R4C2
Q3_5_4Row6Cell5,3,Section 3: Requests closed during the reporting period,Section 3 : Demandes fermées pendant la période d’établissement de rapport,3.5.4,3.5.4 Relevant minutes processed per request disposition foraudioformats by size of requests,3.5.4 Minutes pertinentes traitées en fonction de l’ampleur des demandes en formataudiopar disposition des demandes,Relevant minutes processed per request disposition for audio formats by size of requests - More than 120 Minutes Processed: Number of requests - Disposition: Neither confirmed nor denied,Minutes pertinentes traitées en fonction de l’ampleur des demandes en format audio par disposition des demandes - Plus de 120 minutes traitées: Nombre de demandes - Disposition: Ni confirmée ni infirmée,Q16R4C3
Q3_5_4Row8Cell5,3,Section 3: Requests closed during the reporting period,Section 3 : Demandes fermées pendant la période d’établissement de rapport,3.5.4,3.5.4 Relevant minutes processed per request disposition foraudioformats by size of requests,3.5.4 Minutes pertinentes traitées en fonction de l’ampleur des demandes en formataudiopar disposition des demandes,Relevant minutes processed per request disposition for audio formats by size of requests - More than 120 Minutes Processed: Number of requests - Disposition: Total,Minutes pertinentes traitées en fonction de l’ampleur des demandes en format audio par disposition des demandes - Plus de 120 minutes traitées: Nombre de demandes - Disposition: Total,Q16R4C4
Q3_5_4Row1Cell6,3,Section 3: Requests closed during the reporting period,Section 3 : Demandes fermées pendant la période d’établissement de rapport,3.5.4,3.5.4 Relevant minutes processed per request disposition foraudioformats by size of requests,3.5.4 Minutes pertinentes traitées en fonction de l’ampleur des demandes en formataudiopar disposition des demandes,Relevant minutes processed per request disposition for audio formats by size of requests - More than 120 Minutes Processed: Minutes processed - Disposition: All disclosed,Minutes pertinentes traitées en fonction de l’ampleur des demandes en format audio par disposition des demandes - Plus de 120 minutes traitées: Minutes traitées - Communication totale,Q16R4C5
Q3_5_4Row2Cell6,3,Section 3: Requests closed during the reporting period,Section 3 : Demandes fermées pendant la période d’établissement de rapport,3.5.4,3.5.4 Relevant minutes processed per request disposition foraudioformats by size of requests,3.5.4 Minutes pertinentes traitées en fonction de l’ampleur des demandes en formataudiopar disposition des demandes,Relevant minutes processed per request disposition for audio formats by size of requests - More than 120 Minutes Processed: Minutes processed - Disposition: Disclosed in part,Minutes pertinentes traitées en fonction de l’ampleur des demandes en format audio par disposition des demandes - Plus de 120 minutes traitées: Minutes traitées - Disposition: Communication partielle,Q16R4C6
Q3_5_4Row3Cell6,3,Section 3: Requests closed during the reporting period,Section 3 : Demandes fermées pendant la période d’établissement de rapport,3.5.4,3.5.4 Relevant minutes processed per request disposition foraudioformats by size of requests,3.5.4 Minutes pertinentes traitées en fonction de l’ampleur des demandes en formataudiopar disposition des demandes,Relevant minutes processed per request disposition for audio formats by size of requests - More than 120 Minutes Processed: Minutes processed - Disposition: All exempted,Minutes pertinentes traitées en fonction de l’ampleur des demandes en format audio par disposition des demandes - Plus de 120 minutes traitées: Minutes traitées - Exception totale,Q16R5C1
Q3_5_4Row4Cell6,3,Section 3: Requests closed during the reporting period,Section 3 : Demandes fermées pendant la période d’établissement de rapport,3.5.4,3.5.4 Relevant minutes processed per request disposition foraudioformats by size of requests,3.5.4 Minutes pertinentes traitées en fonction de l’ampleur des demandes en formataudiopar disposition des demandes,Relevant minutes processed per request disposition for audio formats by size of requests - More than 120 Minutes Processed: Minutes processed - Disposition: All excluded,Minutes pertinentes traitées en fonction de l’ampleur des demandes en format audio par disposition des demandes - Plus de 120 minutes traitées: Minutes traitées - Exclusion totale,Q16R5C2
Q3_5_4Row5Cell6,3,Section 3: Requests closed during the reporting period,Section 3 : Demandes fermées pendant la période d’établissement de rapport,3.5.4,3.5.4 Relevant minutes processed per request disposition foraudioformats by size of requests,3.5.4 Minutes pertinentes traitées en fonction de l’ampleur des demandes en formataudiopar disposition des demandes,Relevant minutes processed per request disposition for audio formats by size of requests - More than 120 Minutes Processed: Minutes processed - Disposition: Abandoned,Minutes pertinentes traitées en fonction de l’ampleur des demandes en format audio par disposition des demandes - Plus de 120 minutes traitées: Minutes traitées - Disposition: Demande abandonnée,Q16R5C3
Q3_5_4Row6Cell6,3,Section 3: Requests closed during the reporting period,Section 3 : Demandes fermées pendant la période d’établissement de rapport,3.5.4,3.5.4 Relevant minutes processed per request disposition foraudioformats by size of requests,3.5.4 Minutes pertinentes traitées en fonction de l’ampleur des demandes en formataudiopar disposition des demandes,Relevant minutes processed per request disposition for audio formats by size of requests - More than 120 Minutes Processed: Minutes processed - Disposition: Neither confirmed nor denied,Minutes pertinentes traitées en fonction de l’ampleur des demandes en format audio par disposition des demandes - Plus de 120 minutes traitées: Minutes traitées - Disposition: Ni confirmée ni infirmée,Q16R5C4
Q3_5_4Row8Cell6,3,Section 3: Requests closed during the reporting period,Section 3 : Demandes fermées pendant la période d’établissement de rapport,3.5.4,3.5.4 Relevant minutes processed per request disposition foraudioformats by size of requests,3.5.4 Minutes pertinentes traitées en fonction de l’ampleur des demandes en formataudiopar disposition des demandes,Relevant minutes processed per request disposition for audio formats by size of requests - More than 120 Minutes Processed: Minutes processed - Disposition: Total,Minutes pertinentes traitées en fonction de l’ampleur des demandes en format audio par disposition des demandes - Plus de 120 minutes traitées: Minutes traitées - Disposition: Total,Q16R5C5
Q3_5_5Row1Cell1,3,Section 3: Requests closed during the reporting period,Section 3 : Demandes fermées pendant la période d’établissement de rapport,3.5.5,3.5.5 Relevant minutes processed and disclosed forvideoformats,3.5.5 Minutes pertinentes traitées et communiquées en formatvidéo,Relevant minutes processed and disclosed for video formats - Number of minutes processed,Minutes pertinentes traitées et communiquées en format vidéo - Nombre de minutes traitées,Q16R5C6
Q3_5_5Row1Cell2,3,Section 3: Requests closed during the reporting period,Section 3 : Demandes fermées pendant la période d’établissement de rapport,3.5.5,3.5.5 Relevant minutes processed and disclosed forvideoformats,3.5.5 Minutes pertinentes traitées et communiquées en formatvidéo,Relevant minutes processed and disclosed for video formats - Number of minutes disclosed,Minutes pertinentes traitées et communiquées en format vidéo - Nombre de minutes communiquées,Q16R6C1
Q3_5_5Row1Cell3,3,Section 3: Requests closed during the reporting period,Section 3 : Demandes fermées pendant la période d’établissement de rapport,3.5.5,3.5.5 Relevant minutes processed and disclosed forvideoformats,3.5.5 Minutes pertinentes traitées et communiquées en formatvidéo,Relevant minutes processed and disclosed for video formats - Number of requests,Minutes pertinentes traitées et communiquées en format vidéo - Nombre de demandes,Q16R6C2
Q3_5_6Row1Cell1,3,Section 3: Requests closed during the reporting period,Section 3 : Demandes fermées pendant la période d’établissement de rapport,3.5.6,3.5.6 Relevant minutes processed per request disposition forvideoformats by size of requests,3.5.6 Minutes pertinentes traitées en fonction de l’ampleur des demandes en formatvidéopar disposition des demandes,Relevant minutes processed per request disposition for video formats by size of requests - Less Than 60 Minutes Processed: Number of requests - Disposition: All disclosed,Minutes pertinentes traitées en fonction de l’ampleur des demandes en format vidéo par disposition des demandes - Moins de 60 minutes traitées: Nombre de demandes - Communication totale,Q16R6C3
Q3_5_6Row2Cell1,3,Section 3: Requests closed during the reporting period,Section 3 : Demandes fermées pendant la période d’établissement de rapport,3.5.6,3.5.6 Relevant minutes processed per request disposition forvideoformats by size of requests,3.5.6 Minutes pertinentes traitées en fonction de l’ampleur des demandes en formatvidéopar disposition des demandes,Relevant minutes processed per request disposition for video formats by size of requests - Less Than 60 Minutes Processed: Number of requests - Disposition: Disclosed in part,Minutes pertinentes traitées en fonction de l’ampleur des demandes en format vidéo par disposition des demandes - Moins de 60 minutes traitées: Nombre de demandes - Disposition: Communication partielle,Q16R6C4
Q3_5_6Row3Cell1,3,Section 3: Requests closed during the reporting period,Section 3 : Demandes fermées pendant la période d’établissement de rapport,3.5.6,3.5.6 Relevant minutes processed per request disposition forvideoformats by size of requests,3.5.6 Minutes pertinentes traitées en fonction de l’ampleur des demandes en formatvidéopar disposition des demandes,Relevant minutes processed per request disposition for video formats by size of requests - Less Than 60 Minutes Processed: Number of requests - Disposition: All exempted,Minutes pertinentes traitées en fonction de l’ampleur des demandes en format vidéo par disposition des demandes - Moins de 60 minutes traitées: Nombre de demandes - Exception totale,Q16R6C5
Q3_5_6Row4Cell1,3,Section 3: Requests closed during the reporting period,Section 3 : Demandes fermées pendant la période d’établissement de rapport,3.5.6,3.5.6 Relevant minutes processed per request disposition forvideoformats by size of requests,3.5.6 Minutes pertinentes traitées en fonction de l’ampleur des demandes en formatvidéopar disposition des demandes,Relevant minutes processed per request disposition for video formats by size of requests - Less Than 60 Minutes Processed: Number of requests - Disposition: All excluded,Minutes pertinentes traitées en fonction de l’ampleur des demandes en format vidéo par disposition des demandes - Moins de 60 minutes traitées: Nombre de demandes - Exclusion totale,Q16R6C6
Q3_5_6Row5Cell1,3,Section 3: Requests closed during the reporting period,Section 3 : Demandes fermées pendant la période d’établissement de rapport,3.5.6,3.5.6 Relevant minutes processed per request disposition forvideoformats by size of requests,3.5.6 Minutes pertinentes traitées en fonction de l’ampleur des demandes en formatvidéopar disposition des demandes,Relevant minutes processed per request disposition for video formats by size of requests - Less Than 60 Minutes Processed: Number of requests - Disposition: Abandoned,Minutes pertinentes traitées en fonction de l’ampleur des demandes en format vidéo par disposition des demandes - Moins de 60 minutes traitées: Nombre de demandes - Disposition: Demande abandonnée,Q17R1C1
Q3_5_6Row6Cell1,3,Section 3: Requests closed during the reporting period,Section 3 : Demandes fermées pendant la période d’établissement de rapport,3.5.6,3.5.6 Relevant minutes processed per request disposition forvideoformats by size of requests,3.5.6 Minutes pertinentes traitées en fonction de l’ampleur des demandes en formatvidéopar disposition des demandes,Relevant minutes processed per request disposition for video formats by size of requests - Less Than 60 Minutes Processed: Number of requests - Disposition: Neither confirmed nor denied,Minutes pertinentes traitées en fonction de l’ampleur des demandes en format vidéo par disposition des demandes - Moins de 60 minutes traitées: Nombre de demandes - Disposition: Ni confirmée ni infirmée,Q17R1C2
Q3_5_6Row8Cell1,3,Section 3: Requests closed during the reporting period,Section 3 : Demandes fermées pendant la période d’établissement de rapport,3.5.6,3.5.6 Relevant minutes processed per request disposition forvideoformats by size of requests,3.5.6 Minutes pertinentes traitées en fonction de l’ampleur des demandes en formatvidéopar disposition des demandes,Relevant minutes processed per request disposition for video formats by size of requests - Less Than 60 Minutes Processed: Number of requests - Disposition: Total,Minutes pertinentes traitées en fonction de l’ampleur des demandes en format vidéo par disposition des demandes - Moins de 60 minutes traitées: Nombre de demandes - Disposition: Total,Q17R1C3
Q3_5_6Row1Cell2,3,Section 3: Requests closed during the reporting period,Section 3 : Demandes fermées pendant la période d’établissement de rapport,3.5.6,3.5.6 Relevant minutes processed per request disposition forvideoformats by size of requests,3.5.6 Minutes pertinentes traitées en fonction de l’ampleur des demandes en formatvidéopar disposition des demandes,Relevant minutes processed per request disposition for video formats by size of requests - Less Than 60 Minutes Processed: Minutes processed - Disposition: All disclosed,Minutes pertinentes traitées en fonction de l’ampleur des demandes en format vidéo par disposition des demandes - Moins de 60 minutes traitées: Minutes traitées - Communication totale,Q17R1C4
Q3_5_6Row2Cell2,3,Section 3: Requests closed during the reporting period,Section 3 : Demandes fermées pendant la période d’établissement de rapport,3.5.6,3.5.6 Relevant minutes processed per request disposition forvideoformats by size of requests,3.5.6 Minutes pertinentes traitées en fonction de l’ampleur des demandes en formatvidéopar disposition des demandes,Relevant minutes processed per request disposition for video formats by size of requests - Less Than 60 Minutes Processed: Minutes processed - Disposition: Disclosed in part,Minutes pertinentes traitées en fonction de l’ampleur des demandes en format vidéo par disposition des demandes - Moins de 60 minutes traitées: Minutes traitées - Disposition: Communication partielle,Q17R2C1
Q3_5_6Row3Cell2,3,Section 3: Requests closed during the reporting period,Section 3 : Demandes fermées pendant la période d’établissement de rapport,3.5.6,3.5.6 Relevant minutes processed per request disposition forvideoformats by size of requests,3.5.6 Minutes pertinentes traitées en fonction de l’ampleur des demandes en formatvidéopar disposition des demandes,Relevant minutes processed per request disposition for video formats by size of requests - Less Than 60 Minutes Processed: Minutes processed - Disposition: All exempted,Minutes pertinentes traitées en fonction de l’ampleur des demandes en format vidéo par disposition des demandes - Moins de 60 minutes traitées: Minutes traitées - Exception totale,Q17R2C2
Q3_5_6Row4Cell2,3,Section 3: Requests closed during the reporting period,Section 3 : Demandes fermées pendant la période d’établissement de rapport,3.5.6,3.5.6 Relevant minutes processed per request disposition forvideoformats by size of requests,3.5.6 Minutes pertinentes traitées en fonction de l’ampleur des demandes en formatvidéopar disposition des demandes,Relevant minutes processed per request disposition for video formats by size of requests - Less Than 60 Minutes Processed: Minutes processed - Disposition: All excluded,Minutes pertinentes traitées en fonction de l’ampleur des demandes en format vidéo par disposition des demandes - Moins de 60 minutes traitées: Minutes traitées - Exclusion totale,Q17R2C3
Q3_5_6Row5Cell2,3,Section 3: Requests closed during the reporting period,Section 3 : Demandes fermées pendant la période d’établissement de rapport,3.5.6,3.5.6 Relevant minutes processed per request disposition forvideoformats by size of requests,3.5.6 Minutes pertinentes traitées en fonction de l’ampleur des demandes en formatvidéopar disposition des demandes,Relevant minutes processed per request disposition for video formats by size of requests - Less Than 60 Minutes Processed: Minutes processed - Disposition: Abandoned,Minutes pertinentes traitées en fonction de l’ampleur des demandes en format vidéo par disposition des demandes - Moins de 60 minutes traitées: Minutes traitées - Disposition: Demande abandonnée,Q17R2C4
Q3_5_6Row6Cell2,3,Section 3: Requests closed during the reporting period,Section 3 : Demandes fermées pendant la période d’établissement de rapport,3.5.6,3.5.6 Relevant minutes processed per request disposition forvideoformats by size of requests,3.5.6 Minutes pertinentes traitées en fonction de l’ampleur des demandes en formatvidéopar disposition des demandes,Relevant minutes processed per request disposition for video formats by size of requests - Less Than 60 Minutes Processed: Minutes processed - Disposition: Neither confirmed nor denied,Minutes pertinentes traitées en fonction de l’ampleur des demandes en format vidéo par disposition des demandes - Moins de 60 minutes traitées: Minutes traitées - Disposition: Ni confirmée ni infirmée,Q17R3C1
Q3_5_6Row8Cell2,3,Section 3: Requests closed during the reporting period,Section 3 : Demandes fermées pendant la période d’établissement de rapport,3.5.6,3.5.6 Relevant minutes processed per request disposition forvideoformats by size of requests,3.5.6 Minutes pertinentes traitées en fonction de l’ampleur des demandes en formatvidéopar disposition des demandes,Relevant minutes processed per request disposition for video formats by size of requests - Less Than 60 Minutes Processed: Minutes processed - Disposition: Total,Minutes pertinentes traitées en fonction de l’ampleur des demandes en format vidéo par disposition des demandes - Moins de 60 minutes traitées: Minutes traitées - Disposition: Total,Q17R3C2
Q3_5_6Row1Cell3,3,Section 3: Requests closed during the reporting period,Section 3 : Demandes fermées pendant la période d’établissement de rapport,3.5.6,3.5.6 Relevant minutes processed per request disposition forvideoformats by size of requests,3.5.6 Minutes pertinentes traitées en fonction de l’ampleur des demandes en formatvidéopar disposition des demandes,Relevant minutes processed per request disposition for video formats by size of requests - 60 - 120 Minutes Processed: Number of requests - Disposition: All disclosed,Minutes pertinentes traitées en fonction de l’ampleur des demandes en format vidéo par disposition des demandes - 60 - 120 minutes traitées: Nombre de demandes - Communication totale,Q17R3C3
Q3_5_6Row2Cell3,3,Section 3: Requests closed during the reporting period,Section 3 : Demandes fermées pendant la période d’établissement de rapport,3.5.6,3.5.6 Relevant minutes processed per request disposition forvideoformats by size of requests,3.5.6 Minutes pertinentes traitées en fonction de l’ampleur des demandes en formatvidéopar disposition des demandes,Relevant minutes processed per request disposition for video formats by size of requests - 60 - 120 Minutes Processed: Number of requests - Disposition: Disclosed in part,Minutes pertinentes traitées en fonction de l’ampleur des demandes en format vidéo par disposition des demandes - 60 - 120 minutes traitées: Nombre de demandes - Disposition: Communication partielle,Q17R3C4
Q3_5_6Row3Cell3,3,Section 3: Requests closed during the reporting period,Section 3 : Demandes fermées pendant la période d’établissement de rapport,3.5.6,3.5.6 Relevant minutes processed per request disposition forvideoformats by size of requests,3.5.6 Minutes pertinentes traitées en fonction de l’ampleur des demandes en formatvidéopar disposition des demandes,Relevant minutes processed per request disposition for video formats by size of requests - 60 - 120 Minutes Processed: Number of requests - Disposition: All exempted,Minutes pertinentes traitées en fonction de l’ampleur des demandes en format vidéo par disposition des demandes - 60 - 120 minutes traitées: Nombre de demandes - Exception totale,Q17R4C1
Q3_5_6Row4Cell3,3,Section 3: Requests closed during the reporting period,Section 3 : Demandes fermées pendant la période d’établissement de rapport,3.5.6,3.5.6 Relevant minutes processed per request disposition forvideoformats by size of requests,3.5.6 Minutes pertinentes traitées en fonction de l’ampleur des demandes en formatvidéopar disposition des demandes,Relevant minutes processed per request disposition for video formats by size of requests - 60 - 120 Minutes Processed: Number of requests - Disposition: All excluded,Minutes pertinentes traitées en fonction de l’ampleur des demandes en format vidéo par disposition des demandes - 60 - 120 minutes traitées: Nombre de demandes - Exclusion totale,Q17R4C2
Q3_5_6Row5Cell3,3,Section 3: Requests closed during the reporting period,Section 3 : Demandes fermées pendant la période d’établissement de rapport,3.5.6,3.5.6 Relevant minutes processed per request disposition forvideoformats by size of requests,3.5.6 Minutes pertinentes traitées en fonction de l’ampleur des demandes en formatvidéopar disposition des demandes,Relevant minutes processed per request disposition for video formats by size of requests - 60 - 120 Minutes Processed: Number of requests - Disposition: Abandoned,Minutes pertinentes traitées en fonction de l’ampleur des demandes en format vidéo par disposition des demandes - 60 - 120 minutes traitées: Nombre de demandes - Disposition: Demande abandonnée,Q17R4C3
Q3_5_6Row6Cell3,3,Section 3: Requests closed during the reporting period,Section 3 : Demandes fermées pendant la période d’établissement de rapport,3.5.6,3.5.6 Relevant minutes processed per request disposition forvideoformats by size of requests,3.5.6 Minutes pertinentes traitées en fonction de l’ampleur des demandes en formatvidéopar disposition des demandes,Relevant minutes processed per request disposition for video formats by size of requests - 60 - 120 Minutes Processed: Number of requests - Disposition: Neither confirmed nor denied,Minutes pertinentes traitées en fonction de l’ampleur des demandes en format vidéo par disposition des demandes - 60 - 120 minutes traitées: Nombre de demandes - Disposition: Ni confirmée ni infirmée,Q17R4C4
Q3_5_6Row8Cell3,3,Section 3: Requests closed during the reporting period,Section 3 : Demandes fermées pendant la période d’établissement de rapport,3.5.6,3.5.6 Relevant minutes processed per request disposition forvideoformats by size of requests,3.5.6 Minutes pertinentes traitées en fonction de l’ampleur des demandes en formatvidéopar disposition des demandes,Relevant minutes processed per request disposition for video formats by size of requests - 60 - 120 Minutes Processed: Number of requests - Disposition: Total,Minutes pertinentes traitées en fonction de l’ampleur des demandes en format vidéo par disposition des demandes - 60 - 120 minutes traitées: Nombre de demandes - Disposition: Total,Q17R5C1
Q3_5_6Row1Cell4,3,Section 3: Requests closed during the reporting period,Section 3 : Demandes fermées pendant la période d’établissement de rapport,3.5.6,3.5.6 Relevant minutes processed per request disposition forvideoformats by size of requests,3.5.6 Minutes pertinentes traitées en fonction de l’ampleur des demandes en formatvidéopar disposition des demandes,Relevant minutes processed per request disposition for video formats by size of requests - 60 - 120 Minutes Processed: Minutes processed - Disposition: All disclosed,Minutes pertinentes traitées en fonction de l’ampleur des demandes en format vidéo par disposition des demandes - 60 - 120 minutes traitées: Minutes traitées - Communication totale,Q17R5C2
Q3_5_6Row2Cell4,3,Section 3: Requests closed during the reporting period,Section 3 : Demandes fermées pendant la période d’établissement de rapport,3.5.6,3.5.6 Relevant minutes processed per request disposition forvideoformats by size of requests,3.5.6 Minutes pertinentes traitées en fonction de l’ampleur des demandes en formatvidéopar disposition des demandes,Relevant minutes processed per request disposition for video formats by size of requests - 60 - 120 Minutes Processed: Minutes processed - Disposition: Disclosed in part,Minutes pertinentes traitées en fonction de l’ampleur des demandes en format vidéo par disposition des demandes - 60 - 120 minutes traitées: Minutes traitées - Disposition: Communication partielle,Q17R5C3
Q3_5_6Row3Cell4,3,Section 3: Requests closed during the reporting period,Section 3 : Demandes fermées pendant la période d’établissement de rapport,3.5.6,3.5.6 Relevant minutes processed per request disposition forvideoformats by size of requests,3.5.6 Minutes pertinentes traitées en fonction de l’ampleur des demandes en formatvidéopar disposition des demandes,Relevant minutes processed per request disposition for video formats by size of requests - 60 - 120 Minutes Processed: Minutes processed - Disposition: All exempted,Minutes pertinentes traitées en fonction de l’ampleur des demandes en format vidéo par disposition des demandes - 60 - 120 minutes traitées: Minutes traitées - Exception totale,Q17R5C4
Q3_5_6Row4Cell4,3,Section 3: Requests closed during the reporting period,Section 3 : Demandes fermées pendant la période d’établissement de rapport,3.5.6,3.5.6 Relevant minutes processed per request disposition forvideoformats by size of requests,3.5.6 Minutes pertinentes traitées en fonction de l’ampleur des demandes en formatvidéopar disposition des demandes,Relevant minutes processed per request disposition for video formats by size of requests - 60 - 120 Minutes Processed: Minutes processed - Disposition: All excluded,Minutes pertinentes traitées en fonction de l’ampleur des demandes en format vidéo par disposition des demandes - 60 - 120 minutes traitées: Minutes traitées - Exclusion totale,Q17R6C1
Q3_5_6Row5Cell4,3,Section 3: Requests closed during the reporting period,Section 3 : Demandes fermées pendant la période d’établissement de rapport,3.5.6,3.5.6 Relevant minutes processed per request disposition forvideoformats by size of requests,3.5.6 Minutes pertinentes traitées en fonction de l’ampleur des demandes en formatvidéopar disposition des demandes,Relevant minutes processed per request disposition for video formats by size of requests - 60 - 120 Minutes Processed: Minutes processed - Disposition: Abandoned,Minutes pertinentes traitées en fonction de l’ampleur des demandes en format vidéo par disposition des demandes - 60 - 120 minutes traitées: Minutes traitées - Disposition: Demande abandonnée,Q17R6C2
Q3_5_6Row6Cell4,3,Section 3: Requests closed during the reporting period,Section 3 : Demandes fermées pendant la période d’établissement de rapport,3.5.6,3.5.6 Relevant minutes processed per request disposition forvideoformats by size of requests,3.5.6 Minutes pertinentes traitées en fonction de l’ampleur des demandes en formatvidéopar disposition des demandes,Relevant minutes processed per request disposition for video formats by size of requests - 60 - 120 Minutes Processed: Minutes processed - Disposition: Neither confirmed nor denied,Minutes pertinentes traitées en fonction de l’ampleur des demandes en format vidéo par disposition des demandes - 60 - 120 minutes traitées: Minutes traitées - Disposition: Ni confirmée ni infirmée,Q17R6C3
Q3_5_6Row8Cell4,3,Section 3: Requests closed during the reporting period,Section 3 : Demandes fermées pendant la période d’établissement de rapport,3.5.6,3.5.6 Relevant minutes processed per request disposition forvideoformats by size of requests,3.5.6 Minutes pertinentes traitées en fonction de l’ampleur des demandes en formatvidéopar disposition des demandes,Relevant minutes processed per request disposition for video formats by size of requests - 60 - 120 Minutes Processed: Minutes processed - Disposition: Total,Minutes pertinentes traitées en fonction de l’ampleur des demandes en format vidéo par disposition des demandes - 60 - 120 minutes traitées: Minutes traitées - Disposition: Total,Q17R6C4
Q3_5_6Row1Cell5,3,Section 3: Requests closed during the reporting period,Section 3 : Demandes fermées pendant la période d’établissement de rapport,3.5.6,3.5.6 Relevant minutes processed per request disposition forvideoformats by size of requests,3.5.6 Minutes pertinentes traitées en fonction de l’ampleur des demandes en formatvidéopar disposition des demandes,Relevant minutes processed per request disposition for video formats by size of requests - More than 120 Minutes Processed: Number of requests - Disposition: All disclosed,Minutes pertinentes traitées en fonction de l’ampleur des demandes en format vidéo par disposition des demandes - Plus de 120 minutes traitées: Nombre de demandes - Communication totale,Q18R1C1
Q3_5_6Row2Cell5,3,Section 3: Requests closed during the reporting period,Section 3 : Demandes fermées pendant la période d’établissement de rapport,3.5.6,3.5.6 Relevant minutes processed per request disposition forvideoformats by size of requests,3.5.6 Minutes pertinentes traitées en fonction de l’ampleur des demandes en formatvidéopar disposition des demandes,Relevant minutes processed per request disposition for video formats by size of requests - More than 120 Minutes Processed: Number of requests - Disposition: Disclosed in part,Minutes pertinentes traitées en fonction de l’ampleur des demandes en format vidéo par disposition des demandes - Plus de 120 minutes traitées: Nombre de demandes - Disposition: Communication partielle,Q18R2C1
Q3_5_6Row3Cell5,3,Section 3: Requests closed during the reporting period,Section 3 : Demandes fermées pendant la période d’établissement de rapport,3.5.6,3.5.6 Relevant minutes processed per request disposition forvideoformats by size of requests,3.5.6 Minutes pertinentes traitées en fonction de l’ampleur des demandes en formatvidéopar disposition des demandes,Relevant minutes processed per request disposition for video formats by size of requests - More than 120 Minutes Processed: Number of requests - Disposition: All exempted,Minutes pertinentes traitées en fonction de l’ampleur des demandes en format vidéo par disposition des demandes - Plus de 120 minutes traitées: Nombre de demandes - Exception totale,Q19R1C1
Q3_5_6Row4Cell5,3,Section 3: Requests closed during the reporting period,Section 3 : Demandes fermées pendant la période d’établissement de rapport,3.5.6,3.5.6 Relevant minutes processed per request disposition forvideoformats by size of requests,3.5.6 Minutes pertinentes traitées en fonction de l’ampleur des demandes en formatvidéopar disposition des demandes,Relevant minutes processed per request disposition for video formats by size of requests - More than 120 Minutes Processed: Number of requests - Disposition: All excluded,Minutes pertinentes traitées en fonction de l’ampleur des demandes en format vidéo par disposition des demandes - Plus de 120 minutes traitées: Nombre de demandes - Exclusion totale,Q19R1C2
Q3_5_6Row5Cell5,3,Section 3: Requests closed during the reporting period,Section 3 : Demandes fermées pendant la période d’établissement de rapport,3.5.6,3.5.6 Relevant minutes processed per request disposition forvideoformats by size of requests,3.5.6 Minutes pertinentes traitées en fonction de l’ampleur des demandes en formatvidéopar disposition des demandes,Relevant minutes processed per request disposition for video formats by size of requests - More than 120 Minutes Processed: Number of requests - Disposition: Abandoned,Minutes pertinentes traitées en fonction de l’ampleur des demandes en format vidéo par disposition des demandes - Plus de 120 minutes traitées: Nombre de demandes - Disposition: Demande abandonnée,Q19R1C3
Q3_5_6Row6Cell5,3,Section 3: Requests closed during the reporting period,Section 3 : Demandes fermées pendant la période d’établissement de rapport,3.5.6,3.5.6 Relevant minutes processed per request disposition forvideoformats by size of requests,3.5.6 Minutes pertinentes traitées en fonction de l’ampleur des demandes en formatvidéopar disposition des demandes,Relevant minutes processed per request disposition for video formats by size of requests - More than 120 Minutes Processed: Number of requests - Disposition: Neither confirmed nor denied,Minutes pertinentes traitées en fonction de l’ampleur des demandes en format vidéo par disposition des demandes - Plus de 120 minutes traitées: Nombre de demandes - Disposition: Ni confirmée ni infirmée,Q19R1C4
Q3_5_6Row8Cell5,3,Section 3: Requests closed during the reporting period,Section 3 : Demandes fermées pendant la période d’établissement de rapport,3.5.6,3.5.6 Relevant minutes processed per request disposition forvideoformats by size of requests,3.5.6 Minutes pertinentes traitées en fonction de l’ampleur des demandes en formatvidéopar disposition des demandes,Relevant minutes processed per request disposition for video formats by size of requests - More than 120 Minutes Processed: Number of requests - Disposition: Total,Minutes pertinentes traitées en fonction de l’ampleur des demandes en format vidéo par disposition des demandes - Plus de 120 minutes traitées: Nombre de demandes - Disposition: Total,Q19R1C5
Q3_5_6Row1Cell6,3,Section 3: Requests closed during the reporting period,Section 3 : Demandes fermées pendant la période d’établissement de rapport,3.5.6,3.5.6 Relevant minutes processed per request disposition forvideoformats by size of requests,3.5.6 Minutes pertinentes traitées en fonction de l’ampleur des demandes en formatvidéopar disposition des demandes,Relevant minutes processed per request disposition for video formats by size of requests - More than 120 Minutes Processed: Minutes processed - Disposition: All disclosed,Minutes pertinentes traitées en fonction de l’ampleur des demandes en format vidéo par disposition des demandes - Plus de 120 minutes traitées: Minutes traitées - Communication totale,Q20R1C1
Q3_5_6Row2Cell6,3,Section 3: Requests closed during the reporting period,Section 3 : Demandes fermées pendant la période d’établissement de rapport,3.5.6,3.5.6 Relevant minutes processed per request disposition forvideoformats by size of requests,3.5.6 Minutes pertinentes traitées en fonction de l’ampleur des demandes en formatvidéopar disposition des demandes,Relevant minutes processed per request disposition for video formats by size of requests - More than 120 Minutes Processed: Minutes processed - Disposition: Disclosed in part,Minutes pertinentes traitées en fonction de l’ampleur des demandes en format vidéo par disposition des demandes - Plus de 120 minutes traitées: Minutes traitées - Disposition: Communication partielle,Q20R1C2
Q3_5_6Row3Cell6,3,Section 3: Requests closed during the reporting period,Section 3 : Demandes fermées pendant la période d’établissement de rapport,3.5.6,3.5.6 Relevant minutes processed per request disposition forvideoformats by size of requests,3.5.6 Minutes pertinentes traitées en fonction de l’ampleur des demandes en formatvidéopar disposition des demandes,Relevant minutes processed per request disposition for video formats by size of requests - More than 120 Minutes Processed: Minutes processed - Disposition: All exempted,Minutes pertinentes traitées en fonction de l’ampleur des demandes en format vidéo par disposition des demandes - Plus de 120 minutes traitées: Minutes traitées - Exception totale,Q20R2C1
Q3_5_6Row4Cell6,3,Section 3: Requests closed during the reporting period,Section 3 : Demandes fermées pendant la période d’établissement de rapport,3.5.6,3.5.6 Relevant minutes processed per request disposition forvideoformats by size of requests,3.5.6 Minutes pertinentes traitées en fonction de l’ampleur des demandes en formatvidéopar disposition des demandes,Relevant minutes processed per request disposition for video formats by size of requests - More than 120 Minutes Processed: Minutes processed - Disposition: All excluded,Minutes pertinentes traitées en fonction de l’ampleur des demandes en format vidéo par disposition des demandes - Plus de 120 minutes traitées: Minutes traitées - Exclusion totale,Q20R2C2
Q3_5_6Row5Cell6,3,Section 3: Requests closed during the reporting period,Section 3 : Demandes fermées pendant la période d’établissement de rapport,3.5.6,3.5.6 Relevant minutes processed per request disposition forvideoformats by size of requests,3.5.6 Minutes pertinentes traitées en fonction de l’ampleur des demandes en formatvidéopar disposition des demandes,Relevant minutes processed per request disposition for video formats by size of requests - More than 120 Minutes Processed: Minutes processed - Disposition: Abandoned,Minutes pertinentes traitées en fonction de l’ampleur des demandes en format vidéo par disposition des demandes - Plus de 120 minutes traitées: Minutes traitées - Disposition: Demande abandonnée,Q20R3C1
Q3_5_6Row6Cell6,3,Section 3: Requests closed during the reporting period,Section 3 : Demandes fermées pendant la période d’établissement de rapport,3.5.6,3.5.6 Relevant minutes processed per request disposition forvideoformats by size of requests,3.5.6 Minutes pertinentes traitées en fonction de l’ampleur des demandes en formatvidéopar disposition des demandes,Relevant minutes processed per request disposition for video formats by size of requests - More than 120 Minutes Processed: Minutes processed - Disposition: Neither confirmed nor denied,Minutes pertinentes traitées en fonction de l’ampleur des demandes en format vidéo par disposition des demandes - Plus de 120 minutes traitées: Minutes traitées - Disposition: Ni confirmée ni infirmée,Q20R3C2
Q3_5_6Row8Cell6,3,Section 3: Requests closed during the reporting period,Section 3 : Demandes fermées pendant la période d’établissement de rapport,3.5.6,3.5.6 Relevant minutes processed per request disposition forvideoformats by size of requests,3.5.6 Minutes pertinentes traitées en fonction de l’ampleur des demandes en formatvidéopar disposition des demandes,Relevant minutes processed per request disposition for video formats by size of requests - More than 120 Minutes Processed: Minutes processed - Disposition: Total,Minutes pertinentes traitées en fonction de l’ampleur des demandes en format vidéo par disposition des demandes - Plus de 120 minutes traitées: Minutes traitées - Disposition: Total,Q20R4C1
Q3_5_7Row1Cell1,3,Section 3: Requests closed during the reporting period,Section 3 : Demandes fermées pendant la période d’établissement de rapport,3.5.7,3.5.7 Other complexities,3.5.7 Autres complexités,Consultation required - Disposition: All disclosed,Consultation requise - Disposition : Communication totale,Q20R4C2
Q3_5_7Row2Cell1,3,Section 3: Requests closed during the reporting period,Section 3 : Demandes fermées pendant la période d’établissement de rapport,3.5.7,3.5.7 Other complexities,3.5.7 Autres complexités,Consultation required - Disposition: Disclosed in part,Consultation requise - Disposition : Communication partielle,Q20R5C1
Q3_5_7Row3Cell1,3,Section 3: Requests closed during the reporting period,Section 3 : Demandes fermées pendant la période d’établissement de rapport,3.5.7,3.5.7 Other complexities,3.5.7 Autres complexités,Consultation required - Disposition: All exempted,Consultation requise - Disposition : Exception totale,Q20R5C2
Q3_5_7Row4Cell1,3,Section 3: Requests closed during the reporting period,Section 3 : Demandes fermées pendant la période d’établissement de rapport,3.5.7,3.5.7 Other complexities,3.5.7 Autres complexités,Consultation required - Disposition: All excluded,Consultation requise - Disposition : Exclusion totale,Q20R6C1
Q3_5_7Row5Cell1,3,Section 3: Requests closed during the reporting period,Section 3 : Demandes fermées pendant la période d’établissement de rapport,3.5.7,3.5.7 Other complexities,3.5.7 Autres complexités,Consultation required - Disposition: Request abandoned,Consultation requise - Disposition : Demande abandonnée,Q20R6C2
Q3_5_7Row6Cell1,3,Section 3: Requests closed during the reporting period,Section 3 : Demandes fermées pendant la période d’établissement de rapport,3.5.7,3.5.7 Other complexities,3.5.7 Autres complexités,Consultation required - Disposition: Neither confirmed nor denied,Consultation requise - Disposition : Ni confirmée ni infirmée,Q20R7C1
Q3_5_7Row7Cell1,3,Section 3: Requests closed during the reporting period,Section 3 : Demandes fermées pendant la période d’établissement de rapport,3.5.7,3.5.7 Other complexities,3.5.7 Autres complexités,Consultation required - Disposition: Total,Consultation requise - Disposition : Total,Q20R7C2
Q3_5_7Row1Cell2,3,Section 3: Requests closed during the reporting period,Section 3 : Demandes fermées pendant la période d’établissement de rapport,3.5.7,3.5.7 Other complexities,3.5.7 Autres complexités,Legal advice sought - Disposition: All disclosed,Avis juridique - Disposition : Communication totale,Q21R1C1
Q3_5_7Row2Cell2,3,Section 3: Requests closed during the reporting period,Section 3 : Demandes fermées pendant la période d’établissement de rapport,3.5.7,3.5.7 Other complexities,3.5.7 Autres complexités,Legal advice sought - Disposition: Disclosed in part,Avis juridique - Disposition : Communication partielle,Q21R1C2
Q3_5_7Row3Cell2,3,Section 3: Requests closed during the reporting period,Section 3 : Demandes fermées pendant la période d’établissement de rapport,3.5.7,3.5.7 Other complexities,3.5.7 Autres complexités,Legal advice sought - Disposition: All exempted,Avis juridique - Disposition : Exception totale,Q21R2C1
Q3_5_7Row4Cell2,3,Section 3: Requests closed during the reporting period,Section 3 : Demandes fermées pendant la période d’établissement de rapport,3.5.7,3.5.7 Other complexities,3.5.7 Autres complexités,Legal advice sought - Disposition: All excluded,Avis juridique - Disposition : Exclusion totale,Q21R2C2
Q3_5_7Row5Cell2,3,Section 3: Requests closed during the reporting period,Section 3 : Demandes fermées pendant la période d’établissement de rapport,3.5.7,3.5.7 Other complexities,3.5.7 Autres complexités,Legal advice sought - Disposition: Request abandoned,Avis juridique - Disposition : Demande abandonnée,Q22R1C1
Q3_5_7Row6Cell2,3,Section 3: Requests closed during the reporting period,Section 3 : Demandes fermées pendant la période d’établissement de rapport,3.5.7,3.5.7 Other complexities,3.5.7 Autres complexités,Legal advice sought - Disposition: Neither confirmed nor denied,Avis juridique - Disposition : Ni confirmée ni infirmée,Q22R1C2
Q3_5_7Row7Cell2,3,Section 3: Requests closed during the reporting period,Section 3 : Demandes fermées pendant la période d’établissement de rapport,3.5.7,3.5.7 Other complexities,3.5.7 Autres complexités,Legal advice sought - Disposition: Total,Avis juridique - Disposition : Total,Q22R1C3
Q3_5_7Row1Cell3,3,Section 3: Requests closed during the reporting period,Section 3 : Demandes fermées pendant la période d’établissement de rapport,3.5.7,3.5.7 Other complexities,3.5.7 Autres complexités,Interwoven Information - Disposition: All disclosed,Renseignements entremêlés - Disposition : Communication totale,Q23R1C1
Q3_5_7Row2Cell3,3,Section 3: Requests closed during the reporting period,Section 3 : Demandes fermées pendant la période d’établissement de rapport,3.5.7,3.5.7 Other complexities,3.5.7 Autres complexités,Interwoven Information - Disposition: Disclosed in part,Renseignements entremêlés - Disposition : Communication partielle,Q23R2C1
Q3_5_7Row3Cell3,3,Section 3: Requests closed during the reporting period,Section 3 : Demandes fermées pendant la période d’établissement de rapport,3.5.7,3.5.7 Other complexities,3.5.7 Autres complexités,Interwoven Information - Disposition: All exempted,Renseignements entremêlés - Disposition : Exception totale,Q24R1C1
Q3_5_7Row4Cell3,3,Section 3: Requests closed during the reporting period,Section 3 : Demandes fermées pendant la période d’établissement de rapport,3.5.7,3.5.7 Other complexities,3.5.7 Autres complexités,Interwoven Information - Disposition: All excluded,Renseignements entremêlés - Disposition : Exclusion totale,Q24R1C2
Q3_5_7Row5Cell3,3,Section 3: Requests closed during the reporting period,Section 3 : Demandes fermées pendant la période d’établissement de rapport,3.5.7,3.5.7 Other complexities,3.5.7 Autres complexités,Interwoven Information - Disposition: Request abandoned,Renseignements entremêlés - Disposition : Demande abandonnée,Q24R1C3
Q3_5_7Row6Cell3,3,Section 3: Requests closed during the reporting period,Section 3 : Demandes fermées pendant la période d’établissement de rapport,3.5.7,3.5.7 Other complexities,3.5.7 Autres complexités,Interwoven Information - Disposition: Neither confirmed nor denied,Renseignements entremêlés - Disposition : Ni confirmée ni infirmée,Q24R1C4
Q3_5_7Row7Cell3,3,Section 3: Requests closed during the reporting period,Section 3 : Demandes fermées pendant la période d’établissement de rapport,3.5.7,3.5.7 Other complexities,3.5.7 Autres complexités,Interwoven Information- Disposition: Total,Renseignements entremêlés - Disposition : Total,Q24R1C5
Q3_5_7Row1Cell4,3,Section 3: Requests closed during the reporting period,Section 3 : Demandes fermées pendant la période d’établissement de rapport,3.5.7,3.5.7 Other complexities,3.5.7 Autres complexités,Other - Disposition: All disclosed,Autres - Disposition : Communication totale,Q24R1C6
Q3_5_7Row2Cell4,3,Section 3: Requests closed during the reporting period,Section 3 : Demandes fermées pendant la période d’établissement de rapport,3.5.7,3.5.7 Other complexities,3.5.7 Autres complexités,Other - Disposition: Disclosed in part,Autres - Disposition : Communication partielle,Q24R1C7
Q3_5_7Row3Cell4,3,Section 3: Requests closed during the reporting period,Section 3 : Demandes fermées pendant la période d’établissement de rapport,3.5.7,3.5.7 Other complexities,3.5.7 Autres complexités,Other - Disposition: All exempted,Autres - Disposition : Exception totale,Q24R1C8
Q3_5_7Row4Cell4,3,Section 3: Requests closed during the reporting period,Section 3 : Demandes fermées pendant la période d’établissement de rapport,3.5.7,3.5.7 Other complexities,3.5.7 Autres complexités,Other - Disposition: All excluded,Autres - Disposition : Exclusion totale,Q25R1C1
Q3_5_7Row5Cell4,3,Section 3: Requests closed during the reporting period,Section 3 : Demandes fermées pendant la période d’établissement de rapport,3.5.7,3.5.7 Other complexities,3.5.7 Autres complexités,Other - Disposition: Request abandoned,Autres - Disposition : Demande abandonnée,Q25R1C2
Q3_5_7Row6Cell4,3,Section 3: Requests closed during the reporting period,Section 3 : Demandes fermées pendant la période d’établissement de rapport,3.5.7,3.5.7 Other complexities,3.5.7 Autres complexités,Other - Disposition: Neither confirmed nor denied,Autres - Disposition : Ni confirmée ni infirmée,Q25R1C3
Q3_5_7Row7Cell4,3,Section 3: Requests closed during the reporting period,Section 3 : Demandes fermées pendant la période d’établissement de rapport,3.5.7,3.5.7 Other complexities,3.5.7 Autres complexités,Other - Disposition: Total,Autres - Disposition : Total,Q25R1C4
Q3_5_7Row1Cell5,3,Section 3: Requests closed during the reporting period,Section 3 : Demandes fermées pendant la période d’établissement de rapport,3.5.7,3.5.7 Other complexities,3.5.7 Autres complexités,Total - Disposition: All disclosed,Total - Disposition : Communication totale,Q25R1C5
Q3_5_7Row2Cell5,3,Section 3: Requests closed during the reporting period,Section 3 : Demandes fermées pendant la période d’établissement de rapport,3.5.7,3.5.7 Other complexities,3.5.7 Autres complexités,Total - Disposition: Disclosed in part,Total - Disposition : Communication partielle,Q25R1C6
Q3_5_7Row3Cell5,3,Section 3: Requests closed during the reporting period,Section 3 : Demandes fermées pendant la période d’établissement de rapport,3.5.7,3.5.7 Other complexities,3.5.7 Autres complexités,Total - Disposition: All exempted,Total - Disposition : Exception totale,Q25R1C7
Q3_5_7Row4Cell5,3,Section 3: Requests closed during the reporting period,Section 3 : Demandes fermées pendant la période d’établissement de rapport,3.5.7,3.5.7 Other complexities,3.5.7 Autres complexités,Total - Disposition: All excluded,Total - Disposition : Exclusion totale,Q25R1C8
Q3_5_7Row5Cell5,3,Section 3: Requests closed during the reporting period,Section 3 : Demandes fermées pendant la période d’établissement de rapport,3.5.7,3.5.7 Other complexities,3.5.7 Autres complexités,Total - Disposition: Request abandoned,Total - Disposition : Demande abandonnée,Q25R2C1
Q3_5_7Row6Cell5,3,Section 3: Requests closed during the reporting period,Section 3 : Demandes fermées pendant la période d’établissement de rapport,3.5.7,3.5.7 Other complexities,3.5.7 Autres complexités,Total - Disposition: Neither confirmed nor denied,Total - Disposition : Ni confirmée ni infirmée,Q25R2C2
Q3_5_7Row7Cell5,3,Section 3: Requests closed during the reporting period,Section 3 : Demandes fermées pendant la période d’établissement de rapport,3.5.7,3.5.7 Other complexities,3.5.7 Autres complexités,Total - Disposition: Total,Total - Disposition : Total,Q25R2C3
Q3_6_1Row1Cell1,3,Section 3: Requests closed during the reporting period,Section 3 : Demandes fermées pendant la période d’établissement de rapport,3.6.1,3.6.1 Number of requests closed within legislated timelines,3.6.1 Nombre de demandes fermées dans les délais prévus par laloi,Requests closed within legislated timelines - Number of requests closed within legislated timelines,Demandes fermées dans les délais prévus par la loi - Nombre de demandes fermées dans les délais prévus par la loi,Q25R2C4
Q3_6_1Row2Cell1,3,Section 3: Requests closed during the reporting period,Section 3 : Demandes fermées pendant la période d’établissement de rapport,3.6.1,3.6.1 Number of requests closed within legislated timelines,3.6.1 Nombre de demandes fermées dans les délais prévus par laloi,Requests closed within legislated timelines - Percentage of requests closed within legislated timelines (%),Demandes fermées dans les délais prévus par la loi - Pourcentage des demandes fermées dans les délais prévus par la loi (%),Q25R2C5
Q3_7_1Row1Cell1,3,Section 3: Requests closed during the reporting period,Section 3 : Demandes fermées pendant la période d’établissement de rapport,3.7.1,3.7.1 Reasons for not meeting legislated timelines,3.7.1 Motifs du non-respect des délais prévus par laloi,Number of requests closed past the legislated timelines,Nombre de demandes fermées au-delà des délais prévus par la loi,Q25R2C6
Q3_7_1Row1Cell2,3,Section 3: Requests closed during the reporting period,Section 3 : Demandes fermées pendant la période d’établissement de rapport,3.7.1,3.7.1 Reasons for not meeting legislated timelines,3.7.1 Motifs du non-respect des délais prévus par laloi,Principal Reason - Interference with operations / workload,Motif principal - Entrave au fonctionnement / charge de travail,Q25R2C7
Q3_7_1Row1Cell3,3,Section 3: Requests closed during the reporting period,Section 3 : Demandes fermées pendant la période d’établissement de rapport,3.7.1,3.7.1 Reasons for not meeting legislated timelines,3.7.1 Motifs du non-respect des délais prévus par laloi,Principal Reason - External consultation,Motif principal - Consultation externe,Q25R2C8
Q3_7_1Row1Cell4,3,Section 3: Requests closed during the reporting period,Section 3 : Demandes fermées pendant la période d’établissement de rapport,3.7.1,3.7.1 Reasons for not meeting legislated timelines,3.7.1 Motifs du non-respect des délais prévus par laloi,Principal Reason - Internal consultation,Motif principal - Consultation interne,Q25R3C1
Q3_7_1Row1Cell5,3,Section 3: Requests closed during the reporting period,Section 3 : Demandes fermées pendant la période d’établissement de rapport,3.7.1,3.7.1 Reasons for not meeting legislated timelines,3.7.1 Motifs du non-respect des délais prévus par laloi,Principal Reason - Other,Motif principal - Autres,Q25R3C2
Q3_7_2Row1Cell1,3,Section 3: Requests closed during the reporting period,Section 3 : Demandes fermées pendant la période d’établissement de rapport,3.7.2,3.7.2 Requests closed beyond legislated timelines (including any extension taken),3.7.2 Demandes fermées au-dela des délais prévus par laloi(y compris toute prolongation prise),Number of Requests Past Legislated Timeline Where No Extension Was Taken - Number of Days Past Legislated Timelines: 1 to 15 days,Nombre de demandes fermées au-delà des délais prévus par la loi où aucune prolongation n’a été prise - Nombre de jours de retard au-delà des délais prévus par la loi: 1 à 15 jours,Q25R3C3
Q3_7_2Row2Cell1,3,Section 3: Requests closed during the reporting period,Section 3 : Demandes fermées pendant la période d’établissement de rapport,3.7.2,3.7.2 Requests closed beyond legislated timelines (including any extension taken),3.7.2 Demandes fermées au-dela des délais prévus par laloi(y compris toute prolongation prise),Number of Requests Past Legislated Timeline Where No Extension Was Taken - Number of Days Past Legislated Timelines: 16 to 30 days,Nombre de demandes fermées au-delà des délais prévus par la loi où aucune prolongation n’a été prise - Nombre de jours de retard au-delà des délais prévus par la loi: 16 à 30 jours,Q25R3C4
Q3_7_2Row3Cell1,3,Section 3: Requests closed during the reporting period,Section 3 : Demandes fermées pendant la période d’établissement de rapport,3.7.2,3.7.2 Requests closed beyond legislated timelines (including any extension taken),3.7.2 Demandes fermées au-dela des délais prévus par laloi(y compris toute prolongation prise),Number of Requests Past Legislated Timeline Where No Extension Was Taken - Number of Days Past Legislated Timelines: 31 to 60 days,Nombre de demandes fermées au-delà des délais prévus par la loi où aucune prolongation n’a été prise - Nombre de jours de retard au-delà des délais prévus par la loi: 31 à 60 jours,Q25R3C5
Q3_7_2Row4Cell1,3,Section 3: Requests closed during the reporting period,Section 3 : Demandes fermées pendant la période d’établissement de rapport,3.7.2,3.7.2 Requests closed beyond legislated timelines (including any extension taken),3.7.2 Demandes fermées au-dela des délais prévus par laloi(y compris toute prolongation prise),Number of Requests Past Legislated Timeline Where No Extension Was Taken - Number of Days Past Legislated Timelines: 61 to 120 days,Nombre de demandes fermées au-delà des délais prévus par la loi où aucune prolongation n’a été prise - Nombre de jours de retard au-delà des délais prévus par la loi: 61 à 120 jours,Q25R3C6
Q3_7_2Row5Cell1,3,Section 3: Requests closed during the reporting period,Section 3 : Demandes fermées pendant la période d’établissement de rapport,3.7.2,3.7.2 Requests closed beyond legislated timelines (including any extension taken),3.7.2 Demandes fermées au-dela des délais prévus par laloi(y compris toute prolongation prise),Number of Requests Past Legislated Timeline Where No Extension Was Taken - Number of Days Past Legislated Timelines: 121 to 180 days,Nombre de demandes fermées au-delà des délais prévus par la loi où aucune prolongation n’a été prise - Nombre de jours de retard au-delà des délais prévus par la loi: 121 à 180 jours,Q25R3C7
Q3_7_2Row6Cell1,3,Section 3: Requests closed during the reporting period,Section 3 : Demandes fermées pendant la période d’établissement de rapport,3.7.2,3.7.2 Requests closed beyond legislated timelines (including any extension taken),3.7.2 Demandes fermées au-dela des délais prévus par laloi(y compris toute prolongation prise),Number of Requests Past Legislated Timeline Where No Extension Was Taken - Number of Days Past Legislated Timelines: 181 to 365 days,Nombre de demandes fermées au-delà des délais prévus par la loi où aucune prolongation n’a été prise - Nombre de jours de retard au-delà des délais prévus par la loi: 181 à 365 jours,Q25R3C8
Q3_7_2Row7Cell1,3,Section 3: Requests closed during the reporting period,Section 3 : Demandes fermées pendant la période d’établissement de rapport,3.7.2,3.7.2 Requests closed beyond legislated timelines (including any extension taken),3.7.2 Demandes fermées au-dela des délais prévus par laloi(y compris toute prolongation prise),Number of Requests Past Legislated Timeline Where No Extension Was Taken - Number of Days Past Legislated Timelines: More than 365 days,Nombre de demandes fermées au-delà des délais prévus par la loi où aucune prolongation n’a été prise - Nombre de jours de retard au-delà des délais prévus par la loi: Plus de 365 jours,Q26R1C1
Q3_7_2Row8Cell1,3,Section 3: Requests closed during the reporting period,Section 3 : Demandes fermées pendant la période d’établissement de rapport,3.7.2,3.7.2 Requests closed beyond legislated timelines (including any extension taken),3.7.2 Demandes fermées au-dela des délais prévus par laloi(y compris toute prolongation prise),Number of Requests Past Legislated Timeline Where No Extension Was Taken - Number of Days Past Legislated Timelines: Total,Nombre de demandes fermées au-delà des délais prévus par la loi où aucune prolongation n’a été prise - Nombre de jours de retard au-delà des délais prévus par la loi: Total,Q26R1C2
Q3_7_2Row1Cell2,3,Section 3: Requests closed during the reporting period,Section 3 : Demandes fermées pendant la période d’établissement de rapport,3.7.2,3.7.2 Requests closed beyond legislated timelines (including any extension taken),3.7.2 Demandes fermées au-dela des délais prévus par laloi(y compris toute prolongation prise),Number of Requests Past Legislated Timeline Where an Extension Was Taken - Number of Days Past Legislated Timelines: 1 to 15 days,Nombre de demandes fermées au-delà des délais prévus par la loi où une prolongation a été prise - Nombre de jours de retard au-delà des délais prévus par la loi: 1 à 15 jours,Q26R1C3
Q3_7_2Row2Cell2,3,Section 3: Requests closed during the reporting period,Section 3 : Demandes fermées pendant la période d’établissement de rapport,3.7.2,3.7.2 Requests closed beyond legislated timelines (including any extension taken),3.7.2 Demandes fermées au-dela des délais prévus par laloi(y compris toute prolongation prise),Number of Requests Past Legislated Timeline Where an Extension Was Taken - Number of Days Past Legislated Timelines: 16 to 30 days,Nombre de demandes fermées au-delà des délais prévus par la loi où une prolongation a été prise - Nombre de jours de retard au-delà des délais prévus par la loi: 16 à 30 jours,Q26R1C4
Q3_7_2Row3Cell2,3,Section 3: Requests closed during the reporting period,Section 3 : Demandes fermées pendant la période d’établissement de rapport,3.7.2,3.7.2 Requests closed beyond legislated timelines (including any extension taken),3.7.2 Demandes fermées au-dela des délais prévus par laloi(y compris toute prolongation prise),Number of Requests Past Legislated Timeline Where an Extension Was Taken - Number of Days Past Legislated Timelines: 31 to 60 days,Nombre de demandes fermées au-delà des délais prévus par la loi où une prolongation a été prise - Nombre de jours de retard au-delà des délais prévus par la loi: 31 à 60 jours,Q26R2C1
Q3_7_2Row4Cell2,3,Section 3: Requests closed during the reporting period,Section 3 : Demandes fermées pendant la période d’établissement de rapport,3.7.2,3.7.2 Requests closed beyond legislated timelines (including any extension taken),3.7.2 Demandes fermées au-dela des délais prévus par laloi(y compris toute prolongation prise),Number of Requests Past Legislated Timeline Where an Extension Was Taken - Number of Days Past Legislated Timelines: 61 to 120 days,Nombre de demandes fermées au-delà des délais prévus par la loi où une prolongation a été prise - Nombre de jours de retard au-delà des délais prévus par la loi: 61 à 120 jours,Q26R2C2
Q3_7_2Row5Cell2,3,Section 3: Requests closed during the reporting period,Section 3 : Demandes fermées pendant la période d’établissement de rapport,3.7.2,3.7.2 Requests closed beyond legislated timelines (including any extension taken),3.7.2 Demandes fermées au-dela des délais prévus par laloi(y compris toute prolongation prise),Number of Requests Past Legislated Timeline Where an Extension Was Taken - Number of Days Past Legislated Timelines: 121 to 180 days,Nombre de demandes fermées au-delà des délais prévus par la loi où une prolongation a été prise - Nombre de jours de retard au-delà des délais prévus par la loi: 121 à 180 jours,Q26R2C3
Q3_7_2Row6Cell2,3,Section 3: Requests closed during the reporting period,Section 3 : Demandes fermées pendant la période d’établissement de rapport,3.7.2,3.7.2 Requests closed beyond legislated timelines (including any extension taken),3.7.2 Demandes fermées au-dela des délais prévus par laloi(y compris toute prolongation prise),Number of Requests Past Legislated Timeline Where an Extension Was Taken - Number of Days Past Legislated Timelines: 181 to 365 days,Nombre de demandes fermées au-delà des délais prévus par la loi où une prolongation a été prise - Nombre de jours de retard au-delà des délais prévus par la loi: 181 à 365 jours,Q26R2C4
Q3_7_2Row7Cell2,3,Section 3: Requests closed during the reporting period,Section 3 : Demandes fermées pendant la période d’établissement de rapport,3.7.2,3.7.2 Requests closed beyond legislated timelines (including any extension taken),3.7.2 Demandes fermées au-dela des délais prévus par laloi(y compris toute prolongation prise),Number of Requests Past Legislated Timeline Where an Extension Was Taken - Number of Days Past Legislated Timelines: More than 365 days,Nombre de demandes fermées au-delà des délais prévus par la loi où une prolongation a été prise - Nombre de jours de retard au-delà des délais prévus par la loi: Plus de 365 jours,Q26R3C1
Q3_7_2Row8Cell2,3,Section 3: Requests closed during the reporting period,Section 3 : Demandes fermées pendant la période d’établissement de rapport,3.7.2,3.7.2 Requests closed beyond legislated timelines (including any extension taken),3.7.2 Demandes fermées au-dela des délais prévus par laloi(y compris toute prolongation prise),Number of Requests Past Legislated Timeline Where an Extension Was Taken - Number of Days Past Legislated Timelines: Total,Nombre de demandes fermées au-delà des délais prévus par la loi où une prolongation a été prise - Nombre de jours de retard au-delà des délais prévus par la loi: Total,Q26R3C2
Q3_7_2Row1Cell3,3,Section 3: Requests closed during the reporting period,Section 3 : Demandes fermées pendant la période d’établissement de rapport,3.7.2,3.7.2 Requests closed beyond legislated timelines (including any extension taken),3.7.2 Demandes fermées au-dela des délais prévus par laloi(y compris toute prolongation prise),Total - Number of Days Past Legislated Timelines: 1 to 15 days,Total - Nombre de jours de retard au-delà des délais prévus par la loi: 1 à 15 jours,Q26R3C3
Q3_7_2Row2Cell3,3,Section 3: Requests closed during the reporting period,Section 3 : Demandes fermées pendant la période d’établissement de rapport,3.7.2,3.7.2 Requests closed beyond legislated timelines (including any extension taken),3.7.2 Demandes fermées au-dela des délais prévus par laloi(y compris toute prolongation prise),Total - Number of Days Past Legislated Timelines: 16 to 30 days,Total - Nombre de jours de retard au-delà des délais prévus par la loi: 16 à 30 jours,Q26R3C4
Q3_7_2Row3Cell3,3,Section 3: Requests closed during the reporting period,Section 3 : Demandes fermées pendant la période d’établissement de rapport,3.7.2,3.7.2 Requests closed beyond legislated timelines (including any extension taken),3.7.2 Demandes fermées au-dela des délais prévus par laloi(y compris toute prolongation prise),Total - Number of Days Past Legislated Timelines: 31 to 60 days,Total - Nombre de jours de retard au-delà des délais prévus par la loi: 31 à 60 jours,Q26R4C1
Q3_7_2Row4Cell3,3,Section 3: Requests closed during the reporting period,Section 3 : Demandes fermées pendant la période d’établissement de rapport,3.7.2,3.7.2 Requests closed beyond legislated timelines (including any extension taken),3.7.2 Demandes fermées au-dela des délais prévus par laloi(y compris toute prolongation prise),Total - Number of Days Past Legislated Timelines: 61 to 120 days,Total - Nombre de jours de retard au-delà des délais prévus par la loi: 61 à 120 jours,Q26R4C2
Q3_7_2Row5Cell3,3,Section 3: Requests closed during the reporting period,Section 3 : Demandes fermées pendant la période d’établissement de rapport,3.7.2,3.7.2 Requests closed beyond legislated timelines (including any extension taken),3.7.2 Demandes fermées au-dela des délais prévus par laloi(y compris toute prolongation prise),Total - Number of Days Past Legislated Timelines: 121 to 180 days,Total - Nombre de jours de retard au-delà des délais prévus par la loi: 121 à 180 jours,Q26R4C3
Q3_7_2Row6Cell3,3,Section 3: Requests closed during the reporting period,Section 3 : Demandes fermées pendant la période d’établissement de rapport,3.7.2,3.7.2 Requests closed beyond legislated timelines (including any extension taken),3.7.2 Demandes fermées au-dela des délais prévus par laloi(y compris toute prolongation prise),Total - Number of Days Past Legislated Timelines: 181 to 365 days,Total - Nombre de jours de retard au-delà des délais prévus par la loi: 181 à 365 jours,Q26R4C4
Q3_7_2Row7Cell3,3,Section 3: Requests closed during the reporting period,Section 3 : Demandes fermées pendant la période d’établissement de rapport,3.7.2,3.7.2 Requests closed beyond legislated timelines (including any extension taken),3.7.2 Demandes fermées au-dela des délais prévus par laloi(y compris toute prolongation prise),Total - Number of Days Past Legislated Timelines: More than 365 days,Total - Nombre de jours de retard au-delà des délais prévus par la loi: Plus de 365 jours,Q26R5C1
Q3_7_2Row8Cell3,3,Section 3: Requests closed during the reporting period,Section 3 : Demandes fermées pendant la période d’établissement de rapport,3.7.2,3.7.2 Requests closed beyond legislated timelines (including any extension taken),3.7.2 Demandes fermées au-dela des délais prévus par laloi(y compris toute prolongation prise),Total - Number of Days Past Legislated Timelines: Total,Total - Nombre de jours de retard au-delà des délais prévus par la loi: Total,Q26R5C2
Q3_8Row1Cell1,3,Section 3: Requests closed during the reporting period,Section 3 : Demandes fermées pendant la période d’établissement de rapport,3.8,3.8 Requests for translation,3.8 Demandes de traduction,Accepted - Translation Requests: English to French,Acceptées - Demandes de traduction : De l’anglais au français,Q26R5C3
Q3_8Row2Cell1,3,Section 3: Requests closed during the reporting period,Section 3 : Demandes fermées pendant la période d’établissement de rapport,3.8,3.8 Requests for translation,3.8 Demandes de traduction,Accepted - Translation Requests: French to English,Acceptées - Demandes de traduction: Du français à l’anglais,Q26R5C4
Q3_8Row3Cell1,3,Section 3: Requests closed during the reporting period,Section 3 : Demandes fermées pendant la période d’établissement de rapport,3.8,3.8 Requests for translation,3.8 Demandes de traduction,Accepted - Translation Requests: Total,Acceptées - Demandes de traduction: Total,Q26R6C1
Q3_8Row1Cell2,3,Section 3: Requests closed during the reporting period,Section 3 : Demandes fermées pendant la période d’établissement de rapport,3.8,3.8 Requests for translation,3.8 Demandes de traduction,Refused - Translation Requests: English to French,Refusées - Demandes de traduction : De l’anglais au français,Q26R6C2
Q3_8Row2Cell2,3,Section 3: Requests closed during the reporting period,Section 3 : Demandes fermées pendant la période d’établissement de rapport,3.8,3.8 Requests for translation,3.8 Demandes de traduction,Refused - Translation Requests: French to English,Refusées - Demandes de traduction: Du français à l’anglais,Q26R6C3
Q3_8Row3Cell2,3,Section 3: Requests closed during the reporting period,Section 3 : Demandes fermées pendant la période d’établissement de rapport,3.8,3.8 Requests for translation,3.8 Demandes de traduction,Refused - Translation Requests: Total,Refusées - Demandes de traduction: Total,Q26R6C4
Q3_8Row1Cell3,3,Section 3: Requests closed during the reporting period,Section 3 : Demandes fermées pendant la période d’établissement de rapport,3.8,3.8 Requests for translation,3.8 Demandes de traduction,Total - Translation Requests: English to French,Total - Demandes de traduction : De l’anglais au français,Q27R1C1
Q3_8Row2Cell3,3,Section 3: Requests closed during the reporting period,Section 3 : Demandes fermées pendant la période d’établissement de rapport,3.8,3.8 Requests for translation,3.8 Demandes de traduction,Total - Translation Requests: French to English,Total - Demandes de traduction: Du français à l’anglais,Q27R1C2
Q3_8Row3Cell3,3,Section 3: Requests closed during the reporting period,Section 3 : Demandes fermées pendant la période d’établissement de rapport,3.8,3.8 Requests for translation,3.8 Demandes de traduction,Total - Translation Requests: Total,Total - Demandes de traduction: Total,Q27R1C3
Q4Row1Cell1,4,Section 4: Disclosures under subsections 8(2) and 8(5),Section 4 : Communications en vertu des paragraphes 8(2) et 8(5),,N/A,N/A,Disclosures Under Subsections 8(2) and 8(5) - Paragraph 8(2)(e),Communications en vertu des paragraphes 8(2) et 8(5) - Alinéa 8(2)e),Q27R1C4
Q4Row1Cell2,4,Section 4: Disclosures under subsections 8(2) and 8(5),Section 4 : Communications en vertu des paragraphes 8(2) et 8(5),,N/A,N/A,Disclosures Under Subsections 8(2) and 8(5) - Paragraph 8(2)(m),Communications en vertu des paragraphes 8(2) et 8(5) - Alinéa 8(2)m),Q27R1C5
Q4Row1Cell3,4,Section 4: Disclosures under subsections 8(2) and 8(5),Section 4 : Communications en vertu des paragraphes 8(2) et 8(5),,N/A,N/A,Disclosures Under Subsections 8(2) and 8(5) - Subsection 8(5),Communications en vertu des paragraphes 8(2) et 8(5) - Paragraphe 8(5),Q27R1C6
Q4Row1Cell4,4,Section 4: Disclosures under subsections 8(2) and 8(5),Section 4 : Communications en vertu des paragraphes 8(2) et 8(5),,N/A,N/A,Disclosures Under Subsections 8(2) and 8(5) - Total,Communications en vertu des paragraphes 8(2) et 8(5) - Total,Q27R1C7
Q5Row1Cell1,5,Section 5: Requests for correction of personal information and notations,Section 5 : Demandes de correction de renseignements personnels et mentions,,N/A,N/A,Number - Disposition for correction requests received: Notations attached,Nombre - Disposition des demandes de correction reçues : Mentions annexées,Q27R1C8
Q5Row2Cell1,5,Section 5: Requests for correction of personal information and notations,Section 5 : Demandes de correction de renseignements personnels et mentions,,N/A,N/A,Number - Disposition for correction requests received: Requests for correction accepted,Nombre - Disposition des demandes de correction reçues : Demandes de correction acceptées,Q27R2C1
Q5Row3Cell1,5,Section 5: Requests for correction of personal information and notations,Section 5 : Demandes de correction de renseignements personnels et mentions,,N/A,N/A,Number - Disposition for correction requests received: Total,Nombre - Disposition des demandes de correction reçues : Total,Q27R2C2
Q6_1Row1Cell1,6,Section 6: Extensions,Section 6 : Prorogations,6.1,6.1 Reasons for extensions,6.1 Motifs des prorogations,Number of requests where an extension was taken,Nombre de demandes pour lesquelles une prorogation a été prise,Q27R2C3
Q6_1Row1Cell2,6,Section 6: Extensions,Section 6 : Prorogations,6.1,6.1 Reasons for extensions,6.1 Motifs des prorogations,15(a)(i) Interference with operations - Further review required to determine exemptions,15(a)(i) Entrave au fonctionnement de l’institution - Examen approfondi nécessaire pour déterminer les exceptions,Q27R2C4
Q6_1Row1Cell3,6,Section 6: Extensions,Section 6 : Prorogations,6.1,6.1 Reasons for extensions,6.1 Motifs des prorogations,15(a)(i) Interference with operations - Large volume of pages,15(a)(i) Entrave au fonctionnement de l’institution - Grand nombre de pages,Q27R2C5
Q6_1Row1Cell4,6,Section 6: Extensions,Section 6 : Prorogations,6.1,6.1 Reasons for extensions,6.1 Motifs des prorogations,15(a)(i) Interference with operations - Large volume of requests,15(a)(i) Entrave au fonctionnement de l’institution - Grand volume de demandes,Q27R2C6
Q6_1Row1Cell5,6,Section 6: Extensions,Section 6 : Prorogations,6.1,6.1 Reasons for extensions,6.1 Motifs des prorogations,15(a)(i) Interference with operations - Documents are difficult to obtain,15(a)(i) Entrave au fonctionnement de l’institution - Les documents sont difficiles à obtenir,Q27R2C7
Q6_1Row1Cell6,6,Section 6: Extensions,Section 6 : Prorogations,6.1,6.1 Reasons for extensions,6.1 Motifs des prorogations,15 (a)(ii) Consultation - Cabinet Confidence Section (Section 70),15(a)(ii) Consultation - Documents confidentiels du Cabinet (Article 70),Q27R2C8
Q6_1Row1Cell7,6,Section 6: Extensions,Section 6 : Prorogations,6.1,6.1 Reasons for extensions,6.1 Motifs des prorogations,15 (a)(ii) Consultation - External,15(a)(ii) Consultation - Externe,Q27R3C1
Q6_1Row1Cell8,6,Section 6: Extensions,Section 6 : Prorogations,6.1,6.1 Reasons for extensions,6.1 Motifs des prorogations,15 (a)(ii) Consultation - Internal,15(a)(ii) Consultation - Interne,Q27R3C2
Q6_1Row1Cell9,6,Section 6: Extensions,Section 6 : Prorogations,6.1,6.1 Reasons for extensions,6.1 Motifs des prorogations,15(b) Translation purposes or conversion,15(b) Traduction ou cas de transfert sur support de substitution,Q27R3C3
Q6_2Row1Cell2,6,Section 6: Extensions,Section 6 : Prorogations,6.2,6.2 Length of extensions,6.2 Durée des prorogations,15(a)(i) Interference with operations: Further review required to determine exemptions - Number of requests where an extension was taken: 1 to 15 days,15(a)(i) Entrave au fonctionnement de l’institution : Examen approfondi nécessaire pour déterminer les exceptions - Durée des prorogations : 1 à 15 jours,Q27R3C4
Q6_2Row2Cell2,6,Section 6: Extensions,Section 6 : Prorogations,6.2,6.2 Length of extensions,6.2 Durée des prorogations,15(a)(i) Interference with operations: Further review required to determine exemptions - Number of requests where an extension was taken: 16 to 30 days,15(a)(i) Entrave au fonctionnement de l’institution : Examen approfondi nécessaire pour déterminer les exceptions - Durée des prorogations : 16 à 30 jours,Q27R3C5
Q6_2Row3Cell2,6,Section 6: Extensions,Section 6 : Prorogations,6.2,6.2 Length of extensions,6.2 Durée des prorogations,15(a)(i) Interference with operations: Further review required to determine exemptions - Number of requests where an extension was taken: 31 days or greater,15(a)(i) Entrave au fonctionnement de l’institution : Examen approfondi nécessaire pour déterminer les exceptions - Durée des prorogations : Plus de 31 jours,Q27R3C6
Q6_2Row4Cell2,6,Section 6: Extensions,Section 6 : Prorogations,6.2,6.2 Length of extensions,6.2 Durée des prorogations,15(a)(i) Interference with operations: Further review required to determine exemptions - Number of requests where an extension was taken: Total,15(a)(i) Entrave au fonctionnement de l’institution : Examen approfondi nécessaire pour déterminer les exceptions - Durée des prorogations : Total,Q27R3C7
Q6_2Row1Cell3,6,Section 6: Extensions,Section 6 : Prorogations,6.2,6.2 Length of extensions,6.2 Durée des prorogations,15(a)(i) Interference with operations: Large volume of pages - Number of requests where an extension was taken: 1 to 15 days,15(a)(i) Entrave au fonctionnement de l’institution : Grand nombre de pages - Durée des prorogations : 1 à 15 jours,Q27R3C8
Q6_2Row2Cell3,6,Section 6: Extensions,Section 6 : Prorogations,6.2,6.2 Length of extensions,6.2 Durée des prorogations,15(a)(i) Interference with operations: Large volume of pages - Number of requests where an extension was taken: 16 to 30 days,15(a)(i) Entrave au fonctionnement de l’institution : Grand nombre de pages - Durée des prorogations : 16 à 30 jours,Q27R4C1
Q6_2Row3Cell3,6,Section 6: Extensions,Section 6 : Prorogations,6.2,6.2 Length of extensions,6.2 Durée des prorogations,15(a)(i) Interference with operations: Large volume of pages - Number of requests where an extension was taken: 31 days or greater,15(a)(i) Entrave au fonctionnement de l’institution : Grand nombre de pages - Durée des prorogations : Plus de 31 jours,Q27R4C2
Q6_2Row4Cell3,6,Section 6: Extensions,Section 6 : Prorogations,6.2,6.2 Length of extensions,6.2 Durée des prorogations,15(a)(i) Interference with operations: Large volume of pages - Number of requests where an extension was taken: Total,15(a)(i) Entrave au fonctionnement de l’institution : Grand nombre de pages - Durée des prorogations : Total,Q27R4C3
Q6_2Row1Cell4,6,Section 6: Extensions,Section 6 : Prorogations,6.2,6.2 Length of extensions,6.2 Durée des prorogations,15(a)(i) Interference with operations: Large volume of requests - Number of requests where an extension was taken: 1 to 15 days,15(a)(i) Entrave au fonctionnement de l’institution : Grand volume de demandes - Durée des prorogations : 1 à 15 jours,Q27R4C4
Q6_2Row2Cell4,6,Section 6: Extensions,Section 6 : Prorogations,6.2,6.2 Length of extensions,6.2 Durée des prorogations,15(a)(i) Interference with operations: Large volume of requests - Number of requests where an extension was taken: 16 to 30 days,15(a)(i) Entrave au fonctionnement de l’institution : Grand volume de demandes - Durée des prorogations : 16 à 30 jours,Q27R4C5
Q6_2Row3Cell4,6,Section 6: Extensions,Section 6 : Prorogations,6.2,6.2 Length of extensions,6.2 Durée des prorogations,15(a)(i) Interference with operations: Large volume of requests - Number of requests where an extension was taken: 31 days or greater,15(a)(i) Entrave au fonctionnement de l’institution : Grand volume de demandes - Durée des prorogations : Plus de 31 jours,Q27R4C6
Q6_2Row4Cell4,6,Section 6: Extensions,Section 6 : Prorogations,6.2,6.2 Length of extensions,6.2 Durée des prorogations,15(a)(i) Interference with operations: Large volume of requests - Number of requests where an extension was taken: Total,15(a)(i) Entrave au fonctionnement de l’institution : Grand volume de demandes - Durée des prorogations : Total,Q27R4C7
Q6_2Row1Cell5,6,Section 6: Extensions,Section 6 : Prorogations,6.2,6.2 Length of extensions,6.2 Durée des prorogations,15(a)(i) Interference with operations: Documents are difficult to obtain - Number of requests where an extension was taken: 1 to 15 days,15(a)(i) Entrave au fonctionnement de l’institution : Les documents sont difficiles à obtenir - Durée des prorogations : 1 à 15 jours,Q27R4C8
Q6_2Row2Cell5,6,Section 6: Extensions,Section 6 : Prorogations,6.2,6.2 Length of extensions,6.2 Durée des prorogations,15(a)(i) Interference with operations: Documents are difficult to obtain - Number of requests where an extension was taken: 16 to 30 days,15(a)(i) Entrave au fonctionnement de l’institution : Les documents sont difficiles à obtenir - Durée des prorogations : 16 à 30 jours,Q27R5C1
Q6_2Row3Cell5,6,Section 6: Extensions,Section 6 : Prorogations,6.2,6.2 Length of extensions,6.2 Durée des prorogations,15(a)(i) Interference with operations: Documents are difficult to obtain - Number of requests where an extension was taken: 31 days or greater,15(a)(i) Entrave au fonctionnement de l’institution : Les documents sont difficiles à obtenir - Durée des prorogations : Plus de 31 jours,Q27R5C2
Q6_2Row4Cell5,6,Section 6: Extensions,Section 6 : Prorogations,6.2,6.2 Length of extensions,6.2 Durée des prorogations,15(a)(i) Interference with operations: Documents are difficult to obtain - Number of requests where an extension was taken: Total,15(a)(i) Entrave au fonctionnement de l’institution : Les documents sont difficiles à obtenir - Durée des prorogations : Total,Q27R5C3
Q6_2Row1Cell6,6,Section 6: Extensions,Section 6 : Prorogations,6.2,6.2 Length of extensions,6.2 Durée des prorogations,15(a)(ii) Consultation: Cabinet Confidence (Section 70) - Number of requests where an extension was taken: 1 to 15 days,15(a)(ii) Consultation : Documents confidentiels du Cabinet (Article 70) - Durée des prorogations : 1 à 15 jours,Q27R5C4
Q6_2Row2Cell6,6,Section 6: Extensions,Section 6 : Prorogations,6.2,6.2 Length of extensions,6.2 Durée des prorogations,15(a)(ii) Consultation: Cabinet Confidence (Section 70) - Number of requests where an extension was taken: 16 to 30 days,15(a)(ii) Consultation : Documents confidentiels du Cabinet (Article 70) - Durée des prorogations : 16 à 30 jours,Q27R5C5
Q6_2Row3Cell6,6,Section 6: Extensions,Section 6 : Prorogations,6.2,6.2 Length of extensions,6.2 Durée des prorogations,15(a)(ii) Consultation: Cabinet Confidence (Section 70) - Number of requests where an extension was taken: 31 days or greater,15(a)(ii) Consultation : Documents confidentiels du Cabinet (Article 70) - Durée des prorogations : Plus de 31 jours,Q27R5C6
Q6_2Row4Cell6,6,Section 6: Extensions,Section 6 : Prorogations,6.2,6.2 Length of extensions,6.2 Durée des prorogations,15(a)(ii) Consultation: Cabinet Confidence (Section 70) - Number of requests where an extension was taken: Total,15(a)(ii) Consultation : Documents confidentiels du Cabinet (Article 70) - Durée des prorogations : Total,Q27R5C7
Q6_2Row1Cell7,6,Section 6: Extensions,Section 6 : Prorogations,6.2,6.2 Length of extensions,6.2 Durée des prorogations,15(a)(ii) Consultation: External - Number of requests where an extension was taken: 1 to 15 days,15(a)(ii) Consultation : Externe - Durée des prorogations : 1 à 15 jours,Q27R5C8
Q6_2Row2Cell7,6,Section 6: Extensions,Section 6 : Prorogations,6.2,6.2 Length of extensions,6.2 Durée des prorogations,15(a)(ii) Consultation: External - Number of requests where an extension was taken: 16 to 30 days,15(a)(ii) Consultation : Externe - Durée des prorogations : 16 à 30 jours,Q27R6C1
Q6_2Row3Cell7,6,Section 6: Extensions,Section 6 : Prorogations,6.2,6.2 Length of extensions,6.2 Durée des prorogations,15(a)(ii) Consultation: External - Number of requests where an extension was taken: 31 days or greater,15(a)(ii) Consultation : Externe - Durée des prorogations : Plus de 31 jours,Q27R6C2
Q6_2Row4Cell7,6,Section 6: Extensions,Section 6 : Prorogations,6.2,6.2 Length of extensions,6.2 Durée des prorogations,15(a)(ii) Consultation: External - Number of requests where an extension was taken: Total,15(a)(ii) Consultation : Externe - Durée des prorogations : Total,Q27R6C3
Q6_2Row1Cell8,6,Section 6: Extensions,Section 6 : Prorogations,6.2,6.2 Length of extensions,6.2 Durée des prorogations,15(a)(ii) Consultation: Internal - Number of requests where an extension was taken: 1 to 15 days,15(a)(ii) Consultation : Interne - Durée des prorogations : 1 à 15 jours,Q27R6C4
Q6_2Row2Cell8,6,Section 6: Extensions,Section 6 : Prorogations,6.2,6.2 Length of extensions,6.2 Durée des prorogations,15(a)(ii) Consultation: Internal - Number of requests where an extension was taken: 16 to 30 days,15(a)(ii) Consultation : Interne - Durée des prorogations : 16 à 30 jours,Q27R6C5
Q6_2Row3Cell8,6,Section 6: Extensions,Section 6 : Prorogations,6.2,6.2 Length of extensions,6.2 Durée des prorogations,15(a)(ii) Consultation: Internal - Number of requests where an extension was taken: 31 days or greater,15(a)(ii) Consultation : Interne - Durée des prorogations : Plus de 31 jours,Q27R6C6
Q6_2Row4Cell8,6,Section 6: Extensions,Section 6 : Prorogations,6.2,6.2 Length of extensions,6.2 Durée des prorogations,15(a)(ii) Consultation: Internal - Number of requests where an extension was taken: Total,15(a)(ii) Consultation : Interne - Durée des prorogations : Total,Q27R6C7
Q6_2Row1Cell9,6,Section 6: Extensions,Section 6 : Prorogations,6.2,6.2 Length of extensions,6.2 Durée des prorogations,15(b) Translation purposes or conversion - Number of requests where an extension was taken: 1 to 15 days,15(b) Traduction ou cas de transfert sur support de substitution - Durée des prorogations : 1 à 15 jours,Q27R6C8
Q6_2Row2Cell9,6,Section 6: Extensions,Section 6 : Prorogations,6.2,6.2 Length of extensions,6.2 Durée des prorogations,15(b) Translation purposes or conversion - Number of requests where an extension was taken: 16 to 30 days,15(b) Traduction ou cas de transfert sur support de substitution - Durée des prorogations : 16 à 30 jours,Q27R7C1
Q6_2Row3Cell9,6,Section 6: Extensions,Section 6 : Prorogations,6.2,6.2 Length of extensions,6.2 Durée des prorogations,15(b) Translation purposes or conversion - Number of requests where an extension was taken: 31 days or greater,15(b) Traduction ou cas de transfert sur support de substitution - Durée des prorogations : Plus de 31 jours,Q27R7C2
Q6_2Row4Cell9,6,Section 6: Extensions,Section 6 : Prorogations,6.2,6.2 Length of extensions,6.2 Durée des prorogations,15(b) Translation purposes or conversion - Number of requests where an extension was taken: Total,15(b) Traduction ou cas de transfert sur support de substitution - Durée des prorogations : Total,Q27R7C3
Q7_1Row1Cell1,7,Section 7: Consultations received from other institutions and organizations,Section 7 : Demandes de consultation reçues d’autres institutions et organisations,7.1,7.1 Consultations received from other Government of Canada institutions and other organizations,7.1 Demandes de consultation reçues d’autres institutions du gouvernement du Canada et autres organisations,Other government of Canada institutions - Consultations: Received during reporting period,Autres institutions du gouvernement du Canada - Consultations : Reçues pendant la période d’établissement de rapport,Q27R7C4
Q7_1Row2Cell1,7,Section 7: Consultations received from other institutions and organizations,Section 7 : Demandes de consultation reçues d’autres institutions et organisations,7.1,7.1 Consultations received from other Government of Canada institutions and other organizations,7.1 Demandes de consultation reçues d’autres institutions du gouvernement du Canada et autres organisations,Other government of Canada institutions - Consultations: Outstanding from the previous reporting period,Autres institutions du gouvernement du Canada - Consultations : En suspens à la fin de la période d’établissement de rapport précédente,Q27R7C5
Q7_1Row3Cell1,7,Section 7: Consultations received from other institutions and organizations,Section 7 : Demandes de consultation reçues d’autres institutions et organisations,7.1,7.1 Consultations received from other Government of Canada institutions and other organizations,7.1 Demandes de consultation reçues d’autres institutions du gouvernement du Canada et autres organisations,Other government of Canada institutions - Consultations: Total,Autres institutions du gouvernement du Canada - Consultations : Total,Q27R7C6
Q7_1Row4Cell1,7,Section 7: Consultations received from other institutions and organizations,Section 7 : Demandes de consultation reçues d’autres institutions et organisations,7.1,7.1 Consultations received from other Government of Canada institutions and other organizations,7.1 Demandes de consultation reçues d’autres institutions du gouvernement du Canada et autres organisations,Other government of Canada institutions - Consultations: Closed during the reporting period,Autres institutions du gouvernement du Canada - Consultations : Fermées pendant la période d’établissement de rapport,Q27R7C7
Q7_1Row5Cell1,7,Section 7: Consultations received from other institutions and organizations,Section 7 : Demandes de consultation reçues d’autres institutions et organisations,7.1,7.1 Consultations received from other Government of Canada institutions and other organizations,7.1 Demandes de consultation reçues d’autres institutions du gouvernement du Canada et autres organisations,Other government of Canada institutions - Consultations: Carried over within negotiated timelines,Autres institutions du gouvernement du Canada - Consultations : Reportées à l’intérieur des délais négociés à la prochaine période d’établissement de rapport,Q27R7C8
Q7_1Row6Cell1,7,Section 7: Consultations received from other institutions and organizations,Section 7 : Demandes de consultation reçues d’autres institutions et organisations,7.1,7.1 Consultations received from other Government of Canada institutions and other organizations,7.1 Demandes de consultation reçues d’autres institutions du gouvernement du Canada et autres organisations,Other government of Canada institutions - Consultations: Carried over beyond negotiated timelines,Autres institutions du gouvernement du Canada - Consultations : Reportées au-delà des délais négociés à la prochaine période d’établissement de rapport,Q28R1C1
Q7_1Row1Cell2,7,Section 7: Consultations received from other institutions and organizations,Section 7 : Demandes de consultation reçues d’autres institutions et organisations,7.1,7.1 Consultations received from other Government of Canada institutions and other organizations,7.1 Demandes de consultation reçues d’autres institutions du gouvernement du Canada et autres organisations,Number of pages to review - Consultations: Received during reporting period,Nombre de pages à traiter - Consultations : Reçues pendant la période d’établissement de rapport,Q28R1C2
Q7_1Row2Cell2,7,Section 7: Consultations received from other institutions and organizations,Section 7 : Demandes de consultation reçues d’autres institutions et organisations,7.1,7.1 Consultations received from other Government of Canada institutions and other organizations,7.1 Demandes de consultation reçues d’autres institutions du gouvernement du Canada et autres organisations,Number of pages to review - Consultations: Outstanding from the previous reporting period,Nombre de pages à traiter - Consultations : En suspens à la fin de la période d’établissement de rapport précédente,Q28R1C3
Q7_1Row3Cell2,7,Section 7: Consultations received from other institutions and organizations,Section 7 : Demandes de consultation reçues d’autres institutions et organisations,7.1,7.1 Consultations received from other Government of Canada institutions and other organizations,7.1 Demandes de consultation reçues d’autres institutions du gouvernement du Canada et autres organisations,Number of pages to review - Consultations: Total,Nombre de pages à traiter - Consultations : Total,Q28R1C4
Q7_1Row4Cell2,7,Section 7: Consultations received from other institutions and organizations,Section 7 : Demandes de consultation reçues d’autres institutions et organisations,7.1,7.1 Consultations received from other Government of Canada institutions and other organizations,7.1 Demandes de consultation reçues d’autres institutions du gouvernement du Canada et autres organisations,Number of pages to review - Consultations: Closed during the reporting period,Nombre de pages à traiter - Consultations : Fermées pendant la période d’établissement de rapport,Q28R1C5
Q7_1Row5Cell2,7,Section 7: Consultations received from other institutions and organizations,Section 7 : Demandes de consultation reçues d’autres institutions et organisations,7.1,7.1 Consultations received from other Government of Canada institutions and other organizations,7.1 Demandes de consultation reçues d’autres institutions du gouvernement du Canada et autres organisations,Number of pages to review - Consultations: Carried over within negotiated timelines,Nombre de pages à traiter - Consultations : Reportées à l’intérieur des délais négociés à la prochaine période d’établissement de rapport,Q28R1C6
Q7_1Row6Cell2,7,Section 7: Consultations received from other institutions and organizations,Section 7 : Demandes de consultation reçues d’autres institutions et organisations,7.1,7.1 Consultations received from other Government of Canada institutions and other organizations,7.1 Demandes de consultation reçues d’autres institutions du gouvernement du Canada et autres organisations,Number of pages to review - Consultations: Carried over beyond negotiated timelines,Nombre de pages à traiter - Consultations : Reportées au-delà des délais négociés à la prochaine période d’établissement de rapport,Q28R1C7
Q7_1Row1Cell3,7,Section 7: Consultations received from other institutions and organizations,Section 7 : Demandes de consultation reçues d’autres institutions et organisations,7.1,7.1 Consultations received from other Government of Canada institutions and other organizations,7.1 Demandes de consultation reçues d’autres institutions du gouvernement du Canada et autres organisations,Other organizations - Consultations: Received during reporting period,Autres organismes - Consultations : Reçues pendant la période d’établissement de rapport,Q28R1C8
Q7_1Row2Cell3,7,Section 7: Consultations received from other institutions and organizations,Section 7 : Demandes de consultation reçues d’autres institutions et organisations,7.1,7.1 Consultations received from other Government of Canada institutions and other organizations,7.1 Demandes de consultation reçues d’autres institutions du gouvernement du Canada et autres organisations,Other organizations - Consultations: Outstanding from the previous reporting period,Autres organismes - Consultations : En suspens à la fin de la période d’établissement de rapport précédente,Q28R2C1
Q7_1Row3Cell3,7,Section 7: Consultations received from other institutions and organizations,Section 7 : Demandes de consultation reçues d’autres institutions et organisations,7.1,7.1 Consultations received from other Government of Canada institutions and other organizations,7.1 Demandes de consultation reçues d’autres institutions du gouvernement du Canada et autres organisations,Other organizations - Consultations: Total,Autres organismes - Consultations : Total,Q28R2C2
Q7_1Row4Cell3,7,Section 7: Consultations received from other institutions and organizations,Section 7 : Demandes de consultation reçues d’autres institutions et organisations,7.1,7.1 Consultations received from other Government of Canada institutions and other organizations,7.1 Demandes de consultation reçues d’autres institutions du gouvernement du Canada et autres organisations,Other organizations - Consultations: Closed during the reporting period,Autres organismes - Consultations : Fermées pendant la période d’établissement de rapport,Q28R2C3
Q7_1Row5Cell3,7,Section 7: Consultations received from other institutions and organizations,Section 7 : Demandes de consultation reçues d’autres institutions et organisations,7.1,7.1 Consultations received from other Government of Canada institutions and other organizations,7.1 Demandes de consultation reçues d’autres institutions du gouvernement du Canada et autres organisations,Other organizations - Consultations: Carried over within negotiated timelines,Autres organismes - Consultations : Reportées à l’intérieur des délais négociés à la prochaine période d’établissement de rapport,Q28R2C4
Q7_1Row6Cell3,7,Section 7: Consultations received from other institutions and organizations,Section 7 : Demandes de consultation reçues d’autres institutions et organisations,7.1,7.1 Consultations received from other Government of Canada institutions and other organizations,7.1 Demandes de consultation reçues d’autres institutions du gouvernement du Canada et autres organisations,Other organizations - Consultations: Carried over beyond negotiated timelines,Autres organismes - Consultations : Reportées au-delà des délais négociés à la prochaine période d’établissement de rapport,Q28R2C5
Q7_1Row1Cell4,7,Section 7: Consultations received from other institutions and organizations,Section 7 : Demandes de consultation reçues d’autres institutions et organisations,7.1,7.1 Consultations received from other Government of Canada institutions and other organizations,7.1 Demandes de consultation reçues d’autres institutions du gouvernement du Canada et autres organisations,Number of pages to review - Consultations: Received during reporting period,Nombre de pages à traiter - Consultations : Reçues pendant la période d’établissement de rapport,Q28R2C6
Q7_1Row2Cell4,7,Section 7: Consultations received from other institutions and organizations,Section 7 : Demandes de consultation reçues d’autres institutions et organisations,7.1,7.1 Consultations received from other Government of Canada institutions and other organizations,7.1 Demandes de consultation reçues d’autres institutions du gouvernement du Canada et autres organisations,Number of pages to review - Consultations: Outstanding from the previous reporting period,Nombre de pages à traiter - Consultations : En suspens à la fin de la période d’établissement de rapport précédente,Q28R2C7
Q7_1Row3Cell4,7,Section 7: Consultations received from other institutions and organizations,Section 7 : Demandes de consultation reçues d’autres institutions et organisations,7.1,7.1 Consultations received from other Government of Canada institutions and other organizations,7.1 Demandes de consultation reçues d’autres institutions du gouvernement du Canada et autres organisations,Number of pages to review - Consultations: Total,Nombre de pages à traiter - Consultations : Total,Q28R2C8
Q7_1Row4Cell4,7,Section 7: Consultations received from other institutions and organizations,Section 7 : Demandes de consultation reçues d’autres institutions et organisations,7.1,7.1 Consultations received from other Government of Canada institutions and other organizations,7.1 Demandes de consultation reçues d’autres institutions du gouvernement du Canada et autres organisations,Number of pages to review - Consultations: Closed during the reporting period,Nombre de pages à traiter - Consultations : Fermées pendant la période d’établissement de rapport,Q28R3C1
Q7_1Row5Cell4,7,Section 7: Consultations received from other institutions and organizations,Section 7 : Demandes de consultation reçues d’autres institutions et organisations,7.1,7.1 Consultations received from other Government of Canada institutions and other organizations,7.1 Demandes de consultation reçues d’autres institutions du gouvernement du Canada et autres organisations,Number of pages to review - Consultations: Carried over within negotiated timelines,Nombre de pages à traiter - Consultations : Reportées à l’intérieur des délais négociés à la prochaine période d’établissement de rapport,Q28R3C2
Q7_1Row6Cell4,7,Section 7: Consultations received from other institutions and organizations,Section 7 : Demandes de consultation reçues d’autres institutions et organisations,7.1,7.1 Consultations received from other Government of Canada institutions and other organizations,7.1 Demandes de consultation reçues d’autres institutions du gouvernement du Canada et autres organisations,Number of pages to review - Consultations: Carried over beyond negotiated timelines,Nombre de pages à traiter - Consultations : Reportées au-delà des délais négociés à la prochaine période d’établissement de rapport,Q28R3C3
Q7_2Row1Cell1,7,Section 7: Consultations received from other institutions and organizations,Section 7 : Demandes de consultation reçues d’autres institutions et organisations,7.2,7.2 Recommendations and completion time for consultations received from other Government of Canada institutions,7.2 Recommandation et délai de traitement pour les demandes de consultation reçues d’autres institutions du gouvernement du Canada,Number of days required to complete consultation requests: 1 to 15 days - Recommendation: Disclose entirely,Nombre de jours requis pour traiter les demandes de consultation : 1 à 15 jours - Recommandation : Communiquer en entier,Q28R3C4
Q7_2Row2Cell1,7,Section 7: Consultations received from other institutions and organizations,Section 7 : Demandes de consultation reçues d’autres institutions et organisations,7.2,7.2 Recommendations and completion time for consultations received from other Government of Canada institutions,7.2 Recommandation et délai de traitement pour les demandes de consultation reçues d’autres institutions du gouvernement du Canada,Number of days required to complete consultation requests: 1 to 15 days - Recommendation: Disclosed in part,Nombre de jours requis pour traiter les demandes de consultation : 1 à 15 jours - Recommandation : Communiquer en partie,Q28R3C5
Q7_2Row3Cell1,7,Section 7: Consultations received from other institutions and organizations,Section 7 : Demandes de consultation reçues d’autres institutions et organisations,7.2,7.2 Recommendations and completion time for consultations received from other Government of Canada institutions,7.2 Recommandation et délai de traitement pour les demandes de consultation reçues d’autres institutions du gouvernement du Canada,Number of days required to complete consultation requests: 1 to 15 days - Recommendation: Exempt entirely,Nombre de jours requis pour traiter les demandes de consultation : 1 à 15 jours - Recommandation : Exempter en entier,Q28R3C6
Q7_2Row4Cell1,7,Section 7: Consultations received from other institutions and organizations,Section 7 : Demandes de consultation reçues d’autres institutions et organisations,7.2,7.2 Recommendations and completion time for consultations received from other Government of Canada institutions,7.2 Recommandation et délai de traitement pour les demandes de consultation reçues d’autres institutions du gouvernement du Canada,Number of days required to complete consultation requests: 1 to 15 days - Recommendation: Exclude entirely,Nombre de jours requis pour traiter les demandes de consultation : 1 à 15 jours - Recommandation : Exclure en entier,Q28R3C7
Q7_2Row5Cell1,7,Section 7: Consultations received from other institutions and organizations,Section 7 : Demandes de consultation reçues d’autres institutions et organisations,7.2,7.2 Recommendations and completion time for consultations received from other Government of Canada institutions,7.2 Recommandation et délai de traitement pour les demandes de consultation reçues d’autres institutions du gouvernement du Canada,Number of days required to complete consultation requests: 1 to 15 days - Recommendation: Consult other institution,Nombre de jours requis pour traiter les demandes de consultation : 1 à 15 jours - Recommandation : Consulter une autre institution,Q28R3C8
Q7_2Row6Cell1,7,Section 7: Consultations received from other institutions and organizations,Section 7 : Demandes de consultation reçues d’autres institutions et organisations,7.2,7.2 Recommendations and completion time for consultations received from other Government of Canada institutions,7.2 Recommandation et délai de traitement pour les demandes de consultation reçues d’autres institutions du gouvernement du Canada,Number of days required to complete consultation requests: 1 to 15 days - Recommendation: Other,Nombre de jours requis pour traiter les demandes de consultation : 1 à 15 jours - Recommandation : Autre,Q28R4C1
Q7_2Row7Cell1,7,Section 7: Consultations received from other institutions and organizations,Section 7 : Demandes de consultation reçues d’autres institutions et organisations,7.2,7.2 Recommendations and completion time for consultations received from other Government of Canada institutions,7.2 Recommandation et délai de traitement pour les demandes de consultation reçues d’autres institutions du gouvernement du Canada,Number of days required to complete consultation requests: 1 to 15 days - Recommendation: Total,Nombre de jours requis pour traiter les demandes de consultation : 1 à 15 jours - Recommandation : Total,Q28R4C2
Q7_2Row1Cell2,7,Section 7: Consultations received from other institutions and organizations,Section 7 : Demandes de consultation reçues d’autres institutions et organisations,7.2,7.2 Recommendations and completion time for consultations received from other Government of Canada institutions,7.2 Recommandation et délai de traitement pour les demandes de consultation reçues d’autres institutions du gouvernement du Canada,Number of days required to complete consultation requests: 16 to 30 days - Recommendation: Disclose entirely,Nombre de jours requis pour traiter les demandes de consultation : 16 à 30 jours - Recommandation : Communiquer en entier,Q28R4C3
Q7_2Row2Cell2,7,Section 7: Consultations received from other institutions and organizations,Section 7 : Demandes de consultation reçues d’autres institutions et organisations,7.2,7.2 Recommendations and completion time for consultations received from other Government of Canada institutions,7.2 Recommandation et délai de traitement pour les demandes de consultation reçues d’autres institutions du gouvernement du Canada,Number of days required to complete consultation requests: 16 to 30 days - Recommendation: Disclosed in part,Nombre de jours requis pour traiter les demandes de consultation : 16 à 30 jours - Recommandation : Communiquer en partie,Q28R4C4
Q7_2Row3Cell2,7,Section 7: Consultations received from other institutions and organizations,Section 7 : Demandes de consultation reçues d’autres institutions et organisations,7.2,7.2 Recommendations and completion time for consultations received from other Government of Canada institutions,7.2 Recommandation et délai de traitement pour les demandes de consultation reçues d’autres institutions du gouvernement du Canada,Number of days required to complete consultation requests: 16 to 30 days - Recommendation: Exempt entirely,Nombre de jours requis pour traiter les demandes de consultation : 16 à 30 jours - Recommandation : Exempter en entier,Q28R4C5
Q7_2Row4Cell2,7,Section 7: Consultations received from other institutions and organizations,Section 7 : Demandes de consultation reçues d’autres institutions et organisations,7.2,7.2 Recommendations and completion time for consultations received from other Government of Canada institutions,7.2 Recommandation et délai de traitement pour les demandes de consultation reçues d’autres institutions du gouvernement du Canada,Number of days required to complete consultation requests: 16 to 30 days - Recommendation: Exclude entirely,Nombre de jours requis pour traiter les demandes de consultation : 16 à 30 jours - Recommandation : Exclure en entier,Q28R4C6
Q7_2Row5Cell2,7,Section 7: Consultations received from other institutions and organizations,Section 7 : Demandes de consultation reçues d’autres institutions et organisations,7.2,7.2 Recommendations and completion time for consultations received from other Government of Canada institutions,7.2 Recommandation et délai de traitement pour les demandes de consultation reçues d’autres institutions du gouvernement du Canada,Number of days required to complete consultation requests: 16 to 30 days - Recommendation: Consult other institution,Nombre de jours requis pour traiter les demandes de consultation : 16 à 30 jours - Recommandation : Consulter une autre institution,Q28R4C7
Q7_2Row6Cell2,7,Section 7: Consultations received from other institutions and organizations,Section 7 : Demandes de consultation reçues d’autres institutions et organisations,7.2,7.2 Recommendations and completion time for consultations received from other Government of Canada institutions,7.2 Recommandation et délai de traitement pour les demandes de consultation reçues d’autres institutions du gouvernement du Canada,Number of days required to complete consultation requests: 16 to 30 days - Recommendation: Other,Nombre de jours requis pour traiter les demandes de consultation : 16 à 30 jours - Recommandation : Autre,Q28R4C8
Q7_2Row7Cell2,7,Section 7: Consultations received from other institutions and organizations,Section 7 : Demandes de consultation reçues d’autres institutions et organisations,7.2,7.2 Recommendations and completion time for consultations received from other Government of Canada institutions,7.2 Recommandation et délai de traitement pour les demandes de consultation reçues d’autres institutions du gouvernement du Canada,Number of days required to complete consultation requests: 16 to 30 days - Recommendation: Total,Nombre de jours requis pour traiter les demandes de consultation : 16 à 30 jours - Recommandation : Total,Q28R5C1
Q7_2Row1Cell3,7,Section 7: Consultations received from other institutions and organizations,Section 7 : Demandes de consultation reçues d’autres institutions et organisations,7.2,7.2 Recommendations and completion time for consultations received from other Government of Canada institutions,7.2 Recommandation et délai de traitement pour les demandes de consultation reçues d’autres institutions du gouvernement du Canada,Number of days required to complete consultation requests: 31 to 60 days - Recommendation: Disclose entirely,Nombre de jours requis pour traiter les demandes de consultation : 31 à 60 jours - Recommandation : Communiquer en entier,Q28R5C2
Q7_2Row2Cell3,7,Section 7: Consultations received from other institutions and organizations,Section 7 : Demandes de consultation reçues d’autres institutions et organisations,7.2,7.2 Recommendations and completion time for consultations received from other Government of Canada institutions,7.2 Recommandation et délai de traitement pour les demandes de consultation reçues d’autres institutions du gouvernement du Canada,Number of days required to complete consultation requests: 31 to 60 days - Recommendation: Disclosed in part,Nombre de jours requis pour traiter les demandes de consultation : 31 à 60 jours - Recommandation : Communiquer en partie,Q28R5C3
Q7_2Row3Cell3,7,Section 7: Consultations received from other institutions and organizations,Section 7 : Demandes de consultation reçues d’autres institutions et organisations,7.2,7.2 Recommendations and completion time for consultations received from other Government of Canada institutions,7.2 Recommandation et délai de traitement pour les demandes de consultation reçues d’autres institutions du gouvernement du Canada,Number of days required to complete consultation requests: 31 to 60 days - Recommendation: Exempt entirely,Nombre de jours requis pour traiter les demandes de consultation : 31 à 60 jours - Recommandation : Exempter en entier,Q28R5C4
Q7_2Row4Cell3,7,Section 7: Consultations received from other institutions and organizations,Section 7 : Demandes de consultation reçues d’autres institutions et organisations,7.2,7.2 Recommendations and completion time for consultations received from other Government of Canada institutions,7.2 Recommandation et délai de traitement pour les demandes de consultation reçues d’autres institutions du gouvernement du Canada,Number of days required to complete consultation requests: 31 to 60 days - Recommendation: Exclude entirely,Nombre de jours requis pour traiter les demandes de consultation : 31 à 60 jours - Recommandation : Exclure en entier,Q28R5C5
Q7_2Row5Cell3,7,Section 7: Consultations received from other institutions and organizations,Section 7 : Demandes de consultation reçues d’autres institutions et organisations,7.2,7.2 Recommendations and completion time for consultations received from other Government of Canada institutions,7.2 Recommandation et délai de traitement pour les demandes de consultation reçues d’autres institutions du gouvernement du Canada,Number of days required to complete consultation requests: 31 to 60 days - Recommendation: Consult other institution,Nombre de jours requis pour traiter les demandes de consultation : 31 à 60 jours - Recommandation : Consulter une autre institution,Q28R5C6
Q7_2Row6Cell3,7,Section 7: Consultations received from other institutions and organizations,Section 7 : Demandes de consultation reçues d’autres institutions et organisations,7.2,7.2 Recommendations and completion time for consultations received from other Government of Canada institutions,7.2 Recommandation et délai de traitement pour les demandes de consultation reçues d’autres institutions du gouvernement du Canada,Number of days required to complete consultation requests: 31 to 60 days - Recommendation: Other,Nombre de jours requis pour traiter les demandes de consultation : 31 à 60 jours - Recommandation : Autre,Q28R5C7
Q7_2Row7Cell3,7,Section 7: Consultations received from other institutions and organizations,Section 7 : Demandes de consultation reçues d’autres institutions et organisations,7.2,7.2 Recommendations and completion time for consultations received from other Government of Canada institutions,7.2 Recommandation et délai de traitement pour les demandes de consultation reçues d’autres institutions du gouvernement du Canada,Number of days required to complete consultation requests: 31 to 60 days - Recommendation: Total,Nombre de jours requis pour traiter les demandes de consultation : 31 à 60 jours - Recommandation : Total,Q28R5C8
Q7_2Row1Cell4,7,Section 7: Consultations received from other institutions and organizations,Section 7 : Demandes de consultation reçues d’autres institutions et organisations,7.2,7.2 Recommendations and completion time for consultations received from other Government of Canada institutions,7.2 Recommandation et délai de traitement pour les demandes de consultation reçues d’autres institutions du gouvernement du Canada,Number of days required to complete consultation requests: 61 to 120 days - Recommendation: Disclose entirely,Nombre de jours requis pour traiter les demandes de consultation : 61 à 120 jours - Recommandation : Communiquer en entier,Q28R6C1
Q7_2Row2Cell4,7,Section 7: Consultations received from other institutions and organizations,Section 7 : Demandes de consultation reçues d’autres institutions et organisations,7.2,7.2 Recommendations and completion time for consultations received from other Government of Canada institutions,7.2 Recommandation et délai de traitement pour les demandes de consultation reçues d’autres institutions du gouvernement du Canada,Number of days required to complete consultation requests: 61 to 120 days - Recommendation: Disclosed in part,Nombre de jours requis pour traiter les demandes de consultation : 61 à 120 jours - Recommandation : Communiquer en partie,Q28R6C2
Q7_2Row3Cell4,7,Section 7: Consultations received from other institutions and organizations,Section 7 : Demandes de consultation reçues d’autres institutions et organisations,7.2,7.2 Recommendations and completion time for consultations received from other Government of Canada institutions,7.2 Recommandation et délai de traitement pour les demandes de consultation reçues d’autres institutions du gouvernement du Canada,Number of days required to complete consultation requests: 61 to 120 days - Recommendation: Exempt entirely,Nombre de jours requis pour traiter les demandes de consultation : 61 à 120 jours - Recommandation : Exempter en entier,Q28R6C3
Q7_2Row4Cell4,7,Section 7: Consultations received from other institutions and organizations,Section 7 : Demandes de consultation reçues d’autres institutions et organisations,7.2,7.2 Recommendations and completion time for consultations received from other Government of Canada institutions,7.2 Recommandation et délai de traitement pour les demandes de consultation reçues d’autres institutions du gouvernement du Canada,Number of days required to complete consultation requests: 61 to 120 days - Recommendation: Exclude entirely,Nombre de jours requis pour traiter les demandes de consultation : 61 à 120 jours - Recommandation : Exclure en entier,Q28R6C4
Q7_2Row5Cell4,7,Section 7: Consultations received from other institutions and organizations,Section 7 : Demandes de consultation reçues d’autres institutions et organisations,7.2,7.2 Recommendations and completion time for consultations received from other Government of Canada institutions,7.2 Recommandation et délai de traitement pour les demandes de consultation reçues d’autres institutions du gouvernement du Canada,Number of days required to complete consultation requests: 61 to 120 days - Recommendation: Consult other institution,Nombre de jours requis pour traiter les demandes de consultation : 61 à 120 jours - Recommandation : Consulter une autre institution,Q28R6C5
Q7_2Row6Cell4,7,Section 7: Consultations received from other institutions and organizations,Section 7 : Demandes de consultation reçues d’autres institutions et organisations,7.2,7.2 Recommendations and completion time for consultations received from other Government of Canada institutions,7.2 Recommandation et délai de traitement pour les demandes de consultation reçues d’autres institutions du gouvernement du Canada,Number of days required to complete consultation requests: 61 to 120 days - Recommendation: Other,Nombre de jours requis pour traiter les demandes de consultation : 61 à 120 jours - Recommandation : Autre,Q28R6C6
Q7_2Row7Cell4,7,Section 7: Consultations received from other institutions and organizations,Section 7 : Demandes de consultation reçues d’autres institutions et organisations,7.2,7.2 Recommendations and completion time for consultations received from other Government of Canada institutions,7.2 Recommandation et délai de traitement pour les demandes de consultation reçues d’autres institutions du gouvernement du Canada,Number of days required to complete consultation requests: 61 to 120 days - Recommendation: Total,Nombre de jours requis pour traiter les demandes de consultation : 61 à 120 jours - Recommandation : Total,Q28R6C7
Q7_2Row1Cell5,7,Section 7: Consultations received from other institutions and organizations,Section 7 : Demandes de consultation reçues d’autres institutions et organisations,7.2,7.2 Recommendations and completion time for consultations received from other Government of Canada institutions,7.2 Recommandation et délai de traitement pour les demandes de consultation reçues d’autres institutions du gouvernement du Canada,Number of days required to complete consultation requests: 121 to 180 days - Recommendation: Disclose entirely,Nombre de jours requis pour traiter les demandes de consultation : 121 à 180 jours - Recommandation : Communiquer en entier,Q28R6C8
Q7_2Row2Cell5,7,Section 7: Consultations received from other institutions and organizations,Section 7 : Demandes de consultation reçues d’autres institutions et organisations,7.2,7.2 Recommendations and completion time for consultations received from other Government of Canada institutions,7.2 Recommandation et délai de traitement pour les demandes de consultation reçues d’autres institutions du gouvernement du Canada,Number of days required to complete consultation requests: 121 to 180 days - Recommendation: Disclosed in part,Nombre de jours requis pour traiter les demandes de consultation : 121 à 180 jours - Recommandation : Communiquer en partie,Q28R7C1
Q7_2Row3Cell5,7,Section 7: Consultations received from other institutions and organizations,Section 7 : Demandes de consultation reçues d’autres institutions et organisations,7.2,7.2 Recommendations and completion time for consultations received from other Government of Canada institutions,7.2 Recommandation et délai de traitement pour les demandes de consultation reçues d’autres institutions du gouvernement du Canada,Number of days required to complete consultation requests: 121 to 180 days - Recommendation: Exempt entirely,Nombre de jours requis pour traiter les demandes de consultation : 121 à 180 jours - Recommandation : Exempter en entier,Q28R7C2
Q7_2Row4Cell5,7,Section 7: Consultations received from other institutions and organizations,Section 7 : Demandes de consultation reçues d’autres institutions et organisations,7.2,7.2 Recommendations and completion time for consultations received from other Government of Canada institutions,7.2 Recommandation et délai de traitement pour les demandes de consultation reçues d’autres institutions du gouvernement du Canada,Number of days required to complete consultation requests: 121 to 180 days - Recommendation: Exclude entirely,Nombre de jours requis pour traiter les demandes de consultation : 121 à 180 jours - Recommandation : Exclure en entier,Q28R7C3
Q7_2Row5Cell5,7,Section 7: Consultations received from other institutions and organizations,Section 7 : Demandes de consultation reçues d’autres institutions et organisations,7.2,7.2 Recommendations and completion time for consultations received from other Government of Canada institutions,7.2 Recommandation et délai de traitement pour les demandes de consultation reçues d’autres institutions du gouvernement du Canada,Number of days required to complete consultation requests: 121 to 180 days - Recommendation: Consult other institution,Nombre de jours requis pour traiter les demandes de consultation : 121 à 180 jours - Recommandation : Consulter une autre institution,Q28R7C4
Q7_2Row6Cell5,7,Section 7: Consultations received from other institutions and organizations,Section 7 : Demandes de consultation reçues d’autres institutions et organisations,7.2,7.2 Recommendations and completion time for consultations received from other Government of Canada institutions,7.2 Recommandation et délai de traitement pour les demandes de consultation reçues d’autres institutions du gouvernement du Canada,Number of days required to complete consultation requests: 121 to 180 days - Recommendation: Other,Nombre de jours requis pour traiter les demandes de consultation : 121 à 180 jours - Recommandation : Autre,Q28R7C5
Q7_2Row7Cell5,7,Section 7: Consultations received from other institutions and organizations,Section 7 : Demandes de consultation reçues d’autres institutions et organisations,7.2,7.2 Recommendations and completion time for consultations received from other Government of Canada institutions,7.2 Recommandation et délai de traitement pour les demandes de consultation reçues d’autres institutions du gouvernement du Canada,Number of days required to complete consultation requests: 121 to 180 days - Recommendation: Total,Nombre de jours requis pour traiter les demandes de consultation : 121 à 180 jours - Recommandation : Total,Q28R7C6
Q7_2Row1Cell6,7,Section 7: Consultations received from other institutions and organizations,Section 7 : Demandes de consultation reçues d’autres institutions et organisations,7.2,7.2 Recommendations and completion time for consultations received from other Government of Canada institutions,7.2 Recommandation et délai de traitement pour les demandes de consultation reçues d’autres institutions du gouvernement du Canada,Number of days required to complete consultation requests: 181 to 365 days - Recommendation: Disclose entirely,Nombre de jours requis pour traiter les demandes de consultation : 181 à 365 jours - Recommandation : Communiquer en entier,Q28R7C7
Q7_2Row2Cell6,7,Section 7: Consultations received from other institutions and organizations,Section 7 : Demandes de consultation reçues d’autres institutions et organisations,7.2,7.2 Recommendations and completion time for consultations received from other Government of Canada institutions,7.2 Recommandation et délai de traitement pour les demandes de consultation reçues d’autres institutions du gouvernement du Canada,Number of days required to complete consultation requests: 181 to 365 days - Recommendation: Disclosed in part,Nombre de jours requis pour traiter les demandes de consultation : 181 à 365 jours - Recommandation : Communiquer en partie,Q28R7C8
Q7_2Row3Cell6,7,Section 7: Consultations received from other institutions and organizations,Section 7 : Demandes de consultation reçues d’autres institutions et organisations,7.2,7.2 Recommendations and completion time for consultations received from other Government of Canada institutions,7.2 Recommandation et délai de traitement pour les demandes de consultation reçues d’autres institutions du gouvernement du Canada,Number of days required to complete consultation requests: 181 to 365 days - Recommendation: Exempt entirely,Nombre de jours requis pour traiter les demandes de consultation : 181 à 365 jours - Recommandation : Exempter en entier,Q29R1C1
Q7_2Row4Cell6,7,Section 7: Consultations received from other institutions and organizations,Section 7 : Demandes de consultation reçues d’autres institutions et organisations,7.2,7.2 Recommendations and completion time for consultations received from other Government of Canada institutions,7.2 Recommandation et délai de traitement pour les demandes de consultation reçues d’autres institutions du gouvernement du Canada,Number of days required to complete consultation requests: 181 to 365 days - Recommendation: Exclude entirely,Nombre de jours requis pour traiter les demandes de consultation : 181 à 365 jours - Recommandation : Exclure en entier,Q29R1C2
Q7_2Row5Cell6,7,Section 7: Consultations received from other institutions and organizations,Section 7 : Demandes de consultation reçues d’autres institutions et organisations,7.2,7.2 Recommendations and completion time for consultations received from other Government of Canada institutions,7.2 Recommandation et délai de traitement pour les demandes de consultation reçues d’autres institutions du gouvernement du Canada,Number of days required to complete consultation requests: 181 to 365 days - Recommendation: Consult other institution,Nombre de jours requis pour traiter les demandes de consultation : 181 à 365 jours - Recommandation : Consulter une autre institution,Q29R1C3
Q7_2Row6Cell6,7,Section 7: Consultations received from other institutions and organizations,Section 7 : Demandes de consultation reçues d’autres institutions et organisations,7.2,7.2 Recommendations and completion time for consultations received from other Government of Canada institutions,7.2 Recommandation et délai de traitement pour les demandes de consultation reçues d’autres institutions du gouvernement du Canada,Number of days required to complete consultation requests: 181 to 365 days - Recommendation: Other,Nombre de jours requis pour traiter les demandes de consultation : 181 à 365 jours - Recommandation : Autre,Q29R1C4
Q7_2Row7Cell6,7,Section 7: Consultations received from other institutions and organizations,Section 7 : Demandes de consultation reçues d’autres institutions et organisations,7.2,7.2 Recommendations and completion time for consultations received from other Government of Canada institutions,7.2 Recommandation et délai de traitement pour les demandes de consultation reçues d’autres institutions du gouvernement du Canada,Number of days required to complete consultation requests: 181 to 365 days - Recommendation: Total,Nombre de jours requis pour traiter les demandes de consultation : 181 à 365 jours - Recommandation : Total,Q29R1C5
Q7_2Row1Cell7,7,Section 7: Consultations received from other institutions and organizations,Section 7 : Demandes de consultation reçues d’autres institutions et organisations,7.2,7.2 Recommendations and completion time for consultations received from other Government of Canada institutions,7.2 Recommandation et délai de traitement pour les demandes de consultation reçues d’autres institutions du gouvernement du Canada,Number of days required to complete consultation requests: More than 365 days - Recommendation: Disclose entirely,Nombre de jours requis pour traiter les demandes de consultation : Plus de 365 jours - Recommandation : Communiquer en entier,Q29R1C6
Q7_2Row2Cell7,7,Section 7: Consultations received from other institutions and organizations,Section 7 : Demandes de consultation reçues d’autres institutions et organisations,7.2,7.2 Recommendations and completion time for consultations received from other Government of Canada institutions,7.2 Recommandation et délai de traitement pour les demandes de consultation reçues d’autres institutions du gouvernement du Canada,Number of days required to complete consultation requests: More than 365 days - Recommendation: Disclosed in part,Nombre de jours requis pour traiter les demandes de consultation : Plus de 365 jours - Recommandation : Communiquer en partie,Q29R1C7
Q7_2Row3Cell7,7,Section 7: Consultations received from other institutions and organizations,Section 7 : Demandes de consultation reçues d’autres institutions et organisations,7.2,7.2 Recommendations and completion time for consultations received from other Government of Canada institutions,7.2 Recommandation et délai de traitement pour les demandes de consultation reçues d’autres institutions du gouvernement du Canada,Number of days required to complete consultation requests: More than 365 days - Recommendation: Exempt entirely,Nombre de jours requis pour traiter les demandes de consultation : Plus de 365 jours - Recommandation : Exempter en entier,Q29R1C8
Q7_2Row4Cell7,7,Section 7: Consultations received from other institutions and organizations,Section 7 : Demandes de consultation reçues d’autres institutions et organisations,7.2,7.2 Recommendations and completion time for consultations received from other Government of Canada institutions,7.2 Recommandation et délai de traitement pour les demandes de consultation reçues d’autres institutions du gouvernement du Canada,Number of days required to complete consultation requests: More than 365 days - Recommendation: Exclude entirely,Nombre de jours requis pour traiter les demandes de consultation : Plus de 365 jours - Recommandation : Exclure en entier,Q29R1C9
Q7_2Row5Cell7,7,Section 7: Consultations received from other institutions and organizations,Section 7 : Demandes de consultation reçues d’autres institutions et organisations,7.2,7.2 Recommendations and completion time for consultations received from other Government of Canada institutions,7.2 Recommandation et délai de traitement pour les demandes de consultation reçues d’autres institutions du gouvernement du Canada,Number of days required to complete consultation requests: More than 365 days - Recommendation: Consult other institution,Nombre de jours requis pour traiter les demandes de consultation : Plus de 365 jours - Recommandation : Consulter une autre institution,Q29R1C10
Q7_2Row6Cell7,7,Section 7: Consultations received from other institutions and organizations,Section 7 : Demandes de consultation reçues d’autres institutions et organisations,7.2,7.2 Recommendations and completion time for consultations received from other Government of Canada institutions,7.2 Recommandation et délai de traitement pour les demandes de consultation reçues d’autres institutions du gouvernement du Canada,Number of days required to complete consultation requests: More than 365 days - Recommendation: Other,Nombre de jours requis pour traiter les demandes de consultation : Plus de 365 jours - Recommandation : Autre,Q29R2C1
Q7_2Row7Cell7,7,Section 7: Consultations received from other institutions and organizations,Section 7 : Demandes de consultation reçues d’autres institutions et organisations,7.2,7.2 Recommendations and completion time for consultations received from other Government of Canada institutions,7.2 Recommandation et délai de traitement pour les demandes de consultation reçues d’autres institutions du gouvernement du Canada,Number of days required to complete consultation requests: More than 365 days - Recommendation: Total,Nombre de jours requis pour traiter les demandes de consultation : Plus de 365 jours - Recommandation : Total,Q29R2C2
Q7_2Row1Cell8,7,Section 7: Consultations received from other institutions and organizations,Section 7 : Demandes de consultation reçues d’autres institutions et organisations,7.2,7.2 Recommendations and completion time for consultations received from other Government of Canada institutions,7.2 Recommandation et délai de traitement pour les demandes de consultation reçues d’autres institutions du gouvernement du Canada,Number of days required to complete consultation requests: Total - Recommendation: Disclose entirely,Nombre de jours requis pour traiter les demandes de consultation : Total - Recommandation : Communiquer en entier,Q29R2C3
Q7_2Row2Cell8,7,Section 7: Consultations received from other institutions and organizations,Section 7 : Demandes de consultation reçues d’autres institutions et organisations,7.2,7.2 Recommendations and completion time for consultations received from other Government of Canada institutions,7.2 Recommandation et délai de traitement pour les demandes de consultation reçues d’autres institutions du gouvernement du Canada,Number of days required to complete consultation requests: Total - Recommendation: Disclosed in part,Nombre de jours requis pour traiter les demandes de consultation : Total - Recommandation : Communiquer en partie,Q29R2C4
Q7_2Row3Cell8,7,Section 7: Consultations received from other institutions and organizations,Section 7 : Demandes de consultation reçues d’autres institutions et organisations,7.2,7.2 Recommendations and completion time for consultations received from other Government of Canada institutions,7.2 Recommandation et délai de traitement pour les demandes de consultation reçues d’autres institutions du gouvernement du Canada,Number of days required to complete consultation requests: Total - Recommendation: Exempt entirely,Nombre de jours requis pour traiter les demandes de consultation : Total - Recommandation : Exempter en entier,Q29R2C5
Q7_2Row4Cell8,7,Section 7: Consultations received from other institutions and organizations,Section 7 : Demandes de consultation reçues d’autres institutions et organisations,7.2,7.2 Recommendations and completion time for consultations received from other Government of Canada institutions,7.2 Recommandation et délai de traitement pour les demandes de consultation reçues d’autres institutions du gouvernement du Canada,Number of days required to complete consultation requests: Total - Recommendation: Exclude entirely,Nombre de jours requis pour traiter les demandes de consultation : Total - Recommandation : Exclure en entier,Q29R2C6
Q7_2Row5Cell8,7,Section 7: Consultations received from other institutions and organizations,Section 7 : Demandes de consultation reçues d’autres institutions et organisations,7.2,7.2 Recommendations and completion time for consultations received from other Government of Canada institutions,7.2 Recommandation et délai de traitement pour les demandes de consultation reçues d’autres institutions du gouvernement du Canada,Number of days required to complete consultation requests: Total - Recommendation: Consult other institution,Nombre de jours requis pour traiter les demandes de consultation : Total - Recommandation : Consulter une autre institution,Q29R2C7
Q7_2Row6Cell8,7,Section 7: Consultations received from other institutions and organizations,Section 7 : Demandes de consultation reçues d’autres institutions et organisations,7.2,7.2 Recommendations and completion time for consultations received from other Government of Canada institutions,7.2 Recommandation et délai de traitement pour les demandes de consultation reçues d’autres institutions du gouvernement du Canada,Number of days required to complete consultation requests: Total - Recommendation: Other,Nombre de jours requis pour traiter les demandes de consultation : Total - Recommandation : Autre,Q29R2C8
Q7_2Row7Cell8,7,Section 7: Consultations received from other institutions and organizations,Section 7 : Demandes de consultation reçues d’autres institutions et organisations,7.2,7.2 Recommendations and completion time for consultations received from other Government of Canada institutions,7.2 Recommandation et délai de traitement pour les demandes de consultation reçues d’autres institutions du gouvernement du Canada,Number of days required to complete consultation requests: Total - Recommendation: Total,Nombre de jours requis pour traiter les demandes de consultation : Total - Recommandation : Total,Q29R2C9
Q7_3Row1Cell1,7,Section 7: Consultations received from other institutions and organizations,Section 7 : Demandes de consultation reçues d’autres institutions et organisations,7.3,7.3 Recommendations and completion time for consultations received from other organizations outside the Government of Canada,7.3 Recommandations et délai de traitement pour les demandes de consultation reçues d’autres organisations,Number of days required to complete consultation requests: 1 to 15 days - Recommendation: Disclose entirely,Nombre de jours requis pour traiter les demandes de consultation : 1 à 15 jours - Recommandation : Communiquer en entier,Q29R2C10
Q7_3Row2Cell1,7,Section 7: Consultations received from other institutions and organizations,Section 7 : Demandes de consultation reçues d’autres institutions et organisations,7.3,7.3 Recommendations and completion time for consultations received from other organizations outside the Government of Canada,7.3 Recommandations et délai de traitement pour les demandes de consultation reçues d’autres organisations,Number of days required to complete consultation requests: 1 to 15 days - Recommendation: Disclosed in part,Nombre de jours requis pour traiter les demandes de consultation : 1 à 15 jours - Recommandation : Communiquer en partie,Q29R3C1
Q7_3Row3Cell1,7,Section 7: Consultations received from other institutions and organizations,Section 7 : Demandes de consultation reçues d’autres institutions et organisations,7.3,7.3 Recommendations and completion time for consultations received from other organizations outside the Government of Canada,7.3 Recommandations et délai de traitement pour les demandes de consultation reçues d’autres organisations,Number of days required to complete consultation requests: 1 to 15 days - Recommendation: Exempt entirely,Nombre de jours requis pour traiter les demandes de consultation : 1 à 15 jours - Recommandation : Exempter en entier,Q29R3C2
Q7_3Row4Cell1,7,Section 7: Consultations received from other institutions and organizations,Section 7 : Demandes de consultation reçues d’autres institutions et organisations,7.3,7.3 Recommendations and completion time for consultations received from other organizations outside the Government of Canada,7.3 Recommandations et délai de traitement pour les demandes de consultation reçues d’autres organisations,Number of days required to complete consultation requests: 1 to 15 days - Recommendation: Exclude entirely,Nombre de jours requis pour traiter les demandes de consultation : 1 à 15 jours - Recommandation : Exclure en entier,Q29R3C3
Q7_3Row5Cell1,7,Section 7: Consultations received from other institutions and organizations,Section 7 : Demandes de consultation reçues d’autres institutions et organisations,7.3,7.3 Recommendations and completion time for consultations received from other organizations outside the Government of Canada,7.3 Recommandations et délai de traitement pour les demandes de consultation reçues d’autres organisations,Number of days required to complete consultation requests: 1 to 15 days - Recommendation: Consult other institution,Nombre de jours requis pour traiter les demandes de consultation : 1 à 15 jours - Recommandation : Consulter une autre institution,Q29R3C4
Q7_3Row6Cell1,7,Section 7: Consultations received from other institutions and organizations,Section 7 : Demandes de consultation reçues d’autres institutions et organisations,7.3,7.3 Recommendations and completion time for consultations received from other organizations outside the Government of Canada,7.3 Recommandations et délai de traitement pour les demandes de consultation reçues d’autres organisations,Number of days required to complete consultation requests: 1 to 15 days - Recommendation: Other,Nombre de jours requis pour traiter les demandes de consultation : 1 à 15 jours - Recommandation : Autre,Q29R3C5
Q7_3Row7Cell1,7,Section 7: Consultations received from other institutions and organizations,Section 7 : Demandes de consultation reçues d’autres institutions et organisations,7.3,7.3 Recommendations and completion time for consultations received from other organizations outside the Government of Canada,7.3 Recommandations et délai de traitement pour les demandes de consultation reçues d’autres organisations,Number of days required to complete consultation requests: 1 to 15 days - Recommendation: Total,Nombre de jours requis pour traiter les demandes de consultation : 1 à 15 jours - Recommandation : Total,Q29R3C6
Q7_3Row1Cell2,7,Section 7: Consultations received from other institutions and organizations,Section 7 : Demandes de consultation reçues d’autres institutions et organisations,7.3,7.3 Recommendations and completion time for consultations received from other organizations outside the Government of Canada,7.3 Recommandations et délai de traitement pour les demandes de consultation reçues d’autres organisations,Number of days required to complete consultation requests: 16 to 30 days - Recommendation: Disclose entirely,Nombre de jours requis pour traiter les demandes de consultation : 16 à 30 jours - Recommandation : Communiquer en entier,Q29R3C7
Q7_3Row2Cell2,7,Section 7: Consultations received from other institutions and organizations,Section 7 : Demandes de consultation reçues d’autres institutions et organisations,7.3,7.3 Recommendations and completion time for consultations received from other organizations outside the Government of Canada,7.3 Recommandations et délai de traitement pour les demandes de consultation reçues d’autres organisations,Number of days required to complete consultation requests: 16 to 30 days - Recommendation: Disclosed in part,Nombre de jours requis pour traiter les demandes de consultation : 16 à 30 jours - Recommandation : Communiquer en partie,Q29R3C8
Q7_3Row3Cell2,7,Section 7: Consultations received from other institutions and organizations,Section 7 : Demandes de consultation reçues d’autres institutions et organisations,7.3,7.3 Recommendations and completion time for consultations received from other organizations outside the Government of Canada,7.3 Recommandations et délai de traitement pour les demandes de consultation reçues d’autres organisations,Number of days required to complete consultation requests: 16 to 30 days - Recommendation: Exempt entirely,Nombre de jours requis pour traiter les demandes de consultation : 16 à 30 jours - Recommandation : Exempter en entier,Q29R3C9
Q7_3Row4Cell2,7,Section 7: Consultations received from other institutions and organizations,Section 7 : Demandes de consultation reçues d’autres institutions et organisations,7.3,7.3 Recommendations and completion time for consultations received from other organizations outside the Government of Canada,7.3 Recommandations et délai de traitement pour les demandes de consultation reçues d’autres organisations,Number of days required to complete consultation requests: 16 to 30 days - Recommendation: Exclude entirely,Nombre de jours requis pour traiter les demandes de consultation : 16 à 30 jours - Recommandation : Exclure en entier,Q29R3C10
Q7_3Row5Cell2,7,Section 7: Consultations received from other institutions and organizations,Section 7 : Demandes de consultation reçues d’autres institutions et organisations,7.3,7.3 Recommendations and completion time for consultations received from other organizations outside the Government of Canada,7.3 Recommandations et délai de traitement pour les demandes de consultation reçues d’autres organisations,Number of days required to complete consultation requests: 16 to 30 days - Recommendation: Consult other institution,Nombre de jours requis pour traiter les demandes de consultation : 16 à 30 jours - Recommandation : Consulter une autre institution,Q29R4C1
Q7_3Row6Cell2,7,Section 7: Consultations received from other institutions and organizations,Section 7 : Demandes de consultation reçues d’autres institutions et organisations,7.3,7.3 Recommendations and completion time for consultations received from other organizations outside the Government of Canada,7.3 Recommandations et délai de traitement pour les demandes de consultation reçues d’autres organisations,Number of days required to complete consultation requests: 16 to 30 days - Recommendation: Other,Nombre de jours requis pour traiter les demandes de consultation : 16 à 30 jours - Recommandation : Autre,Q29R4C2
Q7_3Row7Cell2,7,Section 7: Consultations received from other institutions and organizations,Section 7 : Demandes de consultation reçues d’autres institutions et organisations,7.3,7.3 Recommendations and completion time for consultations received from other organizations outside the Government of Canada,7.3 Recommandations et délai de traitement pour les demandes de consultation reçues d’autres organisations,Number of days required to complete consultation requests: 16 to 30 days - Recommendation: Total,Nombre de jours requis pour traiter les demandes de consultation : 16 à 30 jours - Recommandation : Total,Q29R4C3
Q7_3Row1Cell3,7,Section 7: Consultations received from other institutions and organizations,Section 7 : Demandes de consultation reçues d’autres institutions et organisations,7.3,7.3 Recommendations and completion time for consultations received from other organizations outside the Government of Canada,7.3 Recommandations et délai de traitement pour les demandes de consultation reçues d’autres organisations,Number of days required to complete consultation requests: 31 to 60 days - Recommendation: Disclose entirely,Nombre de jours requis pour traiter les demandes de consultation : 31 à 60 jours - Recommandation : Communiquer en entier,Q29R4C4
Q7_3Row2Cell3,7,Section 7: Consultations received from other institutions and organizations,Section 7 : Demandes de consultation reçues d’autres institutions et organisations,7.3,7.3 Recommendations and completion time for consultations received from other organizations outside the Government of Canada,7.3 Recommandations et délai de traitement pour les demandes de consultation reçues d’autres organisations,Number of days required to complete consultation requests: 31 to 60 days - Recommendation: Disclosed in part,Nombre de jours requis pour traiter les demandes de consultation : 31 à 60 jours - Recommandation : Communiquer en partie,Q29R4C5
Q7_3Row3Cell3,7,Section 7: Consultations received from other institutions and organizations,Section 7 : Demandes de consultation reçues d’autres institutions et organisations,7.3,7.3 Recommendations and completion time for consultations received from other organizations outside the Government of Canada,7.3 Recommandations et délai de traitement pour les demandes de consultation reçues d’autres organisations,Number of days required to complete consultation requests: 31 to 60 days - Recommendation: Exempt entirely,Nombre de jours requis pour traiter les demandes de consultation : 31 à 60 jours - Recommandation : Exempter en entier,Q29R4C6
Q7_3Row4Cell3,7,Section 7: Consultations received from other institutions and organizations,Section 7 : Demandes de consultation reçues d’autres institutions et organisations,7.3,7.3 Recommendations and completion time for consultations received from other organizations outside the Government of Canada,7.3 Recommandations et délai de traitement pour les demandes de consultation reçues d’autres organisations,Number of days required to complete consultation requests: 31 to 60 days - Recommendation: Exclude entirely,Nombre de jours requis pour traiter les demandes de consultation : 31 à 60 jours - Recommandation : Exclure en entier,Q29R4C7
Q7_3Row5Cell3,7,Section 7: Consultations received from other institutions and organizations,Section 7 : Demandes de consultation reçues d’autres institutions et organisations,7.3,7.3 Recommendations and completion time for consultations received from other organizations outside the Government of Canada,7.3 Recommandations et délai de traitement pour les demandes de consultation reçues d’autres organisations,Number of days required to complete consultation requests: 31 to 60 days - Recommendation: Consult other institution,Nombre de jours requis pour traiter les demandes de consultation : 31 à 60 jours - Recommandation : Consulter une autre institution,Q29R4C8
Q7_3Row6Cell3,7,Section 7: Consultations received from other institutions and organizations,Section 7 : Demandes de consultation reçues d’autres institutions et organisations,7.3,7.3 Recommendations and completion time for consultations received from other organizations outside the Government of Canada,7.3 Recommandations et délai de traitement pour les demandes de consultation reçues d’autres organisations,Number of days required to complete consultation requests: 31 to 60 days - Recommendation: Other,Nombre de jours requis pour traiter les demandes de consultation : 31 à 60 jours - Recommandation : Autre,Q29R4C9
Q7_3Row7Cell3,7,Section 7: Consultations received from other institutions and organizations,Section 7 : Demandes de consultation reçues d’autres institutions et organisations,7.3,7.3 Recommendations and completion time for consultations received from other organizations outside the Government of Canada,7.3 Recommandations et délai de traitement pour les demandes de consultation reçues d’autres organisations,Number of days required to complete consultation requests: 31 to 60 days - Recommendation: Total,Nombre de jours requis pour traiter les demandes de consultation : 31 à 60 jours - Recommandation : Total,Q29R4C10
Q7_3Row1Cell4,7,Section 7: Consultations received from other institutions and organizations,Section 7 : Demandes de consultation reçues d’autres institutions et organisations,7.3,7.3 Recommendations and completion time for consultations received from other organizations outside the Government of Canada,7.3 Recommandations et délai de traitement pour les demandes de consultation reçues d’autres organisations,Number of days required to complete consultation requests: 61 to 120 days - Recommendation: Disclose entirely,Nombre de jours requis pour traiter les demandes de consultation : 61 à 120 jours - Recommandation : Communiquer en entier,Q29R5C1
Q7_3Row2Cell4,7,Section 7: Consultations received from other institutions and organizations,Section 7 : Demandes de consultation reçues d’autres institutions et organisations,7.3,7.3 Recommendations and completion time for consultations received from other organizations outside the Government of Canada,7.3 Recommandations et délai de traitement pour les demandes de consultation reçues d’autres organisations,Number of days required to complete consultation requests: 61 to 120 days - Recommendation: Disclosed in part,Nombre de jours requis pour traiter les demandes de consultation : 61 à 120 jours - Recommandation : Communiquer en partie,Q29R5C2
Q7_3Row3Cell4,7,Section 7: Consultations received from other institutions and organizations,Section 7 : Demandes de consultation reçues d’autres institutions et organisations,7.3,7.3 Recommendations and completion time for consultations received from other organizations outside the Government of Canada,7.3 Recommandations et délai de traitement pour les demandes de consultation reçues d’autres organisations,Number of days required to complete consultation requests: 61 to 120 days - Recommendation: Exempt entirely,Nombre de jours requis pour traiter les demandes de consultation : 61 à 120 jours - Recommandation : Exempter en entier,Q29R5C3
Q7_3Row4Cell4,7,Section 7: Consultations received from other institutions and organizations,Section 7 : Demandes de consultation reçues d’autres institutions et organisations,7.3,7.3 Recommendations and completion time for consultations received from other organizations outside the Government of Canada,7.3 Recommandations et délai de traitement pour les demandes de consultation reçues d’autres organisations,Number of days required to complete consultation requests: 61 to 120 days - Recommendation: Exclude entirely,Nombre de jours requis pour traiter les demandes de consultation : 61 à 120 jours - Recommandation : Exclure en entier,Q29R5C4
Q7_3Row5Cell4,7,Section 7: Consultations received from other institutions and organizations,Section 7 : Demandes de consultation reçues d’autres institutions et organisations,7.3,7.3 Recommendations and completion time for consultations received from other organizations outside the Government of Canada,7.3 Recommandations et délai de traitement pour les demandes de consultation reçues d’autres organisations,Number of days required to complete consultation requests: 61 to 120 days - Recommendation: Consult other institution,Nombre de jours requis pour traiter les demandes de consultation : 61 à 120 jours - Recommandation : Consulter une autre institution,Q29R5C5
Q7_3Row6Cell4,7,Section 7: Consultations received from other institutions and organizations,Section 7 : Demandes de consultation reçues d’autres institutions et organisations,7.3,7.3 Recommendations and completion time for consultations received from other organizations outside the Government of Canada,7.3 Recommandations et délai de traitement pour les demandes de consultation reçues d’autres organisations,Number of days required to complete consultation requests: 61 to 120 days - Recommendation: Other,Nombre de jours requis pour traiter les demandes de consultation : 61 à 120 jours - Recommandation : Autre,Q29R5C6
Q7_3Row7Cell4,7,Section 7: Consultations received from other institutions and organizations,Section 7 : Demandes de consultation reçues d’autres institutions et organisations,7.3,7.3 Recommendations and completion time for consultations received from other organizations outside the Government of Canada,7.3 Recommandations et délai de traitement pour les demandes de consultation reçues d’autres organisations,Number of days required to complete consultation requests: 61 to 120 days - Recommendation: Total,Nombre de jours requis pour traiter les demandes de consultation : 61 à 120 jours - Recommandation : Total,Q29R5C7
Q7_3Row1Cell5,7,Section 7: Consultations received from other institutions and organizations,Section 7 : Demandes de consultation reçues d’autres institutions et organisations,7.3,7.3 Recommendations and completion time for consultations received from other organizations outside the Government of Canada,7.3 Recommandations et délai de traitement pour les demandes de consultation reçues d’autres organisations,Number of days required to complete consultation requests: 121 to 180 days - Recommendation: Disclose entirely,Nombre de jours requis pour traiter les demandes de consultation : 121 à 180 jours - Recommandation : Communiquer en entier,Q29R5C8
Q7_3Row2Cell5,7,Section 7: Consultations received from other institutions and organizations,Section 7 : Demandes de consultation reçues d’autres institutions et organisations,7.3,7.3 Recommendations and completion time for consultations received from other organizations outside the Government of Canada,7.3 Recommandations et délai de traitement pour les demandes de consultation reçues d’autres organisations,Number of days required to complete consultation requests: 121 to 180 days - Recommendation: Disclosed in part,Nombre de jours requis pour traiter les demandes de consultation : 121 à 180 jours - Recommandation : Communiquer en partie,Q29R5C9
Q7_3Row3Cell5,7,Section 7: Consultations received from other institutions and organizations,Section 7 : Demandes de consultation reçues d’autres institutions et organisations,7.3,7.3 Recommendations and completion time for consultations received from other organizations outside the Government of Canada,7.3 Recommandations et délai de traitement pour les demandes de consultation reçues d’autres organisations,Number of days required to complete consultation requests: 121 to 180 days - Recommendation: Exempt entirely,Nombre de jours requis pour traiter les demandes de consultation : 121 à 180 jours - Recommandation : Exempter en entier,Q29R5C10
Q7_3Row4Cell5,7,Section 7: Consultations received from other institutions and organizations,Section 7 : Demandes de consultation reçues d’autres institutions et organisations,7.3,7.3 Recommendations and completion time for consultations received from other organizations outside the Government of Canada,7.3 Recommandations et délai de traitement pour les demandes de consultation reçues d’autres organisations,Number of days required to complete consultation requests: 121 to 180 days - Recommendation: Exclude entirely,Nombre de jours requis pour traiter les demandes de consultation : 121 à 180 jours - Recommandation : Exclure en entier,Q29R6C1
Q7_3Row5Cell5,7,Section 7: Consultations received from other institutions and organizations,Section 7 : Demandes de consultation reçues d’autres institutions et organisations,7.3,7.3 Recommendations and completion time for consultations received from other organizations outside the Government of Canada,7.3 Recommandations et délai de traitement pour les demandes de consultation reçues d’autres organisations,Number of days required to complete consultation requests: 121 to 180 days - Recommendation: Consult other institution,Nombre de jours requis pour traiter les demandes de consultation : 121 à 180 jours - Recommandation : Consulter une autre institution,Q29R6C2
Q7_3Row6Cell5,7,Section 7: Consultations received from other institutions and organizations,Section 7 : Demandes de consultation reçues d’autres institutions et organisations,7.3,7.3 Recommendations and completion time for consultations received from other organizations outside the Government of Canada,7.3 Recommandations et délai de traitement pour les demandes de consultation reçues d’autres organisations,Number of days required to complete consultation requests: 121 to 180 days - Recommendation: Other,Nombre de jours requis pour traiter les demandes de consultation : 121 à 180 jours - Recommandation : Autre,Q29R6C3
Q7_3Row7Cell5,7,Section 7: Consultations received from other institutions and organizations,Section 7 : Demandes de consultation reçues d’autres institutions et organisations,7.3,7.3 Recommendations and completion time for consultations received from other organizations outside the Government of Canada,7.3 Recommandations et délai de traitement pour les demandes de consultation reçues d’autres organisations,Number of days required to complete consultation requests: 121 to 180 days - Recommendation: Total,Nombre de jours requis pour traiter les demandes de consultation : 121 à 180 jours - Recommandation : Total,Q29R6C4
Q7_3Row1Cell6,7,Section 7: Consultations received from other institutions and organizations,Section 7 : Demandes de consultation reçues d’autres institutions et organisations,7.3,7.3 Recommendations and completion time for consultations received from other organizations outside the Government of Canada,7.3 Recommandations et délai de traitement pour les demandes de consultation reçues d’autres organisations,Number of days required to complete consultation requests: 181 to 365 days - Recommendation: Disclose entirely,Nombre de jours requis pour traiter les demandes de consultation : 181 à 365 jours - Recommandation : Communiquer en entier,Q29R6C5
Q7_3Row2Cell6,7,Section 7: Consultations received from other institutions and organizations,Section 7 : Demandes de consultation reçues d’autres institutions et organisations,7.3,7.3 Recommendations and completion time for consultations received from other organizations outside the Government of Canada,7.3 Recommandations et délai de traitement pour les demandes de consultation reçues d’autres organisations,Number of days required to complete consultation requests: 181 to 365 days - Recommendation: Disclosed in part,Nombre de jours requis pour traiter les demandes de consultation : 181 à 365 jours - Recommandation : Communiquer en partie,Q29R6C6
Q7_3Row3Cell6,7,Section 7: Consultations received from other institutions and organizations,Section 7 : Demandes de consultation reçues d’autres institutions et organisations,7.3,7.3 Recommendations and completion time for consultations received from other organizations outside the Government of Canada,7.3 Recommandations et délai de traitement pour les demandes de consultation reçues d’autres organisations,Number of days required to complete consultation requests: 181 to 365 days - Recommendation: Exempt entirely,Nombre de jours requis pour traiter les demandes de consultation : 181 à 365 jours - Recommandation : Exempter en entier,Q29R6C7
Q7_3Row4Cell6,7,Section 7: Consultations received from other institutions and organizations,Section 7 : Demandes de consultation reçues d’autres institutions et organisations,7.3,7.3 Recommendations and completion time for consultations received from other organizations outside the Government of Canada,7.3 Recommandations et délai de traitement pour les demandes de consultation reçues d’autres organisations,Number of days required to complete consultation requests: 181 to 365 days - Recommendation:Exclude entirely ,Nombre de jours requis pour traiter les demandes de consultation : 181 à 365 jours - Recommandation:Exclure en entier ,Q29R6C8
Q7_3Row5Cell6,7,Section 7: Consultations received from other institutions and organizations,Section 7 : Demandes de consultation reçues d’autres institutions et organisations,7.3,7.3 Recommendations and completion time for consultations received from other organizations outside the Government of Canada,7.3 Recommandations et délai de traitement pour les demandes de consultation reçues d’autres organisations,Number of days required to complete consultation requests: 181 to 365 days - Recommendation: Consult other institution,Nombre de jours requis pour traiter les demandes de consultation : 181 à 365 jours - Recommandation : Consulter une autre institution,Q29R6C9
Q7_3Row6Cell6,7,Section 7: Consultations received from other institutions and organizations,Section 7 : Demandes de consultation reçues d’autres institutions et organisations,7.3,7.3 Recommendations and completion time for consultations received from other organizations outside the Government of Canada,7.3 Recommandations et délai de traitement pour les demandes de consultation reçues d’autres organisations,Number of days required to complete consultation requests: 181 to 365 days - Recommendation: Other,Nombre de jours requis pour traiter les demandes de consultation : 181 à 365 jours - Recommandation : Autre,Q29R6C10
Q7_3Row7Cell6,7,Section 7: Consultations received from other institutions and organizations,Section 7 : Demandes de consultation reçues d’autres institutions et organisations,7.3,7.3 Recommendations and completion time for consultations received from other organizations outside the Government of Canada,7.3 Recommandations et délai de traitement pour les demandes de consultation reçues d’autres organisations,Number of days required to complete consultation requests: 181 to 365 days - Recommendation: Total,Nombre de jours requis pour traiter les demandes de consultation : 181 à 365 jours - Recommandation : Total,Q29R7C1
Q7_3Row1Cell7,7,Section 7: Consultations received from other institutions and organizations,Section 7 : Demandes de consultation reçues d’autres institutions et organisations,7.3,7.3 Recommendations and completion time for consultations received from other organizations outside the Government of Canada,7.3 Recommandations et délai de traitement pour les demandes de consultation reçues d’autres organisations,Number of days required to complete consultation requests: More than 365 days - Recommendation: Disclose entirely,Nombre de jours requis pour traiter les demandes de consultation : Plus de 365 jours - Recommandation : Communiquer en entier,Q29R7C2
Q7_3Row2Cell7,7,Section 7: Consultations received from other institutions and organizations,Section 7 : Demandes de consultation reçues d’autres institutions et organisations,7.3,7.3 Recommendations and completion time for consultations received from other organizations outside the Government of Canada,7.3 Recommandations et délai de traitement pour les demandes de consultation reçues d’autres organisations,Number of days required to complete consultation requests: More than 365 days - Recommendation: Disclosed in part,Nombre de jours requis pour traiter les demandes de consultation : Plus de 365 jours - Recommandation : Communiquer en partie,Q29R7C3
Q7_3Row3Cell7,7,Section 7: Consultations received from other institutions and organizations,Section 7 : Demandes de consultation reçues d’autres institutions et organisations,7.3,7.3 Recommendations and completion time for consultations received from other organizations outside the Government of Canada,7.3 Recommandations et délai de traitement pour les demandes de consultation reçues d’autres organisations,Number of days required to complete consultation requests: More than 365 days - Recommendation: Exempt entirely,Nombre de jours requis pour traiter les demandes de consultation : Plus de 365 jours - Recommandation : Exempter en entier,Q29R7C4
Q7_3Row4Cell7,7,Section 7: Consultations received from other institutions and organizations,Section 7 : Demandes de consultation reçues d’autres institutions et organisations,7.3,7.3 Recommendations and completion time for consultations received from other organizations outside the Government of Canada,7.3 Recommandations et délai de traitement pour les demandes de consultation reçues d’autres organisations,Number of days required to complete consultation requests: More than 365 days - Recommendation: Exclude entirely,Nombre de jours requis pour traiter les demandes de consultation : Plus de 365 jours - Recommandation : Exclure en entier,Q29R7C5
Q7_3Row5Cell7,7,Section 7: Consultations received from other institutions and organizations,Section 7 : Demandes de consultation reçues d’autres institutions et organisations,7.3,7.3 Recommendations and completion time for consultations received from other organizations outside the Government of Canada,7.3 Recommandations et délai de traitement pour les demandes de consultation reçues d’autres organisations,Number of days required to complete consultation requests: More than 365 days - Recommendation: Consult other institution,Nombre de jours requis pour traiter les demandes de consultation : Plus de 365 jours - Recommandation : Consulter une autre institution,Q29R7C6
Q7_3Row6Cell7,7,Section 7: Consultations received from other institutions and organizations,Section 7 : Demandes de consultation reçues d’autres institutions et organisations,7.3,7.3 Recommendations and completion time for consultations received from other organizations outside the Government of Canada,7.3 Recommandations et délai de traitement pour les demandes de consultation reçues d’autres organisations,Number of days required to complete consultation requests: More than 365 days - Recommendation: Other,Nombre de jours requis pour traiter les demandes de consultation : Plus de 365 jours - Recommandation : Autre,Q29R7C7
Q7_3Row7Cell7,7,Section 7: Consultations received from other institutions and organizations,Section 7 : Demandes de consultation reçues d’autres institutions et organisations,7.3,7.3 Recommendations and completion time for consultations received from other organizations outside the Government of Canada,7.3 Recommandations et délai de traitement pour les demandes de consultation reçues d’autres organisations,Number of days required to complete consultation requests: More than 365 days - Recommendation: Total,Nombre de jours requis pour traiter les demandes de consultation : Plus de 365 jours - Recommandation : Total,Q29R7C8
Q7_3Row1Cell8,7,Section 7: Consultations received from other institutions and organizations,Section 7 : Demandes de consultation reçues d’autres institutions et organisations,7.3,7.3 Recommendations and completion time for consultations received from other organizations outside the Government of Canada,7.3 Recommandations et délai de traitement pour les demandes de consultation reçues d’autres organisations,Number of days required to complete consultation requests: Total - Recommendation: Disclose entirely,Nombre de jours requis pour traiter les demandes de consultation : Total - Recommandation : Communiquer en entier,Q29R7C9
Q7_3Row2Cell8,7,Section 7: Consultations received from other institutions and organizations,Section 7 : Demandes de consultation reçues d’autres institutions et organisations,7.3,7.3 Recommendations and completion time for consultations received from other organizations outside the Government of Canada,7.3 Recommandations et délai de traitement pour les demandes de consultation reçues d’autres organisations,Number of days required to complete consultation requests: Total - Recommendation: Disclosed in part,Nombre de jours requis pour traiter les demandes de consultation : Total - Recommandation : Communiquer en partie,Q29R7C10
Q7_3Row3Cell8,7,Section 7: Consultations received from other institutions and organizations,Section 7 : Demandes de consultation reçues d’autres institutions et organisations,7.3,7.3 Recommendations and completion time for consultations received from other organizations outside the Government of Canada,7.3 Recommandations et délai de traitement pour les demandes de consultation reçues d’autres organisations,Number of days required to complete consultation requests: Total - Recommendation: Exempt entirely,Nombre de jours requis pour traiter les demandes de consultation : Total - Recommandation : Exempter en entier,Q30R1C1
Q7_3Row4Cell8,7,Section 7: Consultations received from other institutions and organizations,Section 7 : Demandes de consultation reçues d’autres institutions et organisations,7.3,7.3 Recommendations and completion time for consultations received from other organizations outside the Government of Canada,7.3 Recommandations et délai de traitement pour les demandes de consultation reçues d’autres organisations,Number of days required to complete consultation requests: Total - Recommendation: Exclude entirely,Nombre de jours requis pour traiter les demandes de consultation : Total - Recommandation : Exclure en entier,Q30R1C2
Q7_3Row5Cell8,7,Section 7: Consultations received from other institutions and organizations,Section 7 : Demandes de consultation reçues d’autres institutions et organisations,7.3,7.3 Recommendations and completion time for consultations received from other organizations outside the Government of Canada,7.3 Recommandations et délai de traitement pour les demandes de consultation reçues d’autres organisations,Number of days required to complete consultation requests: Total - Recommendation: Consult other institution,Nombre de jours requis pour traiter les demandes de consultation : Total - Recommandation : Consulter une autre institution,Q30R1C3
Q7_3Row6Cell8,7,Section 7: Consultations received from other institutions and organizations,Section 7 : Demandes de consultation reçues d’autres institutions et organisations,7.3,7.3 Recommendations and completion time for consultations received from other organizations outside the Government of Canada,7.3 Recommandations et délai de traitement pour les demandes de consultation reçues d’autres organisations,Number of days required to complete consultation requests: Total - Recommendation: Other,Nombre de jours requis pour traiter les demandes de consultation : Total - Recommandation : Autre,Q30R1C4
Q7_3Row7Cell8,7,Section 7: Consultations received from other institutions and organizations,Section 7 : Demandes de consultation reçues d’autres institutions et organisations,7.3,7.3 Recommendations and completion time for consultations received from other organizations outside the Government of Canada,7.3 Recommandations et délai de traitement pour les demandes de consultation reçues d’autres organisations,Number of days required to complete consultation requests: Total - Recommendation: Total,Nombre de jours requis pour traiter les demandes de consultation : Total - Recommandation : Total,Q30R1C5
Q8_1Row1Cell1,8,Section 8: Completion time of consultations on Cabinet confidences,Section 8 : Délais de traitement des demandes de consultation sur les documents confidentiels du Cabinet,8.1,8.1 Requests with Legal Services,8.1 Demandes auprès des services juridiques,Requests with legal services - Fewer than 100 pages processed: Number of requests - Number of days: 1 to 15 days,Demandes auprès des services juridiques - Moins de 100 pages traitées : Nombre de demandes - Nombre de jours : 1 à 15,Q30R1C6
Q8_1Row2Cell1,8,Section 8: Completion time of consultations on Cabinet confidences,Section 8 : Délais de traitement des demandes de consultation sur les documents confidentiels du Cabinet,8.1,8.1 Requests with Legal Services,8.1 Demandes auprès des services juridiques,Requests with legal services - Fewer than 100 pages processed: Number of requests - Number of days: 16 to 30 days,Demandes auprès des services juridiques - Moins de 100 pages traitées : Nombre de demandes - Nombre de jours : 16 à 30,Q30R1C7
Q8_1Row3Cell1,8,Section 8: Completion time of consultations on Cabinet confidences,Section 8 : Délais de traitement des demandes de consultation sur les documents confidentiels du Cabinet,8.1,8.1 Requests with Legal Services,8.1 Demandes auprès des services juridiques,Requests with legal services - Fewer than 100 pages processed: Number of requests - Number of days: 31 to 60 days,Demandes auprès des services juridiques - Moins de 100 pages traitées : Nombre de demandes - Nombre de jours : 31 à 60,Q30R1C8
Q8_1Row4Cell1,8,Section 8: Completion time of consultations on Cabinet confidences,Section 8 : Délais de traitement des demandes de consultation sur les documents confidentiels du Cabinet,8.1,8.1 Requests with Legal Services,8.1 Demandes auprès des services juridiques,Requests with legal services - Fewer than 100 pages processed: Number of requests - Number of days: 61 to 120 days,Demandes auprès des services juridiques - Moins de 100 pages traitées : Nombre de demandes - Nombre de jours : 61 à 120,Q30R1C9
Q8_1Row5Cell1,8,Section 8: Completion time of consultations on Cabinet confidences,Section 8 : Délais de traitement des demandes de consultation sur les documents confidentiels du Cabinet,8.1,8.1 Requests with Legal Services,8.1 Demandes auprès des services juridiques,Requests with legal services - Fewer than 100 pages processed: Number of requests - Number of days: 121 to 180 days,Demandes auprès des services juridiques - Moins de 100 pages traitées : Nombre de demandes - Nombre de jours : 121 à 180,Q30R1C10
Q8_1Row6Cell1,8,Section 8: Completion time of consultations on Cabinet confidences,Section 8 : Délais de traitement des demandes de consultation sur les documents confidentiels du Cabinet,8.1,8.1 Requests with Legal Services,8.1 Demandes auprès des services juridiques,Requests with legal services - Fewer than 100 pages processed: Number of requests - Number of days: 181 to 365 days,Demandes auprès des services juridiques - Moins de 100 pages traitées : Nombre de demandes - Nombre de jours : 181 à 365,Q30R2C1
Q8_1Row7Cell1,8,Section 8: Completion time of consultations on Cabinet confidences,Section 8 : Délais de traitement des demandes de consultation sur les documents confidentiels du Cabinet,8.1,8.1 Requests with Legal Services,8.1 Demandes auprès des services juridiques,Requests with legal services - Fewer than 100 pages processed: Number of requests - Number of days: more than 365 days,Demandes auprès des services juridiques - Moins de 100 pages traitées : Nombre de demandes - Nombre de jours : Plus de 365,Q30R2C2
Q8_1Row8Cell1,8,Section 8: Completion time of consultations on Cabinet confidences,Section 8 : Délais de traitement des demandes de consultation sur les documents confidentiels du Cabinet,8.1,8.1 Requests with Legal Services,8.1 Demandes auprès des services juridiques,Requests with legal services - Total of fewer Than 100 Pages Processed - Number of requests,Demandes auprès des services juridiques - Total de Moins de 100 pages traitées : Nombre de demandes,Q30R2C3
Q8_1Row1Cell2,8,Section 8: Completion time of consultations on Cabinet confidences,Section 8 : Délais de traitement des demandes de consultation sur les documents confidentiels du Cabinet,8.1,8.1 Requests with Legal Services,8.1 Demandes auprès des services juridiques,Requests with legal services - Fewer than 100 pages processed: Pages disclosed - Number of days: 1 to 15 days,Demandes auprès des services juridiques - Moins de 100 pages traitées : Pages communiquées - Nombre de jours : 1 à 15,Q30R2C4
Q8_1Row2Cell2,8,Section 8: Completion time of consultations on Cabinet confidences,Section 8 : Délais de traitement des demandes de consultation sur les documents confidentiels du Cabinet,8.1,8.1 Requests with Legal Services,8.1 Demandes auprès des services juridiques,Requests with legal services - Fewer than 100 pages processed: Pages disclosed - Number of days: 16 to 30 days,Demandes auprès des services juridiques - Moins de 100 pages traitées : Pages communiquées - Nombre de jours : 16 à 30,Q30R2C5
Q8_1Row3Cell2,8,Section 8: Completion time of consultations on Cabinet confidences,Section 8 : Délais de traitement des demandes de consultation sur les documents confidentiels du Cabinet,8.1,8.1 Requests with Legal Services,8.1 Demandes auprès des services juridiques,Requests with legal services - Fewer than 100 pages processed: Pages disclosed - Number of days: 31 to 60 days,Demandes auprès des services juridiques - Moins de 100 pages traitées : Pages communiquées - Nombre de jours : 31 à 60,Q30R2C6
Q8_1Row4Cell2,8,Section 8: Completion time of consultations on Cabinet confidences,Section 8 : Délais de traitement des demandes de consultation sur les documents confidentiels du Cabinet,8.1,8.1 Requests with Legal Services,8.1 Demandes auprès des services juridiques,Requests with legal services - Fewer than 100 pages processed: Pages disclosed - Number of days: 61 to 120 days,Demandes auprès des services juridiques - Moins de 100 pages traitées : Pages communiquées - Nombre de jours : 61 à 120,Q30R2C7
Q8_1Row5Cell2,8,Section 8: Completion time of consultations on Cabinet confidences,Section 8 : Délais de traitement des demandes de consultation sur les documents confidentiels du Cabinet,8.1,8.1 Requests with Legal Services,8.1 Demandes auprès des services juridiques,Requests with legal services - Fewer than 100 pages processed: Pages disclosed - Number of days: 121 to 180 days,Demandes auprès des services juridiques - Moins de 100 pages traitées : Pages communiquées - Nombre de jours : 121 à 180,Q30R2C8
Q8_1Row6Cell2,8,Section 8: Completion time of consultations on Cabinet confidences,Section 8 : Délais de traitement des demandes de consultation sur les documents confidentiels du Cabinet,8.1,8.1 Requests with Legal Services,8.1 Demandes auprès des services juridiques,Requests with legal services - Fewer than 100 pages processed: Pages disclosed - Number of days: 181 to 365 days,Demandes auprès des services juridiques - Moins de 100 pages traitées : Pages communiquées - Nombre de jours : 181 à 365,Q30R2C9
Q8_1Row7Cell2,8,Section 8: Completion time of consultations on Cabinet confidences,Section 8 : Délais de traitement des demandes de consultation sur les documents confidentiels du Cabinet,8.1,8.1 Requests with Legal Services,8.1 Demandes auprès des services juridiques,Requests with legal services - Fewer than 100 pages processed: Pages disclosed - Number of days: more than 365 days,Demandes auprès des services juridiques - Moins de 100 pages traitées : Pages communiquées - Nombre de jours : Plus de 365,Q30R2C10
Q8_1Row8Cell2,8,Section 8: Completion time of consultations on Cabinet confidences,Section 8 : Délais de traitement des demandes de consultation sur les documents confidentiels du Cabinet,8.1,8.1 Requests with Legal Services,8.1 Demandes auprès des services juridiques,Requests with legal services - Total of fewer Than 100 Pages Processed - Pages disclosed,Demandes auprès des services juridiques - Total de Moins de 100 pages traitées : Pages communiquées,Q30R3C1
Q8_1Row1Cell3,8,Section 8: Completion time of consultations on Cabinet confidences,Section 8 : Délais de traitement des demandes de consultation sur les documents confidentiels du Cabinet,8.1,8.1 Requests with Legal Services,8.1 Demandes auprès des services juridiques,Requests with legal services - 100-500 pages processed: Number of requests - Number of days: 1 to 15 days,Demandes auprès des services juridiques - De 100 à 500 pages traitées : Nombre de demandes - Nombre de jours : 1 à 15,Q30R3C2
Q8_1Row2Cell3,8,Section 8: Completion time of consultations on Cabinet confidences,Section 8 : Délais de traitement des demandes de consultation sur les documents confidentiels du Cabinet,8.1,8.1 Requests with Legal Services,8.1 Demandes auprès des services juridiques,Requests with legal services - 100-500 pages processed: Number of requests - Number of days: 16 to 30 days,Demandes auprès des services juridiques - De 100 à 500 pages traitées : Nombre de demandes - Nombre de jours : 16 à 30,Q30R3C3
Q8_1Row3Cell3,8,Section 8: Completion time of consultations on Cabinet confidences,Section 8 : Délais de traitement des demandes de consultation sur les documents confidentiels du Cabinet,8.1,8.1 Requests with Legal Services,8.1 Demandes auprès des services juridiques,Requests with legal services - 100-500 pages processed: Number of requests - Number of days: 31 to 60 days,Demandes auprès des services juridiques - De 100 à 500 pages traitées : Nombre de demandes - Nombre de jours : 31 à 60,Q30R3C4
Q8_1Row4Cell3,8,Section 8: Completion time of consultations on Cabinet confidences,Section 8 : Délais de traitement des demandes de consultation sur les documents confidentiels du Cabinet,8.1,8.1 Requests with Legal Services,8.1 Demandes auprès des services juridiques,Requests with legal services - 100-500 pages processed: Number of requests - Number of days: 61 to 120 days,Demandes auprès des services juridiques - De 100 à 500 pages traitées : Nombre de demandes - Nombre de jours : 61 à 120,Q30R3C5
Q8_1Row5Cell3,8,Section 8: Completion time of consultations on Cabinet confidences,Section 8 : Délais de traitement des demandes de consultation sur les documents confidentiels du Cabinet,8.1,8.1 Requests with Legal Services,8.1 Demandes auprès des services juridiques,Requests with legal services - 100-500 pages processed: Number of requests - Number of days: 121 to 180 days,Demandes auprès des services juridiques - De 100 à 500 pages traitées : Nombre de demandes - Nombre de jours : 121 à 180,Q30R3C6
Q8_1Row6Cell3,8,Section 8: Completion time of consultations on Cabinet confidences,Section 8 : Délais de traitement des demandes de consultation sur les documents confidentiels du Cabinet,8.1,8.1 Requests with Legal Services,8.1 Demandes auprès des services juridiques,Requests with legal services - 100-500 pages processed: Number of requests - Number of days: 181 to 365 days,Demandes auprès des services juridiques - De 100 à 500 pages traitées : Nombre de demandes - Nombre de jours : 181 à 365,Q30R3C7
Q8_1Row7Cell3,8,Section 8: Completion time of consultations on Cabinet confidences,Section 8 : Délais de traitement des demandes de consultation sur les documents confidentiels du Cabinet,8.1,8.1 Requests with Legal Services,8.1 Demandes auprès des services juridiques,Requests with legal services - 100-500 pages processed: Number of requests - Number of days: more than 365 days,Demandes auprès des services juridiques - De 100 à 500 pages traitées : Nombre de demandes - Nombre de jours : Plus de 365,Q30R3C8
Q8_1Row8Cell3,8,Section 8: Completion time of consultations on Cabinet confidences,Section 8 : Délais de traitement des demandes de consultation sur les documents confidentiels du Cabinet,8.1,8.1 Requests with Legal Services,8.1 Demandes auprès des services juridiques,Requests with legal services - Total of 101-500 pages processed - Number of requests,Demandes auprès des services juridiques - Total De 100 à 500 pages traitées : Nombre de demandes,Q30R3C9
Q8_1Row1Cell4,8,Section 8: Completion time of consultations on Cabinet confidences,Section 8 : Délais de traitement des demandes de consultation sur les documents confidentiels du Cabinet,8.1,8.1 Requests with Legal Services,8.1 Demandes auprès des services juridiques,Requests with legal services - 100-500 pages processed: Pages disclosed - Number of days: 1 to 15 days,Demandes auprès des services juridiques - De 100 à 500 pages traitées : Pages communiquées - Nombre de jours : 1 à 15,Q30R3C10
Q8_1Row2Cell4,8,Section 8: Completion time of consultations on Cabinet confidences,Section 8 : Délais de traitement des demandes de consultation sur les documents confidentiels du Cabinet,8.1,8.1 Requests with Legal Services,8.1 Demandes auprès des services juridiques,Requests with legal services - 100-500 pages processed: Pages disclosed - Number of days: 16 to 30 days,Demandes auprès des services juridiques - De 100 à 500 pages traitées : Pages communiquées - Nombre de jours : 16 à 30,Q30R4C1
Q8_1Row3Cell4,8,Section 8: Completion time of consultations on Cabinet confidences,Section 8 : Délais de traitement des demandes de consultation sur les documents confidentiels du Cabinet,8.1,8.1 Requests with Legal Services,8.1 Demandes auprès des services juridiques,Requests with legal services - 100-500 pages processed: Pages disclosed - Number of days: 31 to 60 days,Demandes auprès des services juridiques - De 100 à 500 pages traitées : Pages communiquées - Nombre de jours : 31 à 60,Q30R4C2
Q8_1Row4Cell4,8,Section 8: Completion time of consultations on Cabinet confidences,Section 8 : Délais de traitement des demandes de consultation sur les documents confidentiels du Cabinet,8.1,8.1 Requests with Legal Services,8.1 Demandes auprès des services juridiques,Requests with legal services - 100-500 pages processed: Pages disclosed - Number of days: 61 to 120 days,Demandes auprès des services juridiques - De 100 à 500 pages traitées : Pages communiquées - Nombre de jours : 61 à 120,Q30R4C3
Q8_1Row5Cell4,8,Section 8: Completion time of consultations on Cabinet confidences,Section 8 : Délais de traitement des demandes de consultation sur les documents confidentiels du Cabinet,8.1,8.1 Requests with Legal Services,8.1 Demandes auprès des services juridiques,Requests with legal services - 100-500 pages processed: Pages disclosed - Number of days: 121 to 180 days,Demandes auprès des services juridiques - De 100 à 500 pages traitées : Pages communiquées - Nombre de jours : 121 à 180,Q30R4C4
Q8_1Row6Cell4,8,Section 8: Completion time of consultations on Cabinet confidences,Section 8 : Délais de traitement des demandes de consultation sur les documents confidentiels du Cabinet,8.1,8.1 Requests with Legal Services,8.1 Demandes auprès des services juridiques,Requests with legal services - 100-500 pages processed: Pages disclosed - Number of days: 181 to 365 days,Demandes auprès des services juridiques - De 100 à 500 pages traitées : Pages communiquées - Nombre de jours : 181 à 365,Q30R4C5
Q8_1Row7Cell4,8,Section 8: Completion time of consultations on Cabinet confidences,Section 8 : Délais de traitement des demandes de consultation sur les documents confidentiels du Cabinet,8.1,8.1 Requests with Legal Services,8.1 Demandes auprès des services juridiques,Requests with legal services - 100-500 pages processed: Pages disclosed - Number of days: more than 365 days,Demandes auprès des services juridiques - De 100 à 500 pages traitées : Pages communiquées - Nombre de jours : Plus de 365,Q30R4C6
Q8_1Row8Cell4,8,Section 8: Completion time of consultations on Cabinet confidences,Section 8 : Délais de traitement des demandes de consultation sur les documents confidentiels du Cabinet,8.1,8.1 Requests with Legal Services,8.1 Demandes auprès des services juridiques,Requests with legal services - Total of 101-500 pages processed - Pages disclosed,Demandes auprès des services juridiques - Total De 100 à 500 pages traitées : Pages communiquées,Q30R4C7
Q8_1Row1Cell5,8,Section 8: Completion time of consultations on Cabinet confidences,Section 8 : Délais de traitement des demandes de consultation sur les documents confidentiels du Cabinet,8.1,8.1 Requests with Legal Services,8.1 Demandes auprès des services juridiques,Requests with legal services - 501-1000 pages processed: Number of requests - Number of days: 1 to 15 days,Demandes auprès des services juridiques - 501-1000 pages traitées : Nombre de demandes - Nombre de jours : 1 à 15,Q30R4C8
Q8_1Row2Cell5,8,Section 8: Completion time of consultations on Cabinet confidences,Section 8 : Délais de traitement des demandes de consultation sur les documents confidentiels du Cabinet,8.1,8.1 Requests with Legal Services,8.1 Demandes auprès des services juridiques,Requests with legal services - 501-1000 pages processed: Number of requests - Number of days: 16 to 30 days,Demandes auprès des services juridiques - 501-1000 pages traitées : Nombre de demandes - Nombre de jours : 16 à 30,Q30R4C9
Q8_1Row3Cell5,8,Section 8: Completion time of consultations on Cabinet confidences,Section 8 : Délais de traitement des demandes de consultation sur les documents confidentiels du Cabinet,8.1,8.1 Requests with Legal Services,8.1 Demandes auprès des services juridiques,Requests with legal services - 501-1000 pages processed: Number of requests - Number of days: 31 to 60 days,Demandes auprès des services juridiques - 501-1000 pages traitées : Nombre de demandes - Nombre de jours : 31 à 60,Q30R4C10
Q8_1Row4Cell5,8,Section 8: Completion time of consultations on Cabinet confidences,Section 8 : Délais de traitement des demandes de consultation sur les documents confidentiels du Cabinet,8.1,8.1 Requests with Legal Services,8.1 Demandes auprès des services juridiques,Requests with legal services - 501-1000 pages processed: Number of requests - Number of days: 61 to 120 days,Demandes auprès des services juridiques - 501-1000 pages traitées : Nombre de demandes - Nombre de jours : 61 à 120,Q30R5C1
Q8_1Row5Cell5,8,Section 8: Completion time of consultations on Cabinet confidences,Section 8 : Délais de traitement des demandes de consultation sur les documents confidentiels du Cabinet,8.1,8.1 Requests with Legal Services,8.1 Demandes auprès des services juridiques,Requests with legal services - 501-1000 pages processed: Number of requests - Number of days: 121 to 180 days,Demandes auprès des services juridiques - 501-1000 pages traitées : Nombre de demandes - Nombre de jours : 121 à 180,Q30R5C2
Q8_1Row6Cell5,8,Section 8: Completion time of consultations on Cabinet confidences,Section 8 : Délais de traitement des demandes de consultation sur les documents confidentiels du Cabinet,8.1,8.1 Requests with Legal Services,8.1 Demandes auprès des services juridiques,Requests with legal services - 501-1000 pages processed: Number of requests - Number of days: 181 to 365 days,Demandes auprès des services juridiques - 501-1000 pages traitées : Nombre de demandes - Nombre de jours : 181 à 365,Q30R5C3
Q8_1Row7Cell5,8,Section 8: Completion time of consultations on Cabinet confidences,Section 8 : Délais de traitement des demandes de consultation sur les documents confidentiels du Cabinet,8.1,8.1 Requests with Legal Services,8.1 Demandes auprès des services juridiques,Requests with legal services - 501-1000 pages processed: Number of requests - Number of days: more than 365 days,Demandes auprès des services juridiques - 501-1000 pages traitées : Nombre de demandes - Nombre de jours : Plus de 365,Q30R5C4
Q8_1Row8Cell5,8,Section 8: Completion time of consultations on Cabinet confidences,Section 8 : Délais de traitement des demandes de consultation sur les documents confidentiels du Cabinet,8.1,8.1 Requests with Legal Services,8.1 Demandes auprès des services juridiques,Requests with legal services - Total of 501-1000 pages processed - Number of requests,Demandes auprès des services juridiques - Total de 501-1000 pages traitées : Nombre de demandes,Q30R5C5
Q8_1Row1Cell6,8,Section 8: Completion time of consultations on Cabinet confidences,Section 8 : Délais de traitement des demandes de consultation sur les documents confidentiels du Cabinet,8.1,8.1 Requests with Legal Services,8.1 Demandes auprès des services juridiques,Requests with legal services - 501-1000 pages processed: Pages disclosed - Number of days: 1 to 15 days,Demandes auprès des services juridiques - 501-1000 pages traitées : Pages communiquées - Nombre de jours : 1 à 15,Q30R5C6
Q8_1Row2Cell6,8,Section 8: Completion time of consultations on Cabinet confidences,Section 8 : Délais de traitement des demandes de consultation sur les documents confidentiels du Cabinet,8.1,8.1 Requests with Legal Services,8.1 Demandes auprès des services juridiques,Requests with legal services - 501-1000 pages processed: Pages disclosed - Number of days: 16 to 30 days,Demandes auprès des services juridiques - 501-1000 pages traitées : Pages communiquées - Nombre de jours : 16 à 30,Q30R5C7
Q8_1Row3Cell6,8,Section 8: Completion time of consultations on Cabinet confidences,Section 8 : Délais de traitement des demandes de consultation sur les documents confidentiels du Cabinet,8.1,8.1 Requests with Legal Services,8.1 Demandes auprès des services juridiques,Requests with legal services - 501-1000 pages processed: Pages disclosed - Number of days: 31 to 60 days,Demandes auprès des services juridiques - 501-1000 pages traitées : Pages communiquées - Nombre de jours : 31 à 60,Q30R5C8
Q8_1Row4Cell6,8,Section 8: Completion time of consultations on Cabinet confidences,Section 8 : Délais de traitement des demandes de consultation sur les documents confidentiels du Cabinet,8.1,8.1 Requests with Legal Services,8.1 Demandes auprès des services juridiques,Requests with legal services - 501-1000 pages processed: Pages disclosed - Number of days: 61 to 120 days,Demandes auprès des services juridiques - 501-1000 pages traitées : Pages communiquées - Nombre de jours : 61 à 120,Q30R5C9
Q8_1Row5Cell6,8,Section 8: Completion time of consultations on Cabinet confidences,Section 8 : Délais de traitement des demandes de consultation sur les documents confidentiels du Cabinet,8.1,8.1 Requests with Legal Services,8.1 Demandes auprès des services juridiques,Requests with legal services - 501-1000 pages processed: Pages disclosed - Number of days: 121 to 180 days,Demandes auprès des services juridiques - 501-1000 pages traitées : Pages communiquées - Nombre de jours : 121 à 180,Q30R5C10
Q8_1Row6Cell6,8,Section 8: Completion time of consultations on Cabinet confidences,Section 8 : Délais de traitement des demandes de consultation sur les documents confidentiels du Cabinet,8.1,8.1 Requests with Legal Services,8.1 Demandes auprès des services juridiques,Requests with legal services - 501-1000 pages processed: Pages disclosed - Number of days: 181 to 365 days,Demandes auprès des services juridiques - 501-1000 pages traitées : Pages communiquées - Nombre de jours : 181 à 365,Q30R6C1
Q8_1Row7Cell6,8,Section 8: Completion time of consultations on Cabinet confidences,Section 8 : Délais de traitement des demandes de consultation sur les documents confidentiels du Cabinet,8.1,8.1 Requests with Legal Services,8.1 Demandes auprès des services juridiques,Requests with legal services - 501-1000 pages processed: Pages disclosed - Number of days: more than 365 days,Demandes auprès des services juridiques - 501-1000 pages traitées : Pages communiquées - Nombre de jours : Plus de 365,Q30R6C2
Q8_1Row8Cell6,8,Section 8: Completion time of consultations on Cabinet confidences,Section 8 : Délais de traitement des demandes de consultation sur les documents confidentiels du Cabinet,8.1,8.1 Requests with Legal Services,8.1 Demandes auprès des services juridiques,Requests with legal services - Total of 501-1000 pages processed - Pages disclosed,Demandes auprès des services juridiques - Total de 501-1000 pages traitées : Pages communiquées,Q30R6C3
Q8_1Row1Cell7,8,Section 8: Completion time of consultations on Cabinet confidences,Section 8 : Délais de traitement des demandes de consultation sur les documents confidentiels du Cabinet,8.1,8.1 Requests with Legal Services,8.1 Demandes auprès des services juridiques,Requests with legal services - 1001-5000 pages processed: Number of requests - Number of days: 1 to 15 days,Demandes auprès des services juridiques - 1001-5000 pages traitées : Nombre de demandes - Nombre de jours : 1 à 15,Q30R6C4
Q8_1Row2Cell7,8,Section 8: Completion time of consultations on Cabinet confidences,Section 8 : Délais de traitement des demandes de consultation sur les documents confidentiels du Cabinet,8.1,8.1 Requests with Legal Services,8.1 Demandes auprès des services juridiques,Requests with legal services - 1001-5000 pages processed: Number of requests - Number of days: 16 to 30 days,Demandes auprès des services juridiques - 1001-5000 pages traitées : Nombre de demandes - Nombre de jours : 16 à 30,Q30R6C5
Q8_1Row3Cell7,8,Section 8: Completion time of consultations on Cabinet confidences,Section 8 : Délais de traitement des demandes de consultation sur les documents confidentiels du Cabinet,8.1,8.1 Requests with Legal Services,8.1 Demandes auprès des services juridiques,Requests with legal services - 1001-5000 pages processed: Number of requests - Number of days: 31 to 60 days,Demandes auprès des services juridiques - 1001-5000 pages traitées : Nombre de demandes - Nombre de jours : 31 à 60,Q30R6C6
Q8_1Row4Cell7,8,Section 8: Completion time of consultations on Cabinet confidences,Section 8 : Délais de traitement des demandes de consultation sur les documents confidentiels du Cabinet,8.1,8.1 Requests with Legal Services,8.1 Demandes auprès des services juridiques,Requests with legal services - 1001-5000 pages processed: Number of requests - Number of days: 61 to 120 days,Demandes auprès des services juridiques - 1001-5000 pages traitées : Nombre de demandes - Nombre de jours : 61 à 120,Q30R6C7
Q8_1Row5Cell7,8,Section 8: Completion time of consultations on Cabinet confidences,Section 8 : Délais de traitement des demandes de consultation sur les documents confidentiels du Cabinet,8.1,8.1 Requests with Legal Services,8.1 Demandes auprès des services juridiques,Requests with legal services - 1001-5000 pages processed: Number of requests - Number of days: 121 to 180 days,Demandes auprès des services juridiques - 1001-5000 pages traitées : Nombre de demandes - Nombre de jours : 121 à 180,Q30R6C8
Q8_1Row6Cell7,8,Section 8: Completion time of consultations on Cabinet confidences,Section 8 : Délais de traitement des demandes de consultation sur les documents confidentiels du Cabinet,8.1,8.1 Requests with Legal Services,8.1 Demandes auprès des services juridiques,Requests with legal services - 1001-5000 pages processed: Number of requests - Number of days: 181 to 365 days,Demandes auprès des services juridiques - 1001-5000 pages traitées : Nombre de demandes - Nombre de jours : 181 à 365,Q30R6C9
Q8_1Row7Cell7,8,Section 8: Completion time of consultations on Cabinet confidences,Section 8 : Délais de traitement des demandes de consultation sur les documents confidentiels du Cabinet,8.1,8.1 Requests with Legal Services,8.1 Demandes auprès des services juridiques,Requests with legal services - 1001-5000 pages processed: Number of requests - Number of days: more than 365 days,Demandes auprès des services juridiques - 1001-5000 pages traitées : Nombre de demandes - Nombre de jours : Plus de 365,Q30R6C10
Q8_1Row8Cell7,8,Section 8: Completion time of consultations on Cabinet confidences,Section 8 : Délais de traitement des demandes de consultation sur les documents confidentiels du Cabinet,8.1,8.1 Requests with Legal Services,8.1 Demandes auprès des services juridiques,Requests with legal services - Total of 1001-5000 pages processed - Number of requests,Demandes auprès des services juridiques - Total de 1001-5000 pages traitées : Nombre de demandes,Q30R7C1
Q8_1Row1Cell8,8,Section 8: Completion time of consultations on Cabinet confidences,Section 8 : Délais de traitement des demandes de consultation sur les documents confidentiels du Cabinet,8.1,8.1 Requests with Legal Services,8.1 Demandes auprès des services juridiques,Requests with legal services - 1001-5000 pages processed: Pages disclosed - Number of days: 1 to 15 days,Demandes auprès des services juridiques - 1001-5000 pages traitées : Pages communiquées - Nombre de jours : 1 à 15,Q30R7C2
Q8_1Row2Cell8,8,Section 8: Completion time of consultations on Cabinet confidences,Section 8 : Délais de traitement des demandes de consultation sur les documents confidentiels du Cabinet,8.1,8.1 Requests with Legal Services,8.1 Demandes auprès des services juridiques,Requests with legal services - 1001-5000 pages processed: Pages disclosed - Number of days: 16 to 30 days,Demandes auprès des services juridiques - 1001-5000 pages traitées : Pages communiquées - Nombre de jours : 16 à 30,Q30R7C3
Q8_1Row3Cell8,8,Section 8: Completion time of consultations on Cabinet confidences,Section 8 : Délais de traitement des demandes de consultation sur les documents confidentiels du Cabinet,8.1,8.1 Requests with Legal Services,8.1 Demandes auprès des services juridiques,Requests with legal services - 1001-5000 pages processed: Pages disclosed - Number of days: 31 to 60 days,Demandes auprès des services juridiques - 1001-5000 pages traitées : Pages communiquées - Nombre de jours : 31 à 60,Q30R7C4
Q8_1Row4Cell8,8,Section 8: Completion time of consultations on Cabinet confidences,Section 8 : Délais de traitement des demandes de consultation sur les documents confidentiels du Cabinet,8.1,8.1 Requests with Legal Services,8.1 Demandes auprès des services juridiques,Requests with legal services - 1001-5000 pages processed: Pages disclosed - Number of days: 61 to 120 days,Demandes auprès des services juridiques - 1001-5000 pages traitées : Pages communiquées - Nombre de jours : 61 à 120,Q30R7C5
Q8_1Row5Cell8,8,Section 8: Completion time of consultations on Cabinet confidences,Section 8 : Délais de traitement des demandes de consultation sur les documents confidentiels du Cabinet,8.1,8.1 Requests with Legal Services,8.1 Demandes auprès des services juridiques,Requests with legal services - 1001-5000 pages processed: Pages disclosed - Number of days: 121 to 180 days,Demandes auprès des services juridiques - 1001-5000 pages traitées : Pages communiquées - Nombre de jours : 121 à 180,Q30R7C6
Q8_1Row6Cell8,8,Section 8: Completion time of consultations on Cabinet confidences,Section 8 : Délais de traitement des demandes de consultation sur les documents confidentiels du Cabinet,8.1,8.1 Requests with Legal Services,8.1 Demandes auprès des services juridiques,Requests with legal services - 1001-5000 pages processed: Pages disclosed - Number of days: 181 to 365 days,Demandes auprès des services juridiques - 1001-5000 pages traitées : Pages communiquées - Nombre de jours : 181 à 365,Q30R7C7
Q8_1Row7Cell8,8,Section 8: Completion time of consultations on Cabinet confidences,Section 8 : Délais de traitement des demandes de consultation sur les documents confidentiels du Cabinet,8.1,8.1 Requests with Legal Services,8.1 Demandes auprès des services juridiques,Requests with legal services - 1001-5000 pages processed: Pages disclosed - Number of days: more than 365 days,Demandes auprès des services juridiques - 1001-5000 pages traitées : Pages communiquées - Nombre de jours : Plus de 365,Q30R7C8
Q8_1Row8Cell8,8,Section 8: Completion time of consultations on Cabinet confidences,Section 8 : Délais de traitement des demandes de consultation sur les documents confidentiels du Cabinet,8.1,8.1 Requests with Legal Services,8.1 Demandes auprès des services juridiques,Requests with legal services - Total of 1001-5000 pages processed - Pages disclosed,Demandes auprès des services juridiques - Total de 1001-5000 pages traitées : Pages communiquées,Q30R7C9
Q8_1Row1Cell9,8,Section 8: Completion time of consultations on Cabinet confidences,Section 8 : Délais de traitement des demandes de consultation sur les documents confidentiels du Cabinet,8.1,8.1 Requests with Legal Services,8.1 Demandes auprès des services juridiques,Requests with legal services - More than 5000 pages processed: Number of requests - Number of days: 1 to 15 days,Demandes auprès des services juridiques - Plus de 5 000 pages traitées : Nombre de demandes - Nombre de jours : 1 à 15,Q30R7C10
Q8_1Row2Cell9,8,Section 8: Completion time of consultations on Cabinet confidences,Section 8 : Délais de traitement des demandes de consultation sur les documents confidentiels du Cabinet,8.1,8.1 Requests with Legal Services,8.1 Demandes auprès des services juridiques,Requests with legal services - More than 5000 pages processed: Number of requests - Number of days: 16 to 30 days,Demandes auprès des services juridiques - Plus de 5 000 pages traitées : Nombre de demandes - Nombre de jours : 16 à 30,Q31R1C1
Q8_1Row3Cell9,8,Section 8: Completion time of consultations on Cabinet confidences,Section 8 : Délais de traitement des demandes de consultation sur les documents confidentiels du Cabinet,8.1,8.1 Requests with Legal Services,8.1 Demandes auprès des services juridiques,Requests with legal services - More than 5000 pages processed: Number of requests - Number of days: 31 to 60 days,Demandes auprès des services juridiques - Plus de 5 000 pages traitées : Nombre de demandes - Nombre de jours : 31 à 60,Q31R1C2
Q8_1Row4Cell9,8,Section 8: Completion time of consultations on Cabinet confidences,Section 8 : Délais de traitement des demandes de consultation sur les documents confidentiels du Cabinet,8.1,8.1 Requests with Legal Services,8.1 Demandes auprès des services juridiques,Requests with legal services - More than 5000 pages processed: Number of requests - Number of days: 61 to 120 days,Demandes auprès des services juridiques - Plus de 5 000 pages traitées : Nombre de demandes - Nombre de jours : 61 à 120,Q31R1C3
Q8_1Row5Cell9,8,Section 8: Completion time of consultations on Cabinet confidences,Section 8 : Délais de traitement des demandes de consultation sur les documents confidentiels du Cabinet,8.1,8.1 Requests with Legal Services,8.1 Demandes auprès des services juridiques,Requests with legal services - More than 5000 pages processed: Number of requests - Number of days: 121 to 180 days,Demandes auprès des services juridiques - Plus de 5 000 pages traitées : Nombre de demandes - Nombre de jours : 121 à 180,Q31R1C4
Q8_1Row6Cell9,8,Section 8: Completion time of consultations on Cabinet confidences,Section 8 : Délais de traitement des demandes de consultation sur les documents confidentiels du Cabinet,8.1,8.1 Requests with Legal Services,8.1 Demandes auprès des services juridiques,Requests with legal services - More than 5000 pages processed: Number of requests - Number of days: 181 to 365 days,Demandes auprès des services juridiques - Plus de 5 000 pages traitées : Nombre de demandes - Nombre de jours : 181 à 365,Q32R1C1
Q8_1Row7Cell9,8,Section 8: Completion time of consultations on Cabinet confidences,Section 8 : Délais de traitement des demandes de consultation sur les documents confidentiels du Cabinet,8.1,8.1 Requests with Legal Services,8.1 Demandes auprès des services juridiques,Requests with legal services - More than 5000 pages processed: Number of requests - Number of days: more than 365 days,Demandes auprès des services juridiques - Plus de 5 000 pages traitées : Nombre de demandes - Nombre de jours : Plus de 365,Q32R2C1
Q8_1Row8Cell9,8,Section 8: Completion time of consultations on Cabinet confidences,Section 8 : Délais de traitement des demandes de consultation sur les documents confidentiels du Cabinet,8.1,8.1 Requests with Legal Services,8.1 Demandes auprès des services juridiques,Requests with legal services - Total of More than 5000 pages processed - Number of requests,Demandes auprès des services juridiques - Total de Plus de 5 000 pages traitées : Nombre de demandes,Q33R1C1
Q8_1Row1Cell10,8,Section 8: Completion time of consultations on Cabinet confidences,Section 8 : Délais de traitement des demandes de consultation sur les documents confidentiels du Cabinet,8.1,8.1 Requests with Legal Services,8.1 Demandes auprès des services juridiques,Requests with legal services - More than 5000 pages processed: Pages disclosed - Number of days: 1 to 15 days,Demandes auprès des services juridiques - Plus de 5 000 pages traitées : Pages communiquées - Nombre de jours : 1 à 15,Q33R1C2
Q8_1Row2Cell10,8,Section 8: Completion time of consultations on Cabinet confidences,Section 8 : Délais de traitement des demandes de consultation sur les documents confidentiels du Cabinet,8.1,8.1 Requests with Legal Services,8.1 Demandes auprès des services juridiques,Requests with legal services - More than 5000 pages processed: Pages disclosed - Number of days: 16 to 30 days,Demandes auprès des services juridiques - Plus de 5 000 pages traitées : Pages communiquées - Nombre de jours : 16 à 30,Q33R1C3
Q8_1Row3Cell10,8,Section 8: Completion time of consultations on Cabinet confidences,Section 8 : Délais de traitement des demandes de consultation sur les documents confidentiels du Cabinet,8.1,8.1 Requests with Legal Services,8.1 Demandes auprès des services juridiques,Requests with legal services - More than 5000 pages processed: Pages disclosed - Number of days: 31 to 60 days,Demandes auprès des services juridiques - Plus de 5 000 pages traitées : Pages communiquées - Nombre de jours : 31 à 60,Q33R1C4
Q8_1Row4Cell10,8,Section 8: Completion time of consultations on Cabinet confidences,Section 8 : Délais de traitement des demandes de consultation sur les documents confidentiels du Cabinet,8.1,8.1 Requests with Legal Services,8.1 Demandes auprès des services juridiques,Requests with legal services - More than 5000 pages processed: Pages disclosed - Number of days: 61 to 120 days,Demandes auprès des services juridiques - Plus de 5 000 pages traitées : Pages communiquées - Nombre de jours : 61 à 120,Q33R2C1
Q8_1Row5Cell10,8,Section 8: Completion time of consultations on Cabinet confidences,Section 8 : Délais de traitement des demandes de consultation sur les documents confidentiels du Cabinet,8.1,8.1 Requests with Legal Services,8.1 Demandes auprès des services juridiques,Requests with legal services - More than 5000 pages processed: Pages disclosed - Number of days: 121 to 180 days,Demandes auprès des services juridiques - Plus de 5 000 pages traitées : Pages communiquées - Nombre de jours : 121 à 180,Q33R2C2
Q8_1Row6Cell10,8,Section 8: Completion time of consultations on Cabinet confidences,Section 8 : Délais de traitement des demandes de consultation sur les documents confidentiels du Cabinet,8.1,8.1 Requests with Legal Services,8.1 Demandes auprès des services juridiques,Requests with legal services - More than 5000 pages processed: Pages disclosed - Number of days: 181 to 365 days,Demandes auprès des services juridiques - Plus de 5 000 pages traitées : Pages communiquées - Nombre de jours : 181 à 365,Q33R2C3
Q8_1Row7Cell10,8,Section 8: Completion time of consultations on Cabinet confidences,Section 8 : Délais de traitement des demandes de consultation sur les documents confidentiels du Cabinet,8.1,8.1 Requests with Legal Services,8.1 Demandes auprès des services juridiques,Requests with legal services - More than 5000 pages processed: Pages disclosed - Number of days: more than 365 days,Demandes auprès des services juridiques - Plus de 5 000 pages traitées : Pages communiquées - Nombre de jours : Plus de 365,Q33R2C4
Q8_1Row8Cell10,8,Section 8: Completion time of consultations on Cabinet confidences,Section 8 : Délais de traitement des demandes de consultation sur les documents confidentiels du Cabinet,8.1,8.1 Requests with Legal Services,8.1 Demandes auprès des services juridiques,Requests with legal services - Total of More than 5000 pages processed - Pages disclosed,Demandes auprès des services juridiques - Total of Plus de 5 000 pages traitées : Pages communiquées,Q34R1C1
Q8_2Row1Cell1,8,Section 8: Completion time of consultations on Cabinet confidences,Section 8 : Délais de traitement des demandes de consultation sur les documents confidentiels du Cabinet,8.2,8.2 Requests with Privy Council Office,8.2 Demandes auprès du Bureau du Conseil privé,Requests with Privy Council Office - Fewer than 100 pages processed: Number of requests - Number of days: 1 to 15 days,Demandes auprès du Bureau du Conseil privé - Moins de 100 pages traitées : Nombre de demandes - Nombre de jours : 1 à 15,Q34R2C1
Q8_2Row2Cell1,8,Section 8: Completion time of consultations on Cabinet confidences,Section 8 : Délais de traitement des demandes de consultation sur les documents confidentiels du Cabinet,8.2,8.2 Requests with Privy Council Office,8.2 Demandes auprès du Bureau du Conseil privé,Requests with Privy Council Office - Fewer Than 100 Pages Processed - Number of requests for 16 to 30 days,Demandes auprès du Bureau du Conseil privé - Moins de 100 pages traitées : Nombre de demandes - Nombre de jours : 16 à 30,Q35R1C1
Q8_2Row3Cell1,8,Section 8: Completion time of consultations on Cabinet confidences,Section 8 : Délais de traitement des demandes de consultation sur les documents confidentiels du Cabinet,8.2,8.2 Requests with Privy Council Office,8.2 Demandes auprès du Bureau du Conseil privé,Requests with Privy Council Office - Fewer Than 100 Pages Processed - Number of requests for 31 to 60 days,Demandes auprès du Bureau du Conseil privé - Moins de 100 pages traitées : Nombre de demandes - Nombre de jours : 31 à 60,Q36R1C1
Q8_2Row4Cell1,8,Section 8: Completion time of consultations on Cabinet confidences,Section 8 : Délais de traitement des demandes de consultation sur les documents confidentiels du Cabinet,8.2,8.2 Requests with Privy Council Office,8.2 Demandes auprès du Bureau du Conseil privé,Requests with Privy Council Office - Fewer Than 100 Pages Processed - Number of requests for 61 to 120 days,Demandes auprès du Bureau du Conseil privé - Moins de 100 pages traitées : Nombre de demandes - Nombre de jours : 61 à 120,Q36R2C1
Q8_2Row5Cell1,8,Section 8: Completion time of consultations on Cabinet confidences,Section 8 : Délais de traitement des demandes de consultation sur les documents confidentiels du Cabinet,8.2,8.2 Requests with Privy Council Office,8.2 Demandes auprès du Bureau du Conseil privé,Requests with Privy Council Office - Fewer Than 100 Pages Processed - Number of requests for 121 to 180 days,Demandes auprès du Bureau du Conseil privé - Moins de 100 pages traitées : Nombre de demandes - Nombre de jours : 121 à 180,Q36R3C1
Q8_2Row6Cell1,8,Section 8: Completion time of consultations on Cabinet confidences,Section 8 : Délais de traitement des demandes de consultation sur les documents confidentiels du Cabinet,8.2,8.2 Requests with Privy Council Office,8.2 Demandes auprès du Bureau du Conseil privé,Requests with Privy Council Office - Fewer Than 100 Pages Processed - Number of requests for 181 to 365 days,Demandes auprès du Bureau du Conseil privé - Moins de 100 pages traitées : Nombre de demandes de 181 à 365 jours,Q36R4C1
Q8_2Row7Cell1,8,Section 8: Completion time of consultations on Cabinet confidences,Section 8 : Délais de traitement des demandes de consultation sur les documents confidentiels du Cabinet,8.2,8.2 Requests with Privy Council Office,8.2 Demandes auprès du Bureau du Conseil privé,Requests with Privy Council Office - Fewer Than 100 Pages Processed - Number of requests for more than 365 days,Demandes auprès du Bureau du Conseil privé - Moins de 100 pages traitées : Nombre de demandes - Nombre de jours : plus de 365,Q36R5C1
Q8_2Row8Cell1,8,Section 8: Completion time of consultations on Cabinet confidences,Section 8 : Délais de traitement des demandes de consultation sur les documents confidentiels du Cabinet,8.2,8.2 Requests with Privy Council Office,8.2 Demandes auprès du Bureau du Conseil privé,Requests with Privy Council Office - Total of fewer Than 100 Pages Processed - Number of requests,Demandes auprès du Bureau du Conseil privé - Total Moins de 100 pages traitées : Nombre de demandes,Q37R1C1
Q8_2Row1Cell2,8,Section 8: Completion time of consultations on Cabinet confidences,Section 8 : Délais de traitement des demandes de consultation sur les documents confidentiels du Cabinet,8.2,8.2 Requests with Privy Council Office,8.2 Demandes auprès du Bureau du Conseil privé,Requests with Privy Council Office - Fewer than 100 pages processed: Pages disclosed - Number of days: 1 to 15 days,Demandes auprès du Bureau du Conseil privé - Moins de 100 pages traitées : Pages communiquées - Nombre de jours : 1 à 15,Q37R2C1
Q8_2Row2Cell2,8,Section 8: Completion time of consultations on Cabinet confidences,Section 8 : Délais de traitement des demandes de consultation sur les documents confidentiels du Cabinet,8.2,8.2 Requests with Privy Council Office,8.2 Demandes auprès du Bureau du Conseil privé,Requests with Privy Council Office - Fewer than 100 pages processed: Pages disclosed - Number of days: 16 to 30 days,Demandes auprès du Bureau du Conseil privé - Moins de 100 pages traitées : Pages communiquées - Nombre de jours : 16 à 30,Q37R3C1
Q8_2Row3Cell2,8,Section 8: Completion time of consultations on Cabinet confidences,Section 8 : Délais de traitement des demandes de consultation sur les documents confidentiels du Cabinet,8.2,8.2 Requests with Privy Council Office,8.2 Demandes auprès du Bureau du Conseil privé,Requests with Privy Council Office - Fewer than 100 pages processed: Pages disclosed - Number of days: 31 to 60 days,Demandes auprès du Bureau du Conseil privé - Moins de 100 pages traitées : Pages communiquées - Nombre de jours : 31 à 60,Q37R4C1
Q8_2Row4Cell2,8,Section 8: Completion time of consultations on Cabinet confidences,Section 8 : Délais de traitement des demandes de consultation sur les documents confidentiels du Cabinet,8.2,8.2 Requests with Privy Council Office,8.2 Demandes auprès du Bureau du Conseil privé,Requests with Privy Council Office - Fewer than 100 pages processed: Pages disclosed - Number of days: 61 to 120 days,Demandes auprès du Bureau du Conseil privé - Moins de 100 pages traitées : Pages communiquées - Nombre de jours : 61 à 120,Q37R5C1
Q8_2Row5Cell2,8,Section 8: Completion time of consultations on Cabinet confidences,Section 8 : Délais de traitement des demandes de consultation sur les documents confidentiels du Cabinet,8.2,8.2 Requests with Privy Council Office,8.2 Demandes auprès du Bureau du Conseil privé,Requests with Privy Council Office - Fewer than 100 pages processed: Pages disclosed - Number of days: 121 to 180 days,Demandes auprès du Bureau du Conseil privé - Moins de 100 pages traitées : Pages communiquées - Nombre de jours : 121 à 180,
Q8_2Row6Cell2,8,Section 8: Completion time of consultations on Cabinet confidences,Section 8 : Délais de traitement des demandes de consultation sur les documents confidentiels du Cabinet,8.2,8.2 Requests with Privy Council Office,8.2 Demandes auprès du Bureau du Conseil privé,Requests with Privy Council Office - Fewer than 100 pages processed: Pages disclosed - Number of days: 181 to 365 days,Demandes auprès du Bureau du Conseil privé - Moins de 100 pages traitées : Pages communiquées de 181 à 365 jours,
Q8_2Row7Cell2,8,Section 8: Completion time of consultations on Cabinet confidences,Section 8 : Délais de traitement des demandes de consultation sur les documents confidentiels du Cabinet,8.2,8.2 Requests with Privy Council Office,8.2 Demandes auprès du Bureau du Conseil privé,Requests with Privy Council Office - Fewer than 100 pages processed: Pages disclosed - Number of days: more than 365 days,Demandes auprès du Bureau du Conseil privé - Moins de 100 pages traitées : Pages communiquées - Nombre de jours : plus de 365,
Q8_2Row8Cell2,8,Section 8: Completion time of consultations on Cabinet confidences,Section 8 : Délais de traitement des demandes de consultation sur les documents confidentiels du Cabinet,8.2,8.2 Requests with Privy Council Office,8.2 Demandes auprès du Bureau du Conseil privé,Requests with Privy Council Office - Total of fewer Than 100 Pages Processed - Pages disclosed,Demandes auprès du Bureau du Conseil privé - Total Moins de 100 pages traitées : Pages communiquées,
Q8_2Row1Cell3,8,Section 8: Completion time of consultations on Cabinet confidences,Section 8 : Délais de traitement des demandes de consultation sur les documents confidentiels du Cabinet,8.2,8.2 Requests with Privy Council Office,8.2 Demandes auprès du Bureau du Conseil privé,Requests with Privy Council Office - 100-500 pages processed: Number of requests - Number of days: 1 to 15 days,Demandes auprès du Bureau du Conseil privé - De 100 à 500 pages traitées : Nombre de demandes - Nombre de jours : 1 à 15,
Q8_2Row2Cell3,8,Section 8: Completion time of consultations on Cabinet confidences,Section 8 : Délais de traitement des demandes de consultation sur les documents confidentiels du Cabinet,8.2,8.2 Requests with Privy Council Office,8.2 Demandes auprès du Bureau du Conseil privé,Requests with Privy Council Office - 100-500 pages processed: Number of requests - Number of days: 16 to 30 days,Demandes auprès du Bureau du Conseil privé - De 100 à 500 pages traitées : Nombre de demandes - Nombre de jours : 16 à 30,
Q8_2Row3Cell3,8,Section 8: Completion time of consultations on Cabinet confidences,Section 8 : Délais de traitement des demandes de consultation sur les documents confidentiels du Cabinet,8.2,8.2 Requests with Privy Council Office,8.2 Demandes auprès du Bureau du Conseil privé,Requests with Privy Council Office - 100-500 pages processed: Number of requests - Number of days: 31 to 60 days,Demandes auprès du Bureau du Conseil privé - De 100 à 500 pages traitées : Nombre de demandes - Nombre de jours : 31 à 60,
Q8_2Row4Cell3,8,Section 8: Completion time of consultations on Cabinet confidences,Section 8 : Délais de traitement des demandes de consultation sur les documents confidentiels du Cabinet,8.2,8.2 Requests with Privy Council Office,8.2 Demandes auprès du Bureau du Conseil privé,Requests with Privy Council Office - 100-500 pages processed: Number of requests - Number of days: 61 to 120 days,Demandes auprès du Bureau du Conseil privé - De 100 à 500 pages traitées : Nombre de demandes - Nombre de jours : 61 à 120,
Q8_2Row5Cell3,8,Section 8: Completion time of consultations on Cabinet confidences,Section 8 : Délais de traitement des demandes de consultation sur les documents confidentiels du Cabinet,8.2,8.2 Requests with Privy Council Office,8.2 Demandes auprès du Bureau du Conseil privé,Requests with Privy Council Office - 100-500 pages processed: Number of requests - Number of days: 121 to 180 days,Demandes auprès du Bureau du Conseil privé - De 100 à 500 pages traitées : Nombre de demandes - Nombre de jours : 121 à 180,
Q8_2Row6Cell3,8,Section 8: Completion time of consultations on Cabinet confidences,Section 8 : Délais de traitement des demandes de consultation sur les documents confidentiels du Cabinet,8.2,8.2 Requests with Privy Council Office,8.2 Demandes auprès du Bureau du Conseil privé,Requests with Privy Council Office - 100-500 pages processed: Number of requests - Number of days: 181 to 365 days,Demandes auprès du Bureau du Conseil privé - De 100 à 500 pages traitées : Nombre de demandes de 181 à 365 jours,
Q8_2Row7Cell3,8,Section 8: Completion time of consultations on Cabinet confidences,Section 8 : Délais de traitement des demandes de consultation sur les documents confidentiels du Cabinet,8.2,8.2 Requests with Privy Council Office,8.2 Demandes auprès du Bureau du Conseil privé,Requests with Privy Council Office - 100-500 pages processed: Number of requests - Number of days: more than 365 days,Demandes auprès du Bureau du Conseil privé - De 100 à 500 pages traitées : Nombre de demandes - Nombre de jours : plus de 365,
Q8_2Row8Cell3,8,Section 8: Completion time of consultations on Cabinet confidences,Section 8 : Délais de traitement des demandes de consultation sur les documents confidentiels du Cabinet,8.2,8.2 Requests with Privy Council Office,8.2 Demandes auprès du Bureau du Conseil privé,Requests with Privy Council Office - Total of 100-500 pages processed - Number of requests,Demandes auprès du Bureau du Conseil privé - Total De 100 à 500 pages traitées : Nombre de demandes,
Q8_2Row1Cell4,8,Section 8: Completion time of consultations on Cabinet confidences,Section 8 : Délais de traitement des demandes de consultation sur les documents confidentiels du Cabinet,8.2,8.2 Requests with Privy Council Office,8.2 Demandes auprès du Bureau du Conseil privé,Requests with Privy Council Office - 100-500 pages processed: Pages disclosed - Number of days: 1 to 15 days,Demandes auprès du Bureau du Conseil privé - De 100 à 500 pages traitées : Pages communiquées - Nombre de jours : 1 à 15,
Q8_2Row2Cell4,8,Section 8: Completion time of consultations on Cabinet confidences,Section 8 : Délais de traitement des demandes de consultation sur les documents confidentiels du Cabinet,8.2,8.2 Requests with Privy Council Office,8.2 Demandes auprès du Bureau du Conseil privé,Requests with Privy Council Office - 100-500 pages processed: Pages disclosed - Number of days: 16 to 30 days,Demandes auprès du Bureau du Conseil privé - De 100 à 500 pages traitées : Pages communiquées - Nombre de jours : 16 à 30,
Q8_2Row3Cell4,8,Section 8: Completion time of consultations on Cabinet confidences,Section 8 : Délais de traitement des demandes de consultation sur les documents confidentiels du Cabinet,8.2,8.2 Requests with Privy Council Office,8.2 Demandes auprès du Bureau du Conseil privé,Requests with Privy Council Office - 100-500 pages processed: Pages disclosed - Number of days: 31 to 60 days,Demandes auprès du Bureau du Conseil privé - De 100 à 500 pages traitées : Pages communiquées - Nombre de jours : 31 à 60,
Q8_2Row4Cell4,8,Section 8: Completion time of consultations on Cabinet confidences,Section 8 : Délais de traitement des demandes de consultation sur les documents confidentiels du Cabinet,8.2,8.2 Requests with Privy Council Office,8.2 Demandes auprès du Bureau du Conseil privé,Requests with Privy Council Office - 100-500 pages processed: Pages disclosed - Number of days: 61 to 120 days,Demandes auprès du Bureau du Conseil privé - De 100 à 500 pages traitées : Pages communiquées - Nombre de jours : 61 à 120,
Q8_2Row5Cell4,8,Section 8: Completion time of consultations on Cabinet confidences,Section 8 : Délais de traitement des demandes de consultation sur les documents confidentiels du Cabinet,8.2,8.2 Requests with Privy Council Office,8.2 Demandes auprès du Bureau du Conseil privé,Requests with Privy Council Office - 100-500 pages processed: Pages disclosed - Number of days: 121 to 180 days,Demandes auprès du Bureau du Conseil privé - De 100 à 500 pages traitées : Pages communiquées - Nombre de jours : 121 à 180,
Q8_2Row6Cell4,8,Section 8: Completion time of consultations on Cabinet confidences,Section 8 : Délais de traitement des demandes de consultation sur les documents confidentiels du Cabinet,8.2,8.2 Requests with Privy Council Office,8.2 Demandes auprès du Bureau du Conseil privé,Requests with Privy Council Office - 100-500 pages processed: Pages disclosed - Number of days: 181 to 365 days,Demandes auprès du Bureau du Conseil privé - De 100 à 500 pages traitées : Pages communiquées de 181 à 365 jours,
Q8_2Row7Cell4,8,Section 8: Completion time of consultations on Cabinet confidences,Section 8 : Délais de traitement des demandes de consultation sur les documents confidentiels du Cabinet,8.2,8.2 Requests with Privy Council Office,8.2 Demandes auprès du Bureau du Conseil privé,Requests with Privy Council Office - 100-500 pages processed: Pages disclosed - Number of days: more than 365 days,Demandes auprès du Bureau du Conseil privé - De 100 à 500 pages traitées : Pages communiquées - Nombre de jours : plus de 365,
Q8_2Row8Cell4,8,Section 8: Completion time of consultations on Cabinet confidences,Section 8 : Délais de traitement des demandes de consultation sur les documents confidentiels du Cabinet,8.2,8.2 Requests with Privy Council Office,8.2 Demandes auprès du Bureau du Conseil privé,Requests with Privy Council Office - Total of 100-500 pages processed - Pages disclosed,Demandes auprès du Bureau du Conseil privé - Total De 100 à 500 pages traitées : Pages communiquées,
Q8_2Row1Cell5,8,Section 8: Completion time of consultations on Cabinet confidences,Section 8 : Délais de traitement des demandes de consultation sur les documents confidentiels du Cabinet,8.2,8.2 Requests with Privy Council Office,8.2 Demandes auprès du Bureau du Conseil privé,Requests with Privy Council Office - 501-1000 pages processed: Number of requests - Number of days: 1 to 15 days,Demandes auprès du Bureau du Conseil privé - De 501 à 1 000 pages traitées : Nombre de demandes - Nombre de jours : 1 à 15,
Q8_2Row2Cell5,8,Section 8: Completion time of consultations on Cabinet confidences,Section 8 : Délais de traitement des demandes de consultation sur les documents confidentiels du Cabinet,8.2,8.2 Requests with Privy Council Office,8.2 Demandes auprès du Bureau du Conseil privé,Requests with Privy Council Office - 501-1000 pages processed: Number of requests - Number of days: 16 to 30 days,Demandes auprès du Bureau du Conseil privé - De 501 à 1 000 pages traitées : Nombre de demandes - Nombre de jours : 16 à 30,
Q8_2Row3Cell5,8,Section 8: Completion time of consultations on Cabinet confidences,Section 8 : Délais de traitement des demandes de consultation sur les documents confidentiels du Cabinet,8.2,8.2 Requests with Privy Council Office,8.2 Demandes auprès du Bureau du Conseil privé,Requests with Privy Council Office - 501-1000 pages processed: Number of requests - Number of days: 31 to 60 days,Demandes auprès du Bureau du Conseil privé - De 501 à 1 000 pages traitées : Nombre de demandes - Nombre de jours : 31 à 60,
Q8_2Row4Cell5,8,Section 8: Completion time of consultations on Cabinet confidences,Section 8 : Délais de traitement des demandes de consultation sur les documents confidentiels du Cabinet,8.2,8.2 Requests with Privy Council Office,8.2 Demandes auprès du Bureau du Conseil privé,Requests with Privy Council Office - 501-1000 pages processed: Number of requests - Number of days: 61 to 120 days,Demandes auprès du Bureau du Conseil privé - De 501 à 1 000 pages traitées : Nombre de demandes - Nombre de jours : 61 à 120,
Q8_2Row5Cell5,8,Section 8: Completion time of consultations on Cabinet confidences,Section 8 : Délais de traitement des demandes de consultation sur les documents confidentiels du Cabinet,8.2,8.2 Requests with Privy Council Office,8.2 Demandes auprès du Bureau du Conseil privé,Requests with Privy Council Office - 501-1000 pages processed: Number of requests - Number of days: 121 to 180 days,Demandes auprès du Bureau du Conseil privé - De 501 à 1 000 pages traitées : Nombre de demandes - Nombre de jours : 121 à 180,
Q8_2Row6Cell5,8,Section 8: Completion time of consultations on Cabinet confidences,Section 8 : Délais de traitement des demandes de consultation sur les documents confidentiels du Cabinet,8.2,8.2 Requests with Privy Council Office,8.2 Demandes auprès du Bureau du Conseil privé,Requests with Privy Council Office - 501-1000 pages processed: Number of requests - Number of days: 181 to 365 days,Demandes auprès du Bureau du Conseil privé - De 501 à 1 000 pages traitées : Nombre de demandes de 181 à 365 jours,
Q8_2Row7Cell5,8,Section 8: Completion time of consultations on Cabinet confidences,Section 8 : Délais de traitement des demandes de consultation sur les documents confidentiels du Cabinet,8.2,8.2 Requests with Privy Council Office,8.2 Demandes auprès du Bureau du Conseil privé,Requests with Privy Council Office - 501-1000 pages processed: Number of requests - Number of days: more than 365 days,Demandes auprès du Bureau du Conseil privé - De 501 à 1 000 pages traitées : Nombre de demandes - Nombre de jours : plus de 365,
Q8_2Row8Cell5,8,Section 8: Completion time of consultations on Cabinet confidences,Section 8 : Délais de traitement des demandes de consultation sur les documents confidentiels du Cabinet,8.2,8.2 Requests with Privy Council Office,8.2 Demandes auprès du Bureau du Conseil privé,Requests with Privy Council Office - Total of 501-1000 pages processed - Number of requests,Demandes auprès du Bureau du Conseil privé - Total De 501 à 1 000 pages traitées : Nombre de demandes,
Q8_2Row1Cell6,8,Section 8: Completion time of consultations on Cabinet confidences,Section 8 : Délais de traitement des demandes de consultation sur les documents confidentiels du Cabinet,8.2,8.2 Requests with Privy Council Office,8.2 Demandes auprès du Bureau du Conseil privé,Requests with Privy Council Office - 501-1000 pages processed: Pages disclosed - Number of days: 1 to 15 days,Demandes auprès du Bureau du Conseil privé - De 501 à 1 000 pages traitées : Pages communiquées - Nombre de jours : 1 à 15,
Q8_2Row2Cell6,8,Section 8: Completion time of consultations on Cabinet confidences,Section 8 : Délais de traitement des demandes de consultation sur les documents confidentiels du Cabinet,8.2,8.2 Requests with Privy Council Office,8.2 Demandes auprès du Bureau du Conseil privé,Requests with Privy Council Office - 501-1000 pages processed: Pages disclosed - Number of days: 16 to 30 days,Demandes auprès du Bureau du Conseil privé - De 501 à 1 000 pages traitées : Pages communiquées - Nombre de jours : 16 à 30,
Q8_2Row3Cell6,8,Section 8: Completion time of consultations on Cabinet confidences,Section 8 : Délais de traitement des demandes de consultation sur les documents confidentiels du Cabinet,8.2,8.2 Requests with Privy Council Office,8.2 Demandes auprès du Bureau du Conseil privé,Requests with Privy Council Office - 501-1000 pages processed: Pages disclosed - Number of days: 31 to 60 days,Demandes auprès du Bureau du Conseil privé - De 501 à 1 000 pages traitées : Pages communiquées - Nombre de jours : 31 à 60,
Q8_2Row4Cell6,8,Section 8: Completion time of consultations on Cabinet confidences,Section 8 : Délais de traitement des demandes de consultation sur les documents confidentiels du Cabinet,8.2,8.2 Requests with Privy Council Office,8.2 Demandes auprès du Bureau du Conseil privé,Requests with Privy Council Office - 501-1000 pages processed: Pages disclosed - Number of days: 61 to 120 days,Demandes auprès du Bureau du Conseil privé - De 501 à 1 000 pages traitées : Pages communiquées - Nombre de jours : 61 à 120,
Q8_2Row5Cell6,8,Section 8: Completion time of consultations on Cabinet confidences,Section 8 : Délais de traitement des demandes de consultation sur les documents confidentiels du Cabinet,8.2,8.2 Requests with Privy Council Office,8.2 Demandes auprès du Bureau du Conseil privé,Requests with Privy Council Office - 501-1000 pages processed: Pages disclosed - Number of days: 121 to 180 days,Demandes auprès du Bureau du Conseil privé - De 501 à 1 000 pages traitées : Pages communiquées - Nombre de jours : 121 à 180,
Q8_2Row6Cell6,8,Section 8: Completion time of consultations on Cabinet confidences,Section 8 : Délais de traitement des demandes de consultation sur les documents confidentiels du Cabinet,8.2,8.2 Requests with Privy Council Office,8.2 Demandes auprès du Bureau du Conseil privé,Requests with Privy Council Office - 501-1000 pages processed: Pages disclosed - Number of days: 181 to 365 days,Demandes auprès du Bureau du Conseil privé - De 501 à 1 000 pages traitées : Pages communiquées de 181 à 365 jours,
Q8_2Row7Cell6,8,Section 8: Completion time of consultations on Cabinet confidences,Section 8 : Délais de traitement des demandes de consultation sur les documents confidentiels du Cabinet,8.2,8.2 Requests with Privy Council Office,8.2 Demandes auprès du Bureau du Conseil privé,Requests with Privy Council Office - 501-1000 pages processed: Pages disclosed - Number of days: more than 365 days,Demandes auprès du Bureau du Conseil privé - De 501 à 1 000 pages traitées : Pages communiquées - Nombre de jours : plus de 365,
Q8_2Row8Cell6,8,Section 8: Completion time of consultations on Cabinet confidences,Section 8 : Délais de traitement des demandes de consultation sur les documents confidentiels du Cabinet,8.2,8.2 Requests with Privy Council Office,8.2 Demandes auprès du Bureau du Conseil privé,Requests with Privy Council Office - Total of 501-1000 pages processed - Pages disclosed,Demandes auprès du Bureau du Conseil privé - Total De 501 à 1 000 pages traitées : Pages communiquées,
Q8_2Row1Cell7,8,Section 8: Completion time of consultations on Cabinet confidences,Section 8 : Délais de traitement des demandes de consultation sur les documents confidentiels du Cabinet,8.2,8.2 Requests with Privy Council Office,8.2 Demandes auprès du Bureau du Conseil privé,Requests with Privy Council Office - 1001-5000 pages processed: Number of requests - Number of days: 1 to 15 days,Demandes auprès du Bureau du Conseil privé - De 1 001 à 5 000 pages traitées : Nombre de demandes - Nombre de jours : 1 à 15,
Q8_2Row2Cell7,8,Section 8: Completion time of consultations on Cabinet confidences,Section 8 : Délais de traitement des demandes de consultation sur les documents confidentiels du Cabinet,8.2,8.2 Requests with Privy Council Office,8.2 Demandes auprès du Bureau du Conseil privé,Requests with Privy Council Office - 1001-5000 pages processed: Number of requests - Number of days: 16 to 30 days,Demandes auprès du Bureau du Conseil privé - De 1 001 à 5 000 pages traitées : Nombre de demandes - Nombre de jours : 16 à 30,
Q8_2Row3Cell7,8,Section 8: Completion time of consultations on Cabinet confidences,Section 8 : Délais de traitement des demandes de consultation sur les documents confidentiels du Cabinet,8.2,8.2 Requests with Privy Council Office,8.2 Demandes auprès du Bureau du Conseil privé,Requests with Privy Council Office - 1001-5000 pages processed: Number of requests - Number of days: 31 to 60 days,Demandes auprès du Bureau du Conseil privé - De 1 001 à 5 000 pages traitées : Nombre de demandes - Nombre de jours : 31 à 60,
Q8_2Row4Cell7,8,Section 8: Completion time of consultations on Cabinet confidences,Section 8 : Délais de traitement des demandes de consultation sur les documents confidentiels du Cabinet,8.2,8.2 Requests with Privy Council Office,8.2 Demandes auprès du Bureau du Conseil privé,Requests with Privy Council Office - 1001-5000 pages processed: Number of requests - Number of days: 61 to 120 days,Demandes auprès du Bureau du Conseil privé - De 1 001 à 5 000 pages traitées : Nombre de demandes - Nombre de jours : 61 à 120,
Q8_2Row5Cell7,8,Section 8: Completion time of consultations on Cabinet confidences,Section 8 : Délais de traitement des demandes de consultation sur les documents confidentiels du Cabinet,8.2,8.2 Requests with Privy Council Office,8.2 Demandes auprès du Bureau du Conseil privé,Requests with Privy Council Office - 1001-5000 pages processed: Number of requests - Number of days: 121 to 180 days,Demandes auprès du Bureau du Conseil privé - De 1 001 à 5 000 pages traitées : Nombre de demandes - Nombre de jours : 121 à 180,
Q8_2Row6Cell7,8,Section 8: Completion time of consultations on Cabinet confidences,Section 8 : Délais de traitement des demandes de consultation sur les documents confidentiels du Cabinet,8.2,8.2 Requests with Privy Council Office,8.2 Demandes auprès du Bureau du Conseil privé,Requests with Privy Council Office - 1001-5000 pages processed: Number of requests - Number of days: 181 to 365 days,Demandes auprès du Bureau du Conseil privé - De 1 001 à 5 000 pages traitées : Nombre de demandes de 181 à 365 jours,
Q8_2Row7Cell7,8,Section 8: Completion time of consultations on Cabinet confidences,Section 8 : Délais de traitement des demandes de consultation sur les documents confidentiels du Cabinet,8.2,8.2 Requests with Privy Council Office,8.2 Demandes auprès du Bureau du Conseil privé,Requests with Privy Council Office - 1001-5000 pages processed: Number of requests - Number of days: more than 365 days,Demandes auprès du Bureau du Conseil privé - De 1 001 à 5 000 pages traitées : Nombre de demandes - Nombre de jours : plus de 365,
Q8_2Row8Cell7,8,Section 8: Completion time of consultations on Cabinet confidences,Section 8 : Délais de traitement des demandes de consultation sur les documents confidentiels du Cabinet,8.2,8.2 Requests with Privy Council Office,8.2 Demandes auprès du Bureau du Conseil privé,Requests with Privy Council Office - Total of 1001-5000 pages processed - Number of requests,Demandes auprès du Bureau du Conseil privé - Total De 1 001 à 5 000 pages traitées : Nombre de demandes,
Q8_2Row1Cell8,8,Section 8: Completion time of consultations on Cabinet confidences,Section 8 : Délais de traitement des demandes de consultation sur les documents confidentiels du Cabinet,8.2,8.2 Requests with Privy Council Office,8.2 Demandes auprès du Bureau du Conseil privé,Requests with Privy Council Office - 1001-5000 pages processed: Pages disclosed - Number of days: 1 to 15 days,Demandes auprès du Bureau du Conseil privé - De 1 001 à 5 000 pages traitées : Pages communiquées - Nombre de jours : 1 à 15,
Q8_2Row2Cell8,8,Section 8: Completion time of consultations on Cabinet confidences,Section 8 : Délais de traitement des demandes de consultation sur les documents confidentiels du Cabinet,8.2,8.2 Requests with Privy Council Office,8.2 Demandes auprès du Bureau du Conseil privé,Requests with Privy Council Office - 1001-5000 pages processed: Pages disclosed - Number of days: 16 to 30 days,Demandes auprès du Bureau du Conseil privé - De 1 001 à 5 000 pages traitées : Pages communiquées - Nombre de jours : 16 à 30,
Q8_2Row3Cell8,8,Section 8: Completion time of consultations on Cabinet confidences,Section 8 : Délais de traitement des demandes de consultation sur les documents confidentiels du Cabinet,8.2,8.2 Requests with Privy Council Office,8.2 Demandes auprès du Bureau du Conseil privé,Requests with Privy Council Office - 1001-5000 pages processed: Pages disclosed - Number of days: 31 to 60 days,Demandes auprès du Bureau du Conseil privé - De 1 001 à 5 000 pages traitées : Pages communiquées - Nombre de jours : 31 à 60,
Q8_2Row4Cell8,8,Section 8: Completion time of consultations on Cabinet confidences,Section 8 : Délais de traitement des demandes de consultation sur les documents confidentiels du Cabinet,8.2,8.2 Requests with Privy Council Office,8.2 Demandes auprès du Bureau du Conseil privé,Requests with Privy Council Office - 1001-5000 pages processed: Pages disclosed - Number of days: 61 to 120 days,Demandes auprès du Bureau du Conseil privé - De 1 001 à 5 000 pages traitées : Pages communiquées - Nombre de jours : 61 à 120,
Q8_2Row5Cell8,8,Section 8: Completion time of consultations on Cabinet confidences,Section 8 : Délais de traitement des demandes de consultation sur les documents confidentiels du Cabinet,8.2,8.2 Requests with Privy Council Office,8.2 Demandes auprès du Bureau du Conseil privé,Requests with Privy Council Office - 1001-5000 pages processed: Pages disclosed - Number of days: 121 to 180 days,Demandes auprès du Bureau du Conseil privé - De 1 001 à 5 000 pages traitées : Pages communiquées - Nombre de jours : 121 à 180,
Q8_2Row6Cell8,8,Section 8: Completion time of consultations on Cabinet confidences,Section 8 : Délais de traitement des demandes de consultation sur les documents confidentiels du Cabinet,8.2,8.2 Requests with Privy Council Office,8.2 Demandes auprès du Bureau du Conseil privé,Requests with Privy Council Office - 1001-5000 pages processed: Pages disclosed - Number of days: 181 to 365 days,Demandes auprès du Bureau du Conseil privé - De 1 001 à 5 000 pages traitées : Pages communiquées de 181 à 365 jours,
Q8_2Row7Cell8,8,Section 8: Completion time of consultations on Cabinet confidences,Section 8 : Délais de traitement des demandes de consultation sur les documents confidentiels du Cabinet,8.2,8.2 Requests with Privy Council Office,8.2 Demandes auprès du Bureau du Conseil privé,Requests with Privy Council Office - 1001-5000 pages processed: Pages disclosed - Number of days: more than 365 days,Demandes auprès du Bureau du Conseil privé - De 1 001 à 5 000 pages traitées : Pages communiquées - Nombre de jours : plus de 365,
Q8_2Row8Cell8,8,Section 8: Completion time of consultations on Cabinet confidences,Section 8 : Délais de traitement des demandes de consultation sur les documents confidentiels du Cabinet,8.2,8.2 Requests with Privy Council Office,8.2 Demandes auprès du Bureau du Conseil privé,Requests with Privy Council Office - Total of 1001-5000 pages processed - Pages disclosed,Demandes auprès du Bureau du Conseil privé - Total De 1 001 à 5 000 pages traitées : Pages communiquées,
Q8_2Row1Cell9,8,Section 8: Completion time of consultations on Cabinet confidences,Section 8 : Délais de traitement des demandes de consultation sur les documents confidentiels du Cabinet,8.2,8.2 Requests with Privy Council Office,8.2 Demandes auprès du Bureau du Conseil privé,Requests with Privy Council Office - More than 5000 pages processed: Number of requests - Number of days: 1 to 15 days,Demandes auprès du Bureau du Conseil privé - Plus de 5 000 pages traitées : Nombre de demandes - Nombre de jours : 1 à 15,
Q8_2Row2Cell9,8,Section 8: Completion time of consultations on Cabinet confidences,Section 8 : Délais de traitement des demandes de consultation sur les documents confidentiels du Cabinet,8.2,8.2 Requests with Privy Council Office,8.2 Demandes auprès du Bureau du Conseil privé,Requests with Privy Council Office - More than 5000 pages processed: Number of requests - Number of days: 16 to 30 days,Demandes auprès du Bureau du Conseil privé - Plus de 5 000 pages traitées : Nombre de demandes - Nombre de jours : 16 à 30,
Q8_2Row3Cell9,8,Section 8: Completion time of consultations on Cabinet confidences,Section 8 : Délais de traitement des demandes de consultation sur les documents confidentiels du Cabinet,8.2,8.2 Requests with Privy Council Office,8.2 Demandes auprès du Bureau du Conseil privé,Requests with Privy Council Office - More than 5000 pages processed: Number of requests - Number of days: 31 to 60 days,Demandes auprès du Bureau du Conseil privé - Plus de 5 000 pages traitées : Nombre de demandes - Nombre de jours : 31 à 60,
Q8_2Row4Cell9,8,Section 8: Completion time of consultations on Cabinet confidences,Section 8 : Délais de traitement des demandes de consultation sur les documents confidentiels du Cabinet,8.2,8.2 Requests with Privy Council Office,8.2 Demandes auprès du Bureau du Conseil privé,Requests with Privy Council Office - More than 5000 pages processed: Number of requests - Number of days: 61 to 120 days,Demandes auprès du Bureau du Conseil privé - Plus de 5 000 pages traitées : Nombre de demandes - Nombre de jours : 61 à 120,
Q8_2Row5Cell9,8,Section 8: Completion time of consultations on Cabinet confidences,Section 8 : Délais de traitement des demandes de consultation sur les documents confidentiels du Cabinet,8.2,8.2 Requests with Privy Council Office,8.2 Demandes auprès du Bureau du Conseil privé,Requests with Privy Council Office - More than 5000 pages processed: Number of requests - Number of days: 121 to 180 days,Demandes auprès du Bureau du Conseil privé - Plus de 5 000 pages traitées : Nombre de demandes - Nombre de jours : 121 à 180,
Q8_2Row6Cell9,8,Section 8: Completion time of consultations on Cabinet confidences,Section 8 : Délais de traitement des demandes de consultation sur les documents confidentiels du Cabinet,8.2,8.2 Requests with Privy Council Office,8.2 Demandes auprès du Bureau du Conseil privé,Requests with Privy Council Office - More than 5000 pages processed: Number of requests - Number of days: 181 to 365 days,Demandes auprès du Bureau du Conseil privé - Plus de 5 000 pages traitées : Nombre de demandes de 181 à 365 jours,
Q8_2Row7Cell9,8,Section 8: Completion time of consultations on Cabinet confidences,Section 8 : Délais de traitement des demandes de consultation sur les documents confidentiels du Cabinet,8.2,8.2 Requests with Privy Council Office,8.2 Demandes auprès du Bureau du Conseil privé,Requests with Privy Council Office - More than 5000 pages processed: Number of requests - Number of days: more than 365 days,Demandes auprès du Bureau du Conseil privé - Plus de 5 000 pages traitées : Nombre de demandes - Nombre de jours : plus de 365,
Q8_2Row8Cell9,8,Section 8: Completion time of consultations on Cabinet confidences,Section 8 : Délais de traitement des demandes de consultation sur les documents confidentiels du Cabinet,8.2,8.2 Requests with Privy Council Office,8.2 Demandes auprès du Bureau du Conseil privé,Requests with Privy Council Office - Total of More than 5000 pages processed - Number of requests,Demandes auprès du Bureau du Conseil privé - Total Plus de 5 000 pages traitées : Nombre de demandes,
Q8_2Row1Cell10,8,Section 8: Completion time of consultations on Cabinet confidences,Section 8 : Délais de traitement des demandes de consultation sur les documents confidentiels du Cabinet,8.2,8.2 Requests with Privy Council Office,8.2 Demandes auprès du Bureau du Conseil privé,Requests with Privy Council Office - More than 5000 pages processed: Pages disclosed - Number of days: 1 to 15 days,Demandes auprès du Bureau du Conseil privé - Plus de 5 000 pages traitées : Pages communiquées - Nombre de jours : 1 à 15,
Q8_2Row2Cell10,8,Section 8: Completion time of consultations on Cabinet confidences,Section 8 : Délais de traitement des demandes de consultation sur les documents confidentiels du Cabinet,8.2,8.2 Requests with Privy Council Office,8.2 Demandes auprès du Bureau du Conseil privé,Requests with Privy Council Office - More than 5000 pages processed: Pages disclosed - Number of days: 16 to 30 days,Demandes auprès du Bureau du Conseil privé - Plus de 5 000 pages traitées : Pages communiquées - Nombre de jours : 16 à 30,
Q8_2Row3Cell10,8,Section 8: Completion time of consultations on Cabinet confidences,Section 8 : Délais de traitement des demandes de consultation sur les documents confidentiels du Cabinet,8.2,8.2 Requests with Privy Council Office,8.2 Demandes auprès du Bureau du Conseil privé,Requests with Privy Council Office - More than 5000 pages processed: Pages disclosed - Number of days: 31 to 60 days,Demandes auprès du Bureau du Conseil privé - Plus de 5 000 pages traitées : Pages communiquées - Nombre de jours : 31 à 60,
Q8_2Row4Cell10,8,Section 8: Completion time of consultations on Cabinet confidences,Section 8 : Délais de traitement des demandes de consultation sur les documents confidentiels du Cabinet,8.2,8.2 Requests with Privy Council Office,8.2 Demandes auprès du Bureau du Conseil privé,Requests with Privy Council Office - More than 5000 pages processed: Pages disclosed - Number of days: 61 to 120 days,Demandes auprès du Bureau du Conseil privé - Plus de 5 000 pages traitées : Pages communiquées - Nombre de jours : 61 à 120,
Q8_2Row5Cell10,8,Section 8: Completion time of consultations on Cabinet confidences,Section 8 : Délais de traitement des demandes de consultation sur les documents confidentiels du Cabinet,8.2,8.2 Requests with Privy Council Office,8.2 Demandes auprès du Bureau du Conseil privé,Requests with Privy Council Office - More than 5000 pages processed: Pages disclosed - Number of days: 121 to 180 days,Demandes auprès du Bureau du Conseil privé - Plus de 5 000 pages traitées : Pages communiquées - Nombre de jours : 121 à 180,
Q8_2Row6Cell10,8,Section 8: Completion time of consultations on Cabinet confidences,Section 8 : Délais de traitement des demandes de consultation sur les documents confidentiels du Cabinet,8.2,8.2 Requests with Privy Council Office,8.2 Demandes auprès du Bureau du Conseil privé,Requests with Privy Council Office - More than 5000 pages processed: Pages disclosed - Number of days: 181 to 365 days,Demandes auprès du Bureau du Conseil privé - Plus de 5 000 pages traitées : Pages communiquées de 181 à 365 jours,
Q8_2Row7Cell10,8,Section 8: Completion time of consultations on Cabinet confidences,Section 8 : Délais de traitement des demandes de consultation sur les documents confidentiels du Cabinet,8.2,8.2 Requests with Privy Council Office,8.2 Demandes auprès du Bureau du Conseil privé,Requests with Privy Council Office - More than 5000 pages processed: Pages disclosed - Number of days: more than 365 days,Demandes auprès du Bureau du Conseil privé - Plus de 5 000 pages traitées : Pages communiquées - Nombre de jours : plus de 365,
Q8_2Row8Cell10,8,Section 8: Completion time of consultations on Cabinet confidences,Section 8 : Délais de traitement des demandes de consultation sur les documents confidentiels du Cabinet,8.2,8.2 Requests with Privy Council Office,8.2 Demandes auprès du Bureau du Conseil privé,Requests with Privy Council Office - Total of More than 5000 pages processed - Pages disclosed,Demandes auprès du Bureau du Conseil privé - Total Plus de 5 000 pages traitées : Pages communiquées,
Q9Row1Cell1,9,Section 9: Complaints and investigations notices received,Section 9 : Avis de plaintes et d’enquêtes reçus,,N/A,N/A,Complaints and Investigations Notices Received - Section 31,Avis de plaintes et d’enquêtes reçus - Article 31,
Q9Row1Cell2,9,Section 9: Complaints and investigations notices received,Section 9 : Avis de plaintes et d’enquêtes reçus,,N/A,N/A,Complaints and Investigations Notices Received - Section 33,Avis de plaintes et d’enquêtes reçus - Article 33,
Q9Row1Cell3,9,Section 9: Complaints and investigations notices received,Section 9 : Avis de plaintes et d’enquêtes reçus,,N/A,N/A,Complaints and Investigations Notices Received- Section 35,Avis de plaintes et d’enquêtes reçus - Article 35,
Q9Row1Cell4,9,Section 9: Complaints and investigations notices received,Section 9 : Avis de plaintes et d’enquêtes reçus,,N/A,N/A,Complaints and Investigations Notices Received - Court action,Avis de plaintes et d’enquêtes reçus - Recours judiciaire,
Q9Row1Cell5,9,Section 9: Complaints and investigations notices received,Section 9 : Avis de plaintes et d’enquêtes reçus,,N/A,N/A,Complaints and Investigations Notices Received - Total,Avis de plaintes et d’enquêtes reçus - Total,
Q10_1Row1Cell1,10,Section 10: Privacy Impact Assessments (PIAs) and Personal Information Banks (PIBs),Section 10 : Évaluations des facteurs relatifs à la vie privée (ÉFVP) et des Fichiers de renseignements personnels (FRP),10.1,10.1 Privacy Impact Assessments,10.1 Évaluations des facteurs relatifs à la vie privée,Privacy Impact Assessments (PIAs)- Number of PIAs completed,Évaluations des facteurs relatifs à la vie privée (ÉFVP) - Nombre d’ÉFVP terminées,
Q10_1Row2Cell1,10,Section 10: Privacy Impact Assessments (PIAs) and Personal Information Banks (PIBs),Section 10 : Évaluations des facteurs relatifs à la vie privée (ÉFVP) et des Fichiers de renseignements personnels (FRP),10.1,10.1 Privacy Impact Assessments,10.1 Évaluations des facteurs relatifs à la vie privée,Privacy Impact Assessments (PIAs)- Number of PIAs modified,Évaluations des facteurs relatifs à la vie privée (ÉFVP) - Nombre d’ÉFVP modifiées,
Q10_2Row1Cell1,10,Section 10: Privacy Impact Assessments (PIAs) and Personal Information Banks (PIBs),Section 10 : Évaluations des facteurs relatifs à la vie privée (ÉFVP) et des Fichiers de renseignements personnels (FRP),10.2,10.2 Institutions-specific and Central Personal Information Banks,10.2 Fichiers de renseignements personnels spécifiques à l’institution et centraux,Personal Information Banks - Institution-specific: Active,Fichiers de renseignements personnels - Spécifiques à l’institution: Actifs,
Q10_2Row2Cell1,10,Section 10: Privacy Impact Assessments (PIAs) and Personal Information Banks (PIBs),Section 10 : Évaluations des facteurs relatifs à la vie privée (ÉFVP) et des Fichiers de renseignements personnels (FRP),10.2,10.2 Institutions-specific and Central Personal Information Banks,10.2 Fichiers de renseignements personnels spécifiques à l’institution et centraux,Personal Information Banks - Central: Active,Fichiers de renseignements personnels - Centraux: Actifs,
Q10_2Row3Cell1,10,Section 10: Privacy Impact Assessments (PIAs) and Personal Information Banks (PIBs),Section 10 : Évaluations des facteurs relatifs à la vie privée (ÉFVP) et des Fichiers de renseignements personnels (FRP),10.2,10.2 Institutions-specific and Central Personal Information Banks,10.2 Fichiers de renseignements personnels spécifiques à l’institution et centraux,Personal Information Banks - Total: Active,Fichiers de renseignements personnels - Total: Actifs,
Q10_2Row1Cell2,10,Section 10: Privacy Impact Assessments (PIAs) and Personal Information Banks (PIBs),Section 10 : Évaluations des facteurs relatifs à la vie privée (ÉFVP) et des Fichiers de renseignements personnels (FRP),10.2,10.2 Institutions-specific and Central Personal Information Banks,10.2 Fichiers de renseignements personnels spécifiques à l’institution et centraux,Personal Information Banks - Institution-specific: Created,Fichiers de renseignements personnels - Spécifiques à l’institution: Créés,
Q10_2Row2Cell2,10,Section 10: Privacy Impact Assessments (PIAs) and Personal Information Banks (PIBs),Section 10 : Évaluations des facteurs relatifs à la vie privée (ÉFVP) et des Fichiers de renseignements personnels (FRP),10.2,10.2 Institutions-specific and Central Personal Information Banks,10.2 Fichiers de renseignements personnels spécifiques à l’institution et centraux,Personal Information Banks - Central: Created,Fichiers de renseignements personnels - Centraux: Créés,
Q10_2Row3Cell2,10,Section 10: Privacy Impact Assessments (PIAs) and Personal Information Banks (PIBs),Section 10 : Évaluations des facteurs relatifs à la vie privée (ÉFVP) et des Fichiers de renseignements personnels (FRP),10.2,10.2 Institutions-specific and Central Personal Information Banks,10.2 Fichiers de renseignements personnels spécifiques à l’institution et centraux,Personal Information Banks - Total: Created,Fichiers de renseignements personnels - Total: Créés,
Q10_2Row1Cell3,10,Section 10: Privacy Impact Assessments (PIAs) and Personal Information Banks (PIBs),Section 10 : Évaluations des facteurs relatifs à la vie privée (ÉFVP) et des Fichiers de renseignements personnels (FRP),10.2,10.2 Institutions-specific and Central Personal Information Banks,10.2 Fichiers de renseignements personnels spécifiques à l’institution et centraux,Personal Information Banks - Institution-specific: Terminated,Fichiers de renseignements personnels - Spécifiques à l’institution: Supprimés,
Q10_2Row2Cell3,10,Section 10: Privacy Impact Assessments (PIAs) and Personal Information Banks (PIBs),Section 10 : Évaluations des facteurs relatifs à la vie privée (ÉFVP) et des Fichiers de renseignements personnels (FRP),10.2,10.2 Institutions-specific and Central Personal Information Banks,10.2 Fichiers de renseignements personnels spécifiques à l’institution et centraux,Personal Information Banks - Central: Terminated,Fichiers de renseignements personnels - Centraux: Supprimés,
Q10_2Row3Cell3,10,Section 10: Privacy Impact Assessments (PIAs) and Personal Information Banks (PIBs),Section 10 : Évaluations des facteurs relatifs à la vie privée (ÉFVP) et des Fichiers de renseignements personnels (FRP),10.2,10.2 Institutions-specific and Central Personal Information Banks,10.2 Fichiers de renseignements personnels spécifiques à l’institution et centraux,Personal Information Banks - Total: Terminated,Fichiers de renseignements personnels - Total: Supprimés,
Q10_2Row1Cell4,10,Section 10: Privacy Impact Assessments (PIAs) and Personal Information Banks (PIBs),Section 10 : Évaluations des facteurs relatifs à la vie privée (ÉFVP) et des Fichiers de renseignements personnels (FRP),10.2,10.2 Institutions-specific and Central Personal Information Banks,10.2 Fichiers de renseignements personnels spécifiques à l’institution et centraux,Personal Information Banks - Institution-specific: Modified,Fichiers de renseignements personnels - Spécifiques à l’institution: Modifiés,
Q10_2Row2Cell4,10,Section 10: Privacy Impact Assessments (PIAs) and Personal Information Banks (PIBs),Section 10 : Évaluations des facteurs relatifs à la vie privée (ÉFVP) et des Fichiers de renseignements personnels (FRP),10.2,10.2 Institutions-specific and Central Personal Information Banks,10.2 Fichiers de renseignements personnels spécifiques à l’institution et centraux,Personal Information Banks - Central: Modified,Fichiers de renseignements personnels - Centraux: Modifiés,
Q10_2Row3Cell4,10,Section 10: Privacy Impact Assessments (PIAs) and Personal Information Banks (PIBs),Section 10 : Évaluations des facteurs relatifs à la vie privée (ÉFVP) et des Fichiers de renseignements personnels (FRP),10.2,10.2 Institutions-specific and Central Personal Information Banks,10.2 Fichiers de renseignements personnels spécifiques à l’institution et centraux,Personal Information Banks - Total: Modified,Fichiers de renseignements personnels - Total: Modifiés,
Q11_1Row1Cell1,11,Section 11: Privacy breaches,Section 11 : Atteintes à la vie privée,11.1,11.1 Material privacy breaches reported,11.1 Atteinte substantielles à la vie privée signalée,Number of material privacy breaches reported to TBS,Nombre d’atteintes substantielles à la vie privée signalées au SCT,
Q11_1Row2Cell1,11,Section 11: Privacy breaches,Section 11 : Atteintes à la vie privée,11.1,11.1 Material privacy breaches reported,11.1 Atteinte substantielles à la vie privée signalée,Number of material privacy breaches reported to OPC,Nombre d’atteintes substantielles à la vie privée signalées au CPVP,
Q11_2Row1Cell1,11,Section 11: Privacy breaches,Section 11 : Atteintes à la vie privée,11.2,11.2 Non-material privacy breaches,11.2 Atteintes à la vie privée signalée non-substantielles,Number of non-material privacy breaches,Nombre d’atteintes à la vie privée non-substantielles,
Q12_1Row1Cell1,12,Section 12: Resources related to thePrivacy Act,Section 12 : Ressources liées à laLoi sur la protection des renseignements personnels,12.1,12.1 Allocated costs,12.1 Coûts,Amount - Expenditures: Salaries,Montant - Dépenses : Salaires,
Q12_1Row2Cell1,12,Section 12: Resources related to thePrivacy Act,Section 12 : Ressources liées à laLoi sur la protection des renseignements personnels,12.1,12.1 Allocated costs,12.1 Coûts,Amount - Expenditures: Overtime,Montant - Dépenses : Heures supplémentaires,
Q12_1Row3Cell1,12,Section 12: Resources related to thePrivacy Act,Section 12 : Ressources liées à laLoi sur la protection des renseignements personnels,12.1,12.1 Allocated costs,12.1 Coûts,Amount - Expenditures: Goods and services,Montant - Dépenses : Biens et services,
Q12_1Row4Cell1,12,Section 12: Resources related to thePrivacy Act,Section 12 : Ressources liées à laLoi sur la protection des renseignements personnels,12.1,12.1 Allocated costs,12.1 Coûts,Amount - Expenditures: Professional services contracts,Montant - Dépenses : Contracts de services professionnels,
Q12_1Row5Cell1,12,Section 12: Resources related to thePrivacy Act,Section 12 : Ressources liées à laLoi sur la protection des renseignements personnels,12.1,12.1 Allocated costs,12.1 Coûts,Amount - Expenditures: Other,Montant - Dépenses : Autres,
Q12_1Row6Cell1,12,Section 12: Resources related to thePrivacy Act,Section 12 : Ressources liées à laLoi sur la protection des renseignements personnels,12.1,12.1 Allocated costs,12.1 Coûts,Amount - Expenditures: Total,Montant - Dépenses : Total,
Q12_2Row1Cell1,12,Section 12: Resources related to thePrivacy Act,Section 12 : Ressources liées à laLoi sur la protection des renseignements personnels,12.2,12.2 Human resources,12.2 Ressources humaines,Person Years Dedicated to Access to Information Activities - Resources: Full-time employees,Années-personnes consacrées aux activités liées à l’accès à l’information - Ressources - Employés à temps plein,
Q12_2Row2Cell1,12,Section 12: Resources related to thePrivacy Act,Section 12 : Ressources liées à laLoi sur la protection des renseignements personnels,12.2,12.2 Human resources,12.2 Ressources humaines,Person Years Dedicated to Access to Information Activities - Resources: Part-time and casual employees,Années-personnes consacrées aux activités liées à l’accès à l’information - Ressources - Employés à temps partiel et occasionnels,
Q12_2Row3Cell1,12,Section 12: Resources related to thePrivacy Act,Section 12 : Ressources liées à laLoi sur la protection des renseignements personnels,12.2,12.2 Human resources,12.2 Ressources humaines,Person Years Dedicated to Access to Information Activities - Resources: Regional staff,Années-personnes consacrées aux activités liées à l’accès à l’information - Ressources - Employés régionaux,
Q12_2Row4Cell1,12,Section 12: Resources related to thePrivacy Act,Section 12 : Ressources liées à laLoi sur la protection des renseignements personnels,12.2,12.2 Human resources,12.2 Ressources humaines,Person Years Dedicated to Access to Information Activities - Resources: Consultants and agency personnel,Années-personnes consacrées aux activités liées à l’accès à l’information - Ressources - Experts-conseils et personnel d’agenc,
Q12_2Row5Cell1,12,Section 12: Resources related to thePrivacy Act,Section 12 : Ressources liées à laLoi sur la protection des renseignements personnels,12.2,12.2 Human resources,12.2 Ressources humaines,Person Years Dedicated to Access to Information Activities - Resources: Students,Années-personnes consacrées aux activités liées à l’accès à l’information - Ressources - Étudiants,
Q12_2Row6Cell1,12,Section 12: Resources related to thePrivacy Act,Section 12 : Ressources liées à laLoi sur la protection des renseignements personnels,12.2,12.2 Human resources,12.2 Ressources humaines,Person Years Dedicated to Access to Information Activities - Resources: Total,Années-personnes consacrées aux activités liées à l’accès à l’information - Ressources - Total,
