id,section_number,section_name_en,section_name_fr,subsection_number,subsection_name_en,subsection_name_fr,title_en,title_fr,id_2025_26
NameOfInstitution,,General Information,Informations générales,,Identification,Identification,N/A,N/A,NameOfInstitution
ReportingPeriodStart,,Reporting period:,Période d’établissement de rapport :,,Start Date,Date de début,N/A,N/A,ReportingPeriodStart
ReportingPeriodEnd,,Reporting period:,Période d’établissement de rapport :,,End Date,Date de fin,N/A,N/A,ReportingPeriodEnd
Q1_1Row1Cell1,1,Section 1: Requests under theAccess to Information Act,Section 1 : Demandes en vertu de laLoi sur l’accès à l’information,1.1,1.1 Number of requests,1.1 Nombre de demandes,Requests under the Access to Information Act: Number of Requests - Received during reporting period,Demandes en vertu de la Loi sur l’accès à l’information : Nombre de demandes - Reçues pendant la période d’établissement de rapport,Q1R1C1
Q1_1Row2Cell1,1,Section 1: Requests under theAccess to Information Act,Section 1 : Demandes en vertu de laLoi sur l’accès à l’information,1.1,1.1 Number of requests,1.1 Nombre de demandes,Requests under the Access to Information Act: Number of Requests - Outstanding from previous reporting periods,Demandes en vertu de la Loi sur l’accès à l’information : Nombre de demandes - En suspens à la fin de la période d’établissement de rapport précédentes,Q1R2C1
Q1_1Row2aCell1,1,Section 1: Requests under theAccess to Information Act,Section 1 : Demandes en vertu de laLoi sur l’accès à l’information,1.1,1.1 Number of requests,1.1 Nombre de demandes,"Requests under the Access to Information Act: Number of Requests - Outstanding from previous reporting periods, Outstanding from previous reporting period","Demandes en vertu de la Loi sur l’accès à l’information : Nombre de demandes - En suspens à la fin de la période d’établissement de rapport précédentes, En suspens à la fin de la période d’établissement de rapport précédente",Q1R3C1
Q1_1Row2bCell1,1,Section 1: Requests under theAccess to Information Act,Section 1 : Demandes en vertu de laLoi sur l’accès à l’information,1.1,1.1 Number of requests,1.1 Nombre de demandes,"Requests under the Access to Information Act: Number of Requests - Outstanding from previous reporting periods, Outstanding from more than one reporting period","Demandes en vertu de la Loi sur l’accès à l’information : Nombre de demandes - En suspens à la fin de la période d’établissement de rapport précédentes, En suspens pour plus d’une période d’établissement de rapport",Q1R4C1
Q1_1Row3Cell1,1,Section 1: Requests under theAccess to Information Act,Section 1 : Demandes en vertu de laLoi sur l’accès à l’information,1.1,1.1 Number of requests,1.1 Nombre de demandes,Requests under the Access to Information Act: Number of Requests - Total,Demandes en vertu de la Loi sur l’accès à l’information : Nombre de demandes - Total,Q1R5C1
Q1_1Row4Cell1,1,Section 1: Requests under theAccess to Information Act,Section 1 : Demandes en vertu de laLoi sur l’accès à l’information,1.1,1.1 Number of requests,1.1 Nombre de demandes,Requests under the Access to Information Act: Number of Requests - Closed during reporting period,Demandes en vertu de la Loi sur l’accès à l’information : Nombre de demandes - Fermées pendant la période d’établissement de rapport,Q1R6C1
Q1_1Row5Cell1,1,Section 1: Requests under theAccess to Information Act,Section 1 : Demandes en vertu de laLoi sur l’accès à l’information,1.1,1.1 Number of requests,1.1 Nombre de demandes,Requests under the Access to Information Act: Number of Requests - Carried over to next reporting period,Demandes en vertu de la Loi sur l’accès à l’information : Nombre de demandes - Reportées à la prochaine période d’établissement de rapport,Q1R7C1
Q1_1Row5aCell1,1,Section 1: Requests under theAccess to Information Act,Section 1 : Demandes en vertu de laLoi sur l’accès à l’information,1.1,1.1 Number of requests,1.1 Nombre de demandes,"Requests under the Access to Information Act: Number of Requests - Carried over to next reporting period, Carried over within legislated timeline","Demandes en vertu de la Loi sur l’accès à l’information : Nombre de demandes - Reportées à la prochaine période d’établissement de rapport, Reportées à la prochaine période d’établissement de rapport dans les délais prévus par la Loi",Q1R8C1
Q1_1Row5bCell1,1,Section 1: Requests under theAccess to Information Act,Section 1 : Demandes en vertu de laLoi sur l’accès à l’information,1.1,1.1 Number of requests,1.1 Nombre de demandes,"Requests under the Access to Information Act: Number of Requests - Carried over to next reporting period, Carried over beyond legislated timeline","Demandes en vertu de la Loi sur l’accès à l’information : Nombre de demandes - Reportées à la prochaine période d’établissement de rapport, Reportées à la prochaine période d’établissement de rapport au-delà des délais prévus par la Loi",Q1R9C1
Q1_2Row1Cell1,1,Section 1: Requests under theAccess to Information Act,Section 1 : Demandes en vertu de laLoi sur l’accès à l’information,1.2,1.2 Sources of requests,1.2 Source des demandes,Number of Requests - Source: Media,Nombre de demandes - Source: Médias,Q2R1C1
Q1_2Row2Cell1,1,Section 1: Requests under theAccess to Information Act,Section 1 : Demandes en vertu de laLoi sur l’accès à l’information,1.2,1.2 Sources of requests,1.2 Source des demandes,Number of Requests - Source: Academia,Nombre de demandes - Source: Secteur universitaire ,Q2R2C1
Q1_2Row3Cell1,1,Section 1: Requests under theAccess to Information Act,Section 1 : Demandes en vertu de laLoi sur l’accès à l’information,1.2,1.2 Sources of requests,1.2 Source des demandes,Number of Requests - Source: Business (private sector),Nombre de demandes - Source: Secteur commercial (secteur privé,Q2R3C1
Q1_2Row4Cell1,1,Section 1: Requests under theAccess to Information Act,Section 1 : Demandes en vertu de laLoi sur l’accès à l’information,1.2,1.2 Sources of requests,1.2 Source des demandes,Number of Requests - Source: Organization,Nombre de demandes - Source: Organisation,Q2R4C1
Q1_2Row5Cell1,1,Section 1: Requests under theAccess to Information Act,Section 1 : Demandes en vertu de laLoi sur l’accès à l’information,1.2,1.2 Sources of requests,1.2 Source des demandes,Number of Requests - Source: Public,Nombre de demandes - Source: Public,Q2R5C1
Q1_2Row6Cell1,1,Section 1: Requests under theAccess to Information Act,Section 1 : Demandes en vertu de laLoi sur l’accès à l’information,1.2,1.2 Sources of requests,1.2 Source des demandes,Number of Requests - Source: Decline to identify,Nombre de demandes - Source: Refus de s’identifier,Q2R6C1
Q1_2Row7Cell1,1,Section 1: Requests under theAccess to Information Act,Section 1 : Demandes en vertu de laLoi sur l’accès à l’information,1.2,1.2 Sources of requests,1.2 Source des demandes,Number of Requests - Source: Total,Nombre de demandes - Source: Total,Q2R7C1
Q1_3Row1Cell1,1,Section 1: Requests under theAccess to Information Act,Section 1 : Demandes en vertu de laLoi sur l’accès à l’information,1.3,1.3 Channels of requests,1.3 Mode des demandes,Number of Requests - Source: Online,Nombre de demandes - Mode: En ligne,Q3R1C1
Q1_3Row2Cell1,1,Section 1: Requests under theAccess to Information Act,Section 1 : Demandes en vertu de laLoi sur l’accès à l’information,1.3,1.3 Channels of requests,1.3 Mode des demandes,Number of Requests - Source: E-mail,Nombre de demandes - Mode: Courriel,Q3R2C1
Q1_3Row3Cell1,1,Section 1: Requests under theAccess to Information Act,Section 1 : Demandes en vertu de laLoi sur l’accès à l’information,1.3,1.3 Channels of requests,1.3 Mode des demandes,Number of Requests - Source: Mail,Nombre de demandes - Mode: Poste,Q3R3C1
Q1_3Row4Cell1,1,Section 1: Requests under theAccess to Information Act,Section 1 : Demandes en vertu de laLoi sur l’accès à l’information,1.3,1.3 Channels of requests,1.3 Mode des demandes,Number of Requests - Source: In person,Nombre de demandes - Mode: En personne,Q3R4C1
Q1_3Row5Cell1,1,Section 1: Requests under theAccess to Information Act,Section 1 : Demandes en vertu de laLoi sur l’accès à l’information,1.3,1.3 Channels of requests,1.3 Mode des demandes,Number of Requests - Source: Phone,Nombre de demandes - Mode: Téléphone,Q3R5C1
Q1_3Row6Cell1,1,Section 1: Requests under theAccess to Information Act,Section 1 : Demandes en vertu de laLoi sur l’accès à l’information,1.3,1.3 Channels of requests,1.3 Mode des demandes,Number of Requests - Source: Fax,Nombre de demandes - Mode: Télécopieur,Q3R6C1
Q1_3Row7Cell1,1,Section 1: Requests under theAccess to Information Act,Section 1 : Demandes en vertu de laLoi sur l’accès à l’information,1.3,1.3 Channels of requests,1.3 Mode des demandes,Number of Requests - Source: Total,Nombre de demandes - Mode: Total,Q3R7C1
Q2_1Row1Cell1,2,Section 2 : Informal requests,Section 2 : Demandes informelles,2.1,2.1 Number of informal requests,2.1 Nombre de demandes informelles,Requests under the Access to Information Act: Number of informal requests - Received during reporting period,Demandes en vertu de la Loi sur l’accès à l’information : Nombre de demandes informelles - Reçues pendant la période d’établissement de rapport,Q4R1C1
Q2_1Row2Cell1,2,Section 2 : Informal requests,Section 2 : Demandes informelles,2.1,2.1 Number of informal requests,2.1 Nombre de demandes informelles,Requests under the Access to Information Act: Number of informal requests - Outstanding from previous reporting periods,Demandes en vertu de la Loi sur l’accès à l’information : Nombre de demandes informelles - En suspens à la fin de la période d’établissement de rapport précédentes,Q4R2C1
Q2_1Row2aCell1,2,Section 2 : Informal requests,Section 2 : Demandes informelles,2.1,2.1 Number of informal requests,2.1 Nombre de demandes informelles,"Requests under the Access to Information Act: Number of informal requests - Outstanding from previous reporting periods, Outstanding from previous reporting period","Demandes en vertu de la Loi sur l’accès à l’information : Nombre de demandes informelles - En suspens à la fin de la période d’établissement de rapport précédentes, En suspens à la fin de la période d’établissement de rapport précédente",Q4R3C1
Q2_1Row2bCell1,2,Section 2 : Informal requests,Section 2 : Demandes informelles,2.1,2.1 Number of informal requests,2.1 Nombre de demandes informelles,"Requests under the Access to Information Act: Number of informal requests - Outstanding from previous reporting periods, Outstanding from more than one reporting period","Demandes en vertu de la Loi sur l’accès à l’information : Nombre de demandes informelles - En suspens à la fin de la période d’établissement de rapport précédentes, En suspens pour plus d’une période d’établissement de rapport",Q4R4C1
Q2_1Row3Cell1,2,Section 2 : Informal requests,Section 2 : Demandes informelles,2.1,2.1 Number of informal requests,2.1 Nombre de demandes informelles,Requests under the Access to Information Act: Number of informal requests - Total,Demandes en vertu de la Loi sur l’accès à l’information : Nombre de demandes informelles - Total,Q4R5C1
Q2_1Row4Cell1,2,Section 2 : Informal requests,Section 2 : Demandes informelles,2.1,2.1 Number of informal requests,2.1 Nombre de demandes informelles,Requests under the Access to Information Act: Number of informal requests - Closed during reporting period,Demandes en vertu de la Loi sur l’accès à l’information : Nombre de demandes informelles - Fermées pendant la période d’établissement de rapport,Q4R6C1
Q2_1Row5Cell1,2,Section 2 : Informal requests,Section 2 : Demandes informelles,2.1,2.1 Number of informal requests,2.1 Nombre de demandes informelles,Requests under the Access to Information Act: Number of informal requests - Carried over to next reporting period,Demandes en vertu de la Loi sur l’accès à l’information : Nombre de demandes informelles - Reportées à la prochaine période d’établissement de rapport,Q4R7C1
Q2_2Row1Cell1,2,Section 2 : Informal requests,Section 2 : Demandes informelles,2.2,2.2 Channels of informal requests,2.2 Mode des demandes informelles,Number of Informal Requests - Source: Online,Nombre de demandes informelles - Mode: En ligne,Q5R1C1
Q2_2Row2Cell1,2,Section 2 : Informal requests,Section 2 : Demandes informelles,2.2,2.2 Channels of informal requests,2.2 Mode des demandes informelles,Number of Informal Requests - Source: E-mail,Nombre de demandes informelles - Mode: Courriel,Q5R2C1
Q2_2Row3Cell1,2,Section 2 : Informal requests,Section 2 : Demandes informelles,2.2,2.2 Channels of informal requests,2.2 Mode des demandes informelles,Number of Informal Requests - Source: Mail,Nombre de demandes informelles - Mode: Poste,Q5R3C1
Q2_2Row4Cell1,2,Section 2 : Informal requests,Section 2 : Demandes informelles,2.2,2.2 Channels of informal requests,2.2 Mode des demandes informelles,Number of Informal Requests - Source: In person,Nombre de demandes informelles - Mode: En personne,Q5R4C1
Q2_2Row5Cell1,2,Section 2 : Informal requests,Section 2 : Demandes informelles,2.2,2.2 Channels of informal requests,2.2 Mode des demandes informelles,Number of Informal Requests - Source: Phone,Nombre de demandes informelles - Mode: Téléphone,Q5R5C1
Q2_2Row6Cell1,2,Section 2 : Informal requests,Section 2 : Demandes informelles,2.2,2.2 Channels of informal requests,2.2 Mode des demandes informelles,Number of Informal Requests - Source: Fax,Nombre de demandes informelles - Mode: Télécopieur,Q5R6C1
Q2_2Row7Cell1,2,Section 2 : Informal requests,Section 2 : Demandes informelles,2.2,2.2 Channels of informal requests,2.2 Mode des demandes informelles,Number of Informal Requests - Source: Total,Nombre de demandes informelles - Mode: Total,Q5R7C1
Q2_3Row1Cell1,2,Section 2 : Informal requests,Section 2 : Demandes informelles,2.3,2.3 Completion time of informal requests,2.3 Délai de traitement pour les demandes informelles,Completion Time: 1 to 15 days - Informal requests,Délai de traitement : 1 à 15 jours - Demandes informelles,Q6R1C1
Q2_3Row1Cell2,2,Section 2 : Informal requests,Section 2 : Demandes informelles,2.3,2.3 Completion time of informal requests,2.3 Délai de traitement pour les demandes informelles,Completion Time: 16 to 30 days - Informal requests,Délai de traitement : 16 à 30 jours - Demandes informelles,Q6R1C2
Q2_3Row1Cell3,2,Section 2 : Informal requests,Section 2 : Demandes informelles,2.3,2.3 Completion time of informal requests,2.3 Délai de traitement pour les demandes informelles,Completion Time: 31 to 60 days - Informal requests,Délai de traitement : 31 à 60 jours - Demandes informelles,Q6R1C3
Q2_3Row1Cell4,2,Section 2 : Informal requests,Section 2 : Demandes informelles,2.3,2.3 Completion time of informal requests,2.3 Délai de traitement pour les demandes informelles,Completion Time: 61 to 120 days - Informal requests,Délai de traitement : 61 à 120 jours - Demandes informelles,Q6R1C4
Q2_3Row1Cell5,2,Section 2 : Informal requests,Section 2 : Demandes informelles,2.3,2.3 Completion time of informal requests,2.3 Délai de traitement pour les demandes informelles,Completion Time: 121 to 180 days - Informal requests,Délai de traitement : 121 à 180 jours - Demandes informelles,Q6R1C5
Q2_3Row1Cell6,2,Section 2 : Informal requests,Section 2 : Demandes informelles,2.3,2.3 Completion time of informal requests,2.3 Délai de traitement pour les demandes informelles,Completion Time: 181 to 365 days - Informal requests,Délai de traitement : 181 à 365 jours - Demandes informelles,Q6R1C6
Q2_3Row1Cell7,2,Section 2 : Informal requests,Section 2 : Demandes informelles,2.3,2.3 Completion time of informal requests,2.3 Délai de traitement pour les demandes informelles,Completion Time: More than 365 days - Informal requests,Délai de traitement : Plus de 365 jours - Demandes informelles,Q6R1C7
Q2_3Row1Cell8,2,Section 2 : Informal requests,Section 2 : Demandes informelles,2.3,2.3 Completion time of informal requests,2.3 Délai de traitement pour les demandes informelles,Completion Time: Total - Informal requests,Délai de traitement : Total - Demandes informelles,Q7R1C1
Q2_4Row1Cell1,2,Section 2 : Informal requests,Section 2 : Demandes informelles,2.4,2.4 Pages released informally,2.4 Pages communiquées informellement,Less than 100 Pages released: Number of requests - Pages released informally,Moins de 100 pages communiquées: Nombre de demandes - Pages communiquées informellement,Q7R1C2
Q2_4Row1Cell2,2,Section 2 : Informal requests,Section 2 : Demandes informelles,2.4,2.4 Pages released informally,2.4 Pages communiquées informellement,Less than 100 Pages released: Pages released - Pages released informally,Moins de 100 pages communiquées: Pages communiquées - Pages communiquées informellement,Q7R1C3
Q2_4Row1Cell3,2,Section 2 : Informal requests,Section 2 : Demandes informelles,2.4,2.4 Pages released informally,2.4 Pages communiquées informellement,100-500 Pages released: Number of requests - Pages released informally,De 100-500 pages communiquées: Nombre de demandes - Pages communiquées informellement,Q7R1C4
Q2_4Row1Cell4,2,Section 2 : Informal requests,Section 2 : Demandes informelles,2.4,2.4 Pages released informally,2.4 Pages communiquées informellement,100-500 Pages released: Pages released - Pages released informally,De 100-500 pages communiquées: Pages communiquées - Pages communiquées informellement,Q7R1C5
Q2_4Row1Cell5,2,Section 2 : Informal requests,Section 2 : Demandes informelles,2.4,2.4 Pages released informally,2.4 Pages communiquées informellement,501-1000 Pages released: Number of requests - Pages released informally,De 501-1 000 pages communiquées: Nombre de demandes - Pages communiquées informellement,Q7R1C6
Q2_4Row1Cell6,2,Section 2 : Informal requests,Section 2 : Demandes informelles,2.4,2.4 Pages released informally,2.4 Pages communiquées informellement,501-1000 Pages released: Pages released - Pages released informally,De 501-1 000 pages communiquées: Pages communiquées - Pages communiquées informellement,Q7R1C7
Q2_4Row1Cell7,2,Section 2 : Informal requests,Section 2 : Demandes informelles,2.4,2.4 Pages released informally,2.4 Pages communiquées informellement,1001-5000 Pages released: Number of requests - Pages released informally,De 1 001-5 000 pages communiquées: Nombre de demandes - Pages communiquées informellement,Q7R1C8
Q2_4Row1Cell8,2,Section 2 : Informal requests,Section 2 : Demandes informelles,2.4,2.4 Pages released informally,2.4 Pages communiquées informellement,1001-5000 Pages released: Pages released - Pages released informally,De 1 001-5 000 pages communiquées: Pages communiquées - Pages communiquées informellement,Q7R1C9
Q2_4Row1Cell9,2,Section 2 : Informal requests,Section 2 : Demandes informelles,2.4,2.4 Pages released informally,2.4 Pages communiquées informellement,More Than 5000 Pages released: Number of requests - Pages released informally,Plus de 5 000 pages communiquées: Nombre de demandes - Pages communiquées informellement,Q7R1C10
Q2_4Row1Cell10,2,Section 2 : Informal requests,Section 2 : Demandes informelles,2.4,2.4 Pages released informally,2.4 Pages communiquées informellement,More Than 5000 Pages released: Pages released - Pages released informally,Plus de 5 000 pages communiquées: Pages communiquées - Pages communiquées informellement,Q8R1C1
Q2_5Row1Cell1,2,Section 2 : Informal requests,Section 2 : Demandes informelles,2.5,2.5 Pages re-released informally,2.5 Pages recommuniquées informellement,Less than 100 Pages re-released: Number of Requests - Pages re-released informally,Moins de 100 pages recommuniquées: Nombre de demandes - Pages recommuniquées informellement,Q8R1C2
Q2_5Row1Cell2,2,Section 2 : Informal requests,Section 2 : Demandes informelles,2.5,2.5 Pages re-released informally,2.5 Pages recommuniquées informellement,Less than 100 Pages re-released: Pages re-released - Pages re-released informally,Moins de 100 pages recommuniquées: Pages communiquées - Pages recommuniquées informellement,Q8R1C3
Q2_5Row1Cell3,2,Section 2 : Informal requests,Section 2 : Demandes informelles,2.5,2.5 Pages re-released informally,2.5 Pages recommuniquées informellement,100-500 Pages re-released: Number of Requests - Pages re-released informally,De 100-500 pages recommuniquées: Nombre de demandes - Pages recommuniquées informellement,Q8R1C4
Q2_5Row1Cell4,2,Section 2 : Informal requests,Section 2 : Demandes informelles,2.5,2.5 Pages re-released informally,2.5 Pages recommuniquées informellement,100-500 Pages re-released: Pages re-released - Pages re-released informally,De 100-500 pages recommuniquées: Pages communiquées - Pages recommuniquées informellement,Q8R1C5
Q2_5Row1Cell5,2,Section 2 : Informal requests,Section 2 : Demandes informelles,2.5,2.5 Pages re-released informally,2.5 Pages recommuniquées informellement,501-1000 Pages re-released: Number of Requests - Pages re-released informally,De 501-1 000 pages recommuniquées: Nombre de demandes - Pages recommuniquées informellement,Q8R1C6
Q2_5Row1Cell6,2,Section 2 : Informal requests,Section 2 : Demandes informelles,2.5,2.5 Pages re-released informally,2.5 Pages recommuniquées informellement,501-1000 Pages re-released: Pages re-released - Pages re-released informally,De 501-1 000 pages recommuniquées: Pages communiquées - Pages recommuniquées informellement,Q8R1C7
Q2_5Row1Cell7,2,Section 2 : Informal requests,Section 2 : Demandes informelles,2.5,2.5 Pages re-released informally,2.5 Pages recommuniquées informellement,1001-5000 Pages re-released: Number of Requests - Pages re-released informally,De 1 001-5 000 pages recommuniquées: Nombre de demandes - Pages recommuniquées informellement,Q8R1C8
Q2_5Row1Cell8,2,Section 2 : Informal requests,Section 2 : Demandes informelles,2.5,2.5 Pages re-released informally,2.5 Pages recommuniquées informellement,1001-5000 Pages re-released: Pages re-released - Pages re-released informally,De 1 001-5 000 pages recommuniquées: Pages communiquées - Pages recommuniquées informellement,Q8R1C9
Q2_5Row1Cell9,2,Section 2 : Informal requests,Section 2 : Demandes informelles,2.5,2.5 Pages re-released informally,2.5 Pages recommuniquées informellement,More than 5000 Pages re-released: Number of Requests - Pages re-released informally,Plus de 5 000 pages recommuniquées: Nombre de demandes - Pages recommuniquées informellement,Q8R1C10
Q2_5Row1Cell10,2,Section 2 : Informal requests,Section 2 : Demandes informelles,2.5,2.5 Pages re-released informally,2.5 Pages recommuniquées informellement,More than 5000 Pages re-released: Pages re-released - Pages re-released informally,Plus de 5 000 pages recommuniquées: Pages communiquées - Pages recommuniquées informellement,Q9R1C1
Q3Row1Cell1,3,Section 3: Applications to the Information Commissioner on declining to act on requests,Section 3 : Demandes à la Commissaire à l’information pour ne pas donner suite à une demande,,N/A,N/A,"Decline to act vexatious, made in bad faith or abuse of right requests: Number of Requests - Outstanding from previous reporting period",Motifs pour ne pas donner suite a une demande : Nombre de demandes - En suspens depuis la période d’établissement de rapport précédente,Q9R2C1
Q3Row2Cell1,3,Section 3: Applications to the Information Commissioner on declining to act on requests,Section 3 : Demandes à la Commissaire à l’information pour ne pas donner suite à une demande,,N/A,N/A,"Decline to act vexatious, made in bad faith or abuse of right requests: Number of Requests - Sent during reporting period",Motifs pour ne pas donner suite a une demande : Nombre de demandes - Envoyées pendant la période d’établissement de rapport,Q9R3C1
Q3Row3Cell1,3,Section 3: Applications to the Information Commissioner on declining to act on requests,Section 3 : Demandes à la Commissaire à l’information pour ne pas donner suite à une demande,,N/A,N/A,"Decline to act vexatious, made in bad faith or abuse of right requests: Number of Requests - Total",Motifs pour ne pas donner suite a une demande : Nombre de demandes - Total,Q9R4C1
Q3Row4Cell1,3,Section 3: Applications to the Information Commissioner on declining to act on requests,Section 3 : Demandes à la Commissaire à l’information pour ne pas donner suite à une demande,,N/A,N/A,"Decline to act vexatious, made in bad faith or abuse of right requests: Number of Requests - Approved by the Information Commissioner during reporting period",Motifs pour ne pas donner suite a une demande : Nombre de demandes - Approuvées par la Commissaire à l’information pendant la période d’établissement de rapport,Q9R5C1
Q3Row5Cell1,3,Section 3: Applications to the Information Commissioner on declining to act on requests,Section 3 : Demandes à la Commissaire à l’information pour ne pas donner suite à une demande,,N/A,N/A,"Decline to act vexatious, made in bad faith or abuse of right requests: Number of Requests - Declined by the Information Commissioner during reporting period",Motifs pour ne pas donner suite a une demande : Nombre de demandes - Refusées par la Commissaire à l’information au cours de la période d’établissement de rapport,Q9R6C1
Q3Row6Cell1,3,Section 3: Applications to the Information Commissioner on declining to act on requests,Section 3 : Demandes à la Commissaire à l’information pour ne pas donner suite à une demande,,N/A,N/A,"Decline to act vexatious, made in bad faith or abuse of right requests: Number of Requests - Carried over to next reporting period",Motifs pour ne pas donner suite a une demande : Nombre de demandes - Retirées pendant la période d’établissement de rapport,Q9R7C1
Q3Row7Cell1,3,Section 3: Applications to the Information Commissioner on declining to act on requests,Section 3 : Demandes à la Commissaire à l’information pour ne pas donner suite à une demande,,N/A,N/A,"Decline to act vexatious, made in bad faith or abuse of right requests: Number of Requests - Carried over to next reporting period",Motifs pour ne pas donner suite a une demande : Nombre de demandes - Reportées à la prochaine période d’établissement de rapport,Q10R1C1
Q4_1Row1Cell1,4,Section 4: Requests closed during the reporting period,Section 4 : Demandes fermées pendant la période d’établissement de rapport,4.1,4.1 Disposition and completion time,4.1 Disposition et délai de traitement,Completion Time: 1 to 15 days - Disposition of requests: All disclosed,Délai de traitement: 1 to 15 days - Disposition des demandes: Communication totale,Q10R1C2
Q4_1Row2Cell1,4,Section 4: Requests closed during the reporting period,Section 4 : Demandes fermées pendant la période d’établissement de rapport,4.1,4.1 Disposition and completion time,4.1 Disposition et délai de traitement,Completion Time: 1 to 15 days - Disposition of requests: Disclosed in part,Délai de traitement: 1 to 15 days - Disposition des demandes: Communication partielle,Q10R1C3
Q4_1Row3Cell1,4,Section 4: Requests closed during the reporting period,Section 4 : Demandes fermées pendant la période d’établissement de rapport,4.1,4.1 Disposition and completion time,4.1 Disposition et délai de traitement,Completion Time: 1 to 15 days - Disposition of requests: All exempted,Délai de traitement: 1 to 15 days - Disposition des demandes: Exception totale,Q10R1C4
Q4_1Row4Cell1,4,Section 4: Requests closed during the reporting period,Section 4 : Demandes fermées pendant la période d’établissement de rapport,4.1,4.1 Disposition and completion time,4.1 Disposition et délai de traitement,Completion Time: 1 to 15 days - Disposition of requests: All excluded,Délai de traitement: 1 to 15 days - Exclusion totale<,Q10R1C5
Q4_1Row5Cell1,4,Section 4: Requests closed during the reporting period,Section 4 : Demandes fermées pendant la période d’établissement de rapport,4.1,4.1 Disposition and completion time,4.1 Disposition et délai de traitement,Completion Time: 1 to 15 days - Disposition of requests: No records exist,Délai de traitement: 1 to 15 days - Disposition des demandes: Aucun document n’existe,Q10R1C6
Q4_1Row6Cell1,4,Section 4: Requests closed during the reporting period,Section 4 : Demandes fermées pendant la période d’établissement de rapport,4.1,4.1 Disposition and completion time,4.1 Disposition et délai de traitement,Completion Time: 1 to 15 days - Disposition of requests: Request transferred,Délai de traitement: 1 to 15 days - Disposition des demandes: Demande transférée,Q10R1C7
Q4_1Row7Cell1,4,Section 4: Requests closed during the reporting period,Section 4 : Demandes fermées pendant la période d’établissement de rapport,4.1,4.1 Disposition and completion time,4.1 Disposition et délai de traitement,Completion Time: 1 to 15 days - Disposition of requests: Request abandoned,Délai de traitement: 1 to 15 days - Disposition des demandes: Demande abandonnée,Q10R2C1
Q4_1Row8Cell1,4,Section 4: Requests closed during the reporting period,Section 4 : Demandes fermées pendant la période d’établissement de rapport,4.1,4.1 Disposition and completion time,4.1 Disposition et délai de traitement,Completion Time: 1 to 15 days - Disposition of requests: Neither confirmed nor denied,Délai de traitement: 1 to 15 days - Disposition des demandes: Ni confirmée ni infirmée,Q10R2C2
Q4_1Row9Cell1,4,Section 4: Requests closed during the reporting period,Section 4 : Demandes fermées pendant la période d’établissement de rapport,4.1,4.1 Disposition and completion time,4.1 Disposition et délai de traitement,Completion Time: 1 to 15 days - Disposition of requests: Decline to act with the approval of the Information Commisioner,Délai de traitement: 1 to 15 days - Disposition des demandes: Refus d’agir avec l’approbation de la Commissaire à l’information,Q10R2C3
Q4_1Row10Cell1,4,Section 4: Requests closed during the reporting period,Section 4 : Demandes fermées pendant la période d’établissement de rapport,4.1,4.1 Disposition and completion time,4.1 Disposition et délai de traitement,Completion Time: 1 to 15 days - Disposition of requests: Total,Délai de traitement: 1 to 15 days - Disposition des demandes: Total,Q10R2C4
Q4_1Row1Cell2,4,Section 4: Requests closed during the reporting period,Section 4 : Demandes fermées pendant la période d’établissement de rapport,4.1,4.1 Disposition and completion time,4.1 Disposition et délai de traitement,Completion Time: 16 to 30 days - Disposition of requests: All disclosed,Délai de traitement: 16 à 30 jours - Disposition des demandes: Communication totale,Q10R2C5
Q4_1Row2Cell2,4,Section 4: Requests closed during the reporting period,Section 4 : Demandes fermées pendant la période d’établissement de rapport,4.1,4.1 Disposition and completion time,4.1 Disposition et délai de traitement,Completion Time: 16 to 30 days - Disposition of requests: Disclosed in part,Délai de traitement: 16 à 30 jours - Disposition des demandes: Communication partielle,Q10R2C6
Q4_1Row3Cell2,4,Section 4: Requests closed during the reporting period,Section 4 : Demandes fermées pendant la période d’établissement de rapport,4.1,4.1 Disposition and completion time,4.1 Disposition et délai de traitement,Completion Time: 16 to 30 days - Disposition of requests: All exempted,Délai de traitement: 16 à 30 jours - Disposition des demandes: Exception totale,Q10R2C7
Q4_1Row4Cell2,4,Section 4: Requests closed during the reporting period,Section 4 : Demandes fermées pendant la période d’établissement de rapport,4.1,4.1 Disposition and completion time,4.1 Disposition et délai de traitement,Completion Time: 16 to 30 days - Disposition of requests: All excluded,Délai de traitement: 16 à 30 jours - Exclusion totale<,Q10R3C1
Q4_1Row5Cell2,4,Section 4: Requests closed during the reporting period,Section 4 : Demandes fermées pendant la période d’établissement de rapport,4.1,4.1 Disposition and completion time,4.1 Disposition et délai de traitement,Completion Time: 16 to 30 days - Disposition of requests: No records exist,Délai de traitement: 16 à 30 jours - Disposition des demandes: Aucun document n’existe,Q10R3C2
Q4_1Row6Cell2,4,Section 4: Requests closed during the reporting period,Section 4 : Demandes fermées pendant la période d’établissement de rapport,4.1,4.1 Disposition and completion time,4.1 Disposition et délai de traitement,Completion Time: 16 to 30 days - Disposition of requests: Request transferred,Délai de traitement: 16 à 30 jours - Disposition des demandes: Demande transférée,Q10R3C3
Q4_1Row7Cell2,4,Section 4: Requests closed during the reporting period,Section 4 : Demandes fermées pendant la période d’établissement de rapport,4.1,4.1 Disposition and completion time,4.1 Disposition et délai de traitement,Completion Time: 16 to 30 days - Disposition of requests: Request abandoned,Délai de traitement: 16 à 30 jours - Disposition des demandes: Demande abandonnée,Q10R3C4
Q4_1Row8Cell2,4,Section 4: Requests closed during the reporting period,Section 4 : Demandes fermées pendant la période d’établissement de rapport,4.1,4.1 Disposition and completion time,4.1 Disposition et délai de traitement,Completion Time: 16 to 30 days - Disposition of requests: Neither confirmed nor denied,Délai de traitement: 16 à 30 jours - Disposition des demandes: Ni confirmée ni infirmée,Q10R3C5
Q4_1Row9Cell2,4,Section 4: Requests closed during the reporting period,Section 4 : Demandes fermées pendant la période d’établissement de rapport,4.1,4.1 Disposition and completion time,4.1 Disposition et délai de traitement,Completion Time: 16 to 30 days - Disposition of requests: Decline to act with the approval of the Information Commisioner,Délai de traitement: 16 à 30 jours - Disposition des demandes: Refus d’agir avec l’approbation de la Commissaire à l’information,Q10R3C6
Q4_1Row10Cell2,4,Section 4: Requests closed during the reporting period,Section 4 : Demandes fermées pendant la période d’établissement de rapport,4.1,4.1 Disposition and completion time,4.1 Disposition et délai de traitement,Completion Time: 16 to 30 days - Disposition of requests: Total,Délai de traitement: 16 à 30 jours - Disposition des demandes: Total,Q10R3C7
Q4_1Row1Cell3,4,Section 4: Requests closed during the reporting period,Section 4 : Demandes fermées pendant la période d’établissement de rapport,4.1,4.1 Disposition and completion time,4.1 Disposition et délai de traitement,Completion Time: 31 to 60 days - Disposition of requests: All disclosed,Délai de traitement: 31 à 60 jours - Disposition des demandes: Communication totale,Q10R4C1
Q4_1Row2Cell3,4,Section 4: Requests closed during the reporting period,Section 4 : Demandes fermées pendant la période d’établissement de rapport,4.1,4.1 Disposition and completion time,4.1 Disposition et délai de traitement,Completion Time: 31 to 60 days - Disposition of requests: Disclosed in part,Délai de traitement: 31 à 60 jours - Disposition des demandes: Communication partielle,Q10R4C2
Q4_1Row3Cell3,4,Section 4: Requests closed during the reporting period,Section 4 : Demandes fermées pendant la période d’établissement de rapport,4.1,4.1 Disposition and completion time,4.1 Disposition et délai de traitement,Completion Time: 31 to 60 days - Disposition of requests: All exempted,Délai de traitement: 31 à 60 jours - Disposition des demandes: Exception totale,Q10R4C3
Q4_1Row4Cell3,4,Section 4: Requests closed during the reporting period,Section 4 : Demandes fermées pendant la période d’établissement de rapport,4.1,4.1 Disposition and completion time,4.1 Disposition et délai de traitement,Completion Time: 31 to 60 days - Disposition of requests: All excluded,Délai de traitement: 31 à 60 jours - Exclusion totale<,Q10R4C4
Q4_1Row5Cell3,4,Section 4: Requests closed during the reporting period,Section 4 : Demandes fermées pendant la période d’établissement de rapport,4.1,4.1 Disposition and completion time,4.1 Disposition et délai de traitement,Completion Time: 31 to 60 days - Disposition of requests: No records exist,Délai de traitement: 31 à 60 jours - Disposition des demandes: Aucun document n’existe,Q10R4C5
Q4_1Row6Cell3,4,Section 4: Requests closed during the reporting period,Section 4 : Demandes fermées pendant la période d’établissement de rapport,4.1,4.1 Disposition and completion time,4.1 Disposition et délai de traitement,Completion Time: 31 to 60 days - Disposition of requests: Request transferred,Délai de traitement: 31 à 60 jours - Disposition des demandes: Demande transférée,Q10R4C6
Q4_1Row7Cell3,4,Section 4: Requests closed during the reporting period,Section 4 : Demandes fermées pendant la période d’établissement de rapport,4.1,4.1 Disposition and completion time,4.1 Disposition et délai de traitement,Completion Time: 31 to 60 days - Disposition of requests: Request abandoned,Délai de traitement: 31 à 60 jours - Disposition des demandes: Demande abandonnée,Q10R4C7
Q4_1Row8Cell3,4,Section 4: Requests closed during the reporting period,Section 4 : Demandes fermées pendant la période d’établissement de rapport,4.1,4.1 Disposition and completion time,4.1 Disposition et délai de traitement,Completion Time: 31 to 60 days - Disposition of requests: Neither confirmed nor denied,Délai de traitement: 31 à 60 jours - Disposition des demandes: Ni confirmée ni infirmée,Q10R5C1
Q4_1Row9Cell3,4,Section 4: Requests closed during the reporting period,Section 4 : Demandes fermées pendant la période d’établissement de rapport,4.1,4.1 Disposition and completion time,4.1 Disposition et délai de traitement,Completion Time: 31 to 60 days - Disposition of requests: Decline to act with the approval of the Information Commisioner,Délai de traitement: 31 à 60 jours - Disposition des demandes: Refus d’agir avec l’approbation de la Commissaire à l’information,Q10R5C2
Q4_1Row10Cell3,4,Section 4: Requests closed during the reporting period,Section 4 : Demandes fermées pendant la période d’établissement de rapport,4.1,4.1 Disposition and completion time,4.1 Disposition et délai de traitement,Completion Time: 31 to 60 days - Disposition of requests: Total,Délai de traitement: 31 à 60 jours - Disposition des demandes: Total,Q10R5C3
Q4_1Row1Cell4,4,Section 4: Requests closed during the reporting period,Section 4 : Demandes fermées pendant la période d’établissement de rapport,4.1,4.1 Disposition and completion time,4.1 Disposition et délai de traitement,Completion Time: 61 to 120 days - Disposition of requests: All disclosed,Délai de traitement: 61 à 120 jours - Disposition des demandes: Communication totale,Q10R5C4
Q4_1Row2Cell4,4,Section 4: Requests closed during the reporting period,Section 4 : Demandes fermées pendant la période d’établissement de rapport,4.1,4.1 Disposition and completion time,4.1 Disposition et délai de traitement,Completion Time: 61 to 120 days - Disposition of requests: Disclosed in part,Délai de traitement: 61 à 120 jours - Disposition des demandes: Communication partielle,Q10R5C5
Q4_1Row3Cell4,4,Section 4: Requests closed during the reporting period,Section 4 : Demandes fermées pendant la période d’établissement de rapport,4.1,4.1 Disposition and completion time,4.1 Disposition et délai de traitement,Completion Time: 61 to 120 days - Disposition of requests: All exempted,Délai de traitement: 61 à 120 jours - Disposition des demandes: Exception totale,Q10R5C6
Q4_1Row4Cell4,4,Section 4: Requests closed during the reporting period,Section 4 : Demandes fermées pendant la période d’établissement de rapport,4.1,4.1 Disposition and completion time,4.1 Disposition et délai de traitement,Completion Time: 61 to 120 days - Disposition of requests: All excluded,Délai de traitement: 61 à 120 jours - Exclusion totale<,Q10R5C7
Q4_1Row5Cell4,4,Section 4: Requests closed during the reporting period,Section 4 : Demandes fermées pendant la période d’établissement de rapport,4.1,4.1 Disposition and completion time,4.1 Disposition et délai de traitement,Completion Time: 61 to 120 days - Disposition of requests: No records exist,Délai de traitement: 61 à 120 jours - Disposition des demandes: Aucun document n’existe,Q10R6C1
Q4_1Row6Cell4,4,Section 4: Requests closed during the reporting period,Section 4 : Demandes fermées pendant la période d’établissement de rapport,4.1,4.1 Disposition and completion time,4.1 Disposition et délai de traitement,Completion Time: 61 to 120 days - Disposition of requests: Request transferred,Délai de traitement: 61 à 120 jours - Disposition des demandes: Demande transférée,Q10R6C2
Q4_1Row7Cell4,4,Section 4: Requests closed during the reporting period,Section 4 : Demandes fermées pendant la période d’établissement de rapport,4.1,4.1 Disposition and completion time,4.1 Disposition et délai de traitement,Completion Time: 61 to 120 days - Disposition of requests: Request abandoned,Délai de traitement: 61 à 120 jours - Disposition des demandes: Demande abandonnée,Q10R6C3
Q4_1Row8Cell4,4,Section 4: Requests closed during the reporting period,Section 4 : Demandes fermées pendant la période d’établissement de rapport,4.1,4.1 Disposition and completion time,4.1 Disposition et délai de traitement,Completion Time: 61 to 120 days - Disposition of requests: Neither confirmed nor denied,Délai de traitement: 61 à 120 jours - Disposition des demandes: Ni confirmée ni infirmée,Q10R6C4
Q4_1Row9Cell4,4,Section 4: Requests closed during the reporting period,Section 4 : Demandes fermées pendant la période d’établissement de rapport,4.1,4.1 Disposition and completion time,4.1 Disposition et délai de traitement,Completion Time: 61 to 120 days - Disposition of requests: Decline to act with the approval of the Information Commisioner,Délai de traitement: 61 à 120 jours - Disposition des demandes: Refus d’agir avec l’approbation de la Commissaire à l’information,Q10R6C5
Q4_1Row10Cell4,4,Section 4: Requests closed during the reporting period,Section 4 : Demandes fermées pendant la période d’établissement de rapport,4.1,4.1 Disposition and completion time,4.1 Disposition et délai de traitement,Completion Time: 61 to 120 days - Disposition of requests: Total,Délai de traitement: 61 à 120 jours - Disposition des demandes: Total,Q10R6C6
Q4_1Row1Cell5,4,Section 4: Requests closed during the reporting period,Section 4 : Demandes fermées pendant la période d’établissement de rapport,4.1,4.1 Disposition and completion time,4.1 Disposition et délai de traitement,Completion Time: 121 to 180 days - Disposition of requests: All disclosed,Délai de traitement: 121 à 180 jours - Disposition des demandes: Communication totale,Q10R6C7
Q4_1Row2Cell5,4,Section 4: Requests closed during the reporting period,Section 4 : Demandes fermées pendant la période d’établissement de rapport,4.1,4.1 Disposition and completion time,4.1 Disposition et délai de traitement,Completion Time: 121 to 180 days - Disposition of requests: Disclosed in part,Délai de traitement: 121 à 180 jours - Disposition des demandes: Communication partielle,Q10R7C1
Q4_1Row3Cell5,4,Section 4: Requests closed during the reporting period,Section 4 : Demandes fermées pendant la période d’établissement de rapport,4.1,4.1 Disposition and completion time,4.1 Disposition et délai de traitement,Completion Time: 121 to 180 days - Disposition of requests: All exempted,Délai de traitement: 121 à 180 jours - Disposition des demandes: Exception totale,Q10R7C2
Q4_1Row4Cell5,4,Section 4: Requests closed during the reporting period,Section 4 : Demandes fermées pendant la période d’établissement de rapport,4.1,4.1 Disposition and completion time,4.1 Disposition et délai de traitement,Completion Time: 121 to 180 days - Disposition of requests: All excluded,Délai de traitement: 121 à 180 jours - Exclusion totale<,Q10R7C3
Q4_1Row5Cell5,4,Section 4: Requests closed during the reporting period,Section 4 : Demandes fermées pendant la période d’établissement de rapport,4.1,4.1 Disposition and completion time,4.1 Disposition et délai de traitement,Completion Time: 121 to 180 days - Disposition of requests: No records exist,Délai de traitement: 121 à 180 jours - Disposition des demandes: Aucun document n’existe,Q10R7C4
Q4_1Row6Cell5,4,Section 4: Requests closed during the reporting period,Section 4 : Demandes fermées pendant la période d’établissement de rapport,4.1,4.1 Disposition and completion time,4.1 Disposition et délai de traitement,Completion Time: 121 to 180 days - Disposition of requests: Request transferred,Délai de traitement: 121 à 180 jours - Disposition des demandes: Demande transférée,Q10R7C5
Q4_1Row7Cell5,4,Section 4: Requests closed during the reporting period,Section 4 : Demandes fermées pendant la période d’établissement de rapport,4.1,4.1 Disposition and completion time,4.1 Disposition et délai de traitement,Completion Time: 121 to 180 days - Disposition of requests: Request abandoned,Délai de traitement: 121 à 180 jours - Disposition des demandes: Demande abandonnée,Q10R7C6
Q4_1Row8Cell5,4,Section 4: Requests closed during the reporting period,Section 4 : Demandes fermées pendant la période d’établissement de rapport,4.1,4.1 Disposition and completion time,4.1 Disposition et délai de traitement,Completion Time: 121 to 180 days - Disposition of requests: Neither confirmed nor denied,Délai de traitement: 121 à 180 jours - Disposition des demandes: Ni confirmée ni infirmée,Q10R7C7
Q4_1Row9Cell5,4,Section 4: Requests closed during the reporting period,Section 4 : Demandes fermées pendant la période d’établissement de rapport,4.1,4.1 Disposition and completion time,4.1 Disposition et délai de traitement,Completion Time: 121 to 180 days - Disposition of requests: Decline to act with the approval of the Information Commisioner,Délai de traitement: 121 à 180 jours - Disposition des demandes: Refus d’agir avec l’approbation de la Commissaire à l’information,Q10R8C1
Q4_1Row10Cell5,4,Section 4: Requests closed during the reporting period,Section 4 : Demandes fermées pendant la période d’établissement de rapport,4.1,4.1 Disposition and completion time,4.1 Disposition et délai de traitement,Completion Time: 121 to 180 days - Disposition of requests: Total,Délai de traitement: 121 à 180 jours - Disposition des demandes: Total,Q10R8C2
Q4_1Row1Cell6,4,Section 4: Requests closed during the reporting period,Section 4 : Demandes fermées pendant la période d’établissement de rapport,4.1,4.1 Disposition and completion time,4.1 Disposition et délai de traitement,Completion Time: 181 to 365 days - Disposition of requests: All disclosed,Délai de traitement: 181 à 365 jours - Disposition des demandes: Communication totale,Q10R8C3
Q4_1Row2Cell6,4,Section 4: Requests closed during the reporting period,Section 4 : Demandes fermées pendant la période d’établissement de rapport,4.1,4.1 Disposition and completion time,4.1 Disposition et délai de traitement,Completion Time: 181 to 365 days - Disposition of requests: Disclosed in part,Délai de traitement: 181 à 365 jours - Disposition des demandes: Communication partielle,Q10R8C4
Q4_1Row3Cell6,4,Section 4: Requests closed during the reporting period,Section 4 : Demandes fermées pendant la période d’établissement de rapport,4.1,4.1 Disposition and completion time,4.1 Disposition et délai de traitement,Completion Time: 181 to 365 days - Disposition of requests: All exempted,Délai de traitement: 181 à 365 jours - Disposition des demandes: Exception totale,Q10R8C5
Q4_1Row4Cell6,4,Section 4: Requests closed during the reporting period,Section 4 : Demandes fermées pendant la période d’établissement de rapport,4.1,4.1 Disposition and completion time,4.1 Disposition et délai de traitement,Completion Time: 181 to 365 days - Disposition of requests: All excluded,Délai de traitement: 181 à 365 jours - Exclusion totale<,Q10R8C6
Q4_1Row5Cell6,4,Section 4: Requests closed during the reporting period,Section 4 : Demandes fermées pendant la période d’établissement de rapport,4.1,4.1 Disposition and completion time,4.1 Disposition et délai de traitement,Completion Time: 181 to 365 days - Disposition of requests: No records exist,Délai de traitement: 181 à 365 jours - Disposition des demandes: Aucun document n’existe,Q10R8C7
Q4_1Row6Cell6,4,Section 4: Requests closed during the reporting period,Section 4 : Demandes fermées pendant la période d’établissement de rapport,4.1,4.1 Disposition and completion time,4.1 Disposition et délai de traitement,Completion Time: 181 to 365 days - Disposition of requests: Request transferred,Délai de traitement: 181 à 365 jours - Disposition des demandes: Demande transférée,Q10R9C1
Q4_1Row7Cell6,4,Section 4: Requests closed during the reporting period,Section 4 : Demandes fermées pendant la période d’établissement de rapport,4.1,4.1 Disposition and completion time,4.1 Disposition et délai de traitement,Completion Time: 181 to 365 days - Disposition of requests: Request abandoned,Délai de traitement: 181 à 365 jours - Disposition des demandes: Demande abandonnée,Q10R9C2
Q4_1Row8Cell6,4,Section 4: Requests closed during the reporting period,Section 4 : Demandes fermées pendant la période d’établissement de rapport,4.1,4.1 Disposition and completion time,4.1 Disposition et délai de traitement,Completion Time: 181 to 365 days - Disposition of requests: Neither confirmed nor denied,Délai de traitement: 181 à 365 jours - Disposition des demandes: Ni confirmée ni infirmée,Q10R9C3
Q4_1Row9Cell6,4,Section 4: Requests closed during the reporting period,Section 4 : Demandes fermées pendant la période d’établissement de rapport,4.1,4.1 Disposition and completion time,4.1 Disposition et délai de traitement,Completion Time: 181 to 365 days - Disposition of requests: Decline to act with the approval of the Information Commisioner,Délai de traitement: 181 à 365 jours - Disposition des demandes: Refus d’agir avec l’approbation de la Commissaire à l’information,Q10R9C4
Q4_1Row10Cell6,4,Section 4: Requests closed during the reporting period,Section 4 : Demandes fermées pendant la période d’établissement de rapport,4.1,4.1 Disposition and completion time,4.1 Disposition et délai de traitement,Completion Time: 181 to 365 days - Disposition of requests: Total,Délai de traitement: 181 à 365 jours - Disposition des demandes: Total,Q10R9C5
Q4_1Row1Cell7,4,Section 4: Requests closed during the reporting period,Section 4 : Demandes fermées pendant la période d’établissement de rapport,4.1,4.1 Disposition and completion time,4.1 Disposition et délai de traitement,Completion Time: More than 365 days - Disposition of requests: All disclosed,Délai de traitement: Plus de 365 jours - Disposition des demandes: Communication totale,Q10R9C6
Q4_1Row2Cell7,4,Section 4: Requests closed during the reporting period,Section 4 : Demandes fermées pendant la période d’établissement de rapport,4.1,4.1 Disposition and completion time,4.1 Disposition et délai de traitement,Completion Time: More than 365 days - Disposition of requests: Disclosed in part,Délai de traitement: Plus de 365 jours - Disposition des demandes: Communication partielle,Q10R9C7
Q4_1Row3Cell7,4,Section 4: Requests closed during the reporting period,Section 4 : Demandes fermées pendant la période d’établissement de rapport,4.1,4.1 Disposition and completion time,4.1 Disposition et délai de traitement,Completion Time: More than 365 days - Disposition of requests: All exempted,Délai de traitement: Plus de 365 jours - Disposition des demandes: Exception totale,Q11R1C1
Q4_1Row4Cell7,4,Section 4: Requests closed during the reporting period,Section 4 : Demandes fermées pendant la période d’établissement de rapport,4.1,4.1 Disposition and completion time,4.1 Disposition et délai de traitement,Completion Time: More than 365 days - Disposition of requests: All excluded,Délai de traitement: Plus de 365 jours - Exclusion totale<,Q11R2C1
Q4_1Row5Cell7,4,Section 4: Requests closed during the reporting period,Section 4 : Demandes fermées pendant la période d’établissement de rapport,4.1,4.1 Disposition and completion time,4.1 Disposition et délai de traitement,Completion Time: More than 365 days - Disposition of requests: No records exist,Délai de traitement: Plus de 365 jours - Disposition des demandes: Aucun document n’existe,Q11R3C1
Q4_1Row6Cell7,4,Section 4: Requests closed during the reporting period,Section 4 : Demandes fermées pendant la période d’établissement de rapport,4.1,4.1 Disposition and completion time,4.1 Disposition et délai de traitement,Completion Time: More than 365 days - Disposition of requests: Request transferred,Délai de traitement: Plus de 365 jours - Disposition des demandes: Demande transférée,Q11R4C1
Q4_1Row7Cell7,4,Section 4: Requests closed during the reporting period,Section 4 : Demandes fermées pendant la période d’établissement de rapport,4.1,4.1 Disposition and completion time,4.1 Disposition et délai de traitement,Completion Time: More than 365 days - Disposition of requests: Request abandoned,Délai de traitement: Plus de 365 jours - Disposition des demandes: Demande abandonnée,Q11R5C1
Q4_1Row8Cell7,4,Section 4: Requests closed during the reporting period,Section 4 : Demandes fermées pendant la période d’établissement de rapport,4.1,4.1 Disposition and completion time,4.1 Disposition et délai de traitement,Completion Time: More than 365 days - Disposition of requests: Neither confirmed nor denied,Délai de traitement: Plus de 365 jours - Disposition des demandes: Ni confirmée ni infirmée,Q11R6C1
Q4_1Row9Cell7,4,Section 4: Requests closed during the reporting period,Section 4 : Demandes fermées pendant la période d’établissement de rapport,4.1,4.1 Disposition and completion time,4.1 Disposition et délai de traitement,Completion Time: More than 365 days - Disposition of requests: Decline to act with the approval of the Information Commisioner,Délai de traitement: Plus de 365 jours - Disposition des demandes: Refus d’agir avec l’approbation de la Commissaire à l’information,Q11R7C1
Q4_1Row10Cell7,4,Section 4: Requests closed during the reporting period,Section 4 : Demandes fermées pendant la période d’établissement de rapport,4.1,4.1 Disposition and completion time,4.1 Disposition et délai de traitement,Completion Time: More than 365 days - Disposition of requests: Total,Délai de traitement: Plus de 365 jours - Disposition des demandes: Total,Q11R8C1
Q4_1Row1Cell8,4,Section 4: Requests closed during the reporting period,Section 4 : Demandes fermées pendant la période d’établissement de rapport,4.1,4.1 Disposition and completion time,4.1 Disposition et délai de traitement,Completion Time: Total - Disposition of requests: All disclosed,Délai de traitement: Total - Disposition des demandes: Communication totale,Q11R9C1
Q4_1Row2Cell8,4,Section 4: Requests closed during the reporting period,Section 4 : Demandes fermées pendant la période d’établissement de rapport,4.1,4.1 Disposition and completion time,4.1 Disposition et délai de traitement,Completion Time: Total - Disposition of requests: Disclosed in part,Délai de traitement: Total - Disposition des demandes: Communication partielle,Q11R10C1
Q4_1Row3Cell8,4,Section 4: Requests closed during the reporting period,Section 4 : Demandes fermées pendant la période d’établissement de rapport,4.1,4.1 Disposition and completion time,4.1 Disposition et délai de traitement,Completion Time: Total - Disposition of requests: All exempted,Délai de traitement: Total - Disposition des demandes: Exception totale,Q11R11C1
Q4_1Row4Cell8,4,Section 4: Requests closed during the reporting period,Section 4 : Demandes fermées pendant la période d’établissement de rapport,4.1,4.1 Disposition and completion time,4.1 Disposition et délai de traitement,Completion Time: Total - Disposition of requests: All excluded,Délai de traitement: Total - Exclusion totale<,Q11R12C1
Q4_1Row5Cell8,4,Section 4: Requests closed during the reporting period,Section 4 : Demandes fermées pendant la période d’établissement de rapport,4.1,4.1 Disposition and completion time,4.1 Disposition et délai de traitement,Completion Time: Total - Disposition of requests: No records exist,Délai de traitement: Total - Disposition des demandes: Aucun document n’existe,Q11R13C1
Q4_1Row6Cell8,4,Section 4: Requests closed during the reporting period,Section 4 : Demandes fermées pendant la période d’établissement de rapport,4.1,4.1 Disposition and completion time,4.1 Disposition et délai de traitement,Completion Time: Total - Disposition of requests: Request transferred,Délai de traitement: Total - Disposition des demandes: Demande transférée,Q11R14C1
Q4_1Row7Cell8,4,Section 4: Requests closed during the reporting period,Section 4 : Demandes fermées pendant la période d’établissement de rapport,4.1,4.1 Disposition and completion time,4.1 Disposition et délai de traitement,Completion Time: Total - Disposition of requests: Request abandoned,Délai de traitement: Total - Disposition des demandes: Demande abandonnée,Q11R15C1
Q4_1Row8Cell8,4,Section 4: Requests closed during the reporting period,Section 4 : Demandes fermées pendant la période d’établissement de rapport,4.1,4.1 Disposition and completion time,4.1 Disposition et délai de traitement,Completion Time: Total - Disposition of requests: Neither confirmed nor denied,Délai de traitement: Total - Disposition des demandes: Ni confirmée ni infirmée,Q11R16C1
Q4_1Row9Cell8,4,Section 4: Requests closed during the reporting period,Section 4 : Demandes fermées pendant la période d’établissement de rapport,4.1,4.1 Disposition and completion time,4.1 Disposition et délai de traitement,Completion Time: Total - Disposition of requests: Decline to act with the approval of the Information Commisioner,Délai de traitement: Total - Disposition des demandes: Refus d’agir avec l’approbation de la Commissaire à l’information,Q11R17C1
Q4_1Row10Cell8,4,Section 4: Requests closed during the reporting period,Section 4 : Demandes fermées pendant la période d’établissement de rapport,4.1,4.1 Disposition and completion time,4.1 Disposition et délai de traitement,Completion Time: Total - Disposition of requests: Total,Délai de traitement: Total - Disposition des demandes: Total,Q11R18C1
Q4_2Row1Cell1,4,Section 4: Requests closed during the reporting period,Section 4 : Demandes fermées pendant la période d’établissement de rapport,4.2,4.2 Exemptions,4.2 Exceptions,Exemptions: Number of requests - Section: 13(1)(a),Exceptions: Nombre de demandes - Article: 13(1)a),Q11R19C1
Q4_2Row2Cell1,4,Section 4: Requests closed during the reporting period,Section 4 : Demandes fermées pendant la période d’établissement de rapport,4.2,4.2 Exemptions,4.2 Exceptions,Exemptions: Number of requests - Section: 13(1)(b),Exceptions: Nombre de demandes - Article: 13(1)b),Q11R20C1
Q4_2Row3Cell1,4,Section 4: Requests closed during the reporting period,Section 4 : Demandes fermées pendant la période d’établissement de rapport,4.2,4.2 Exemptions,4.2 Exceptions,Exemptions: Number of requests - Section: 13(1)(c),Exceptions: Nombre de demandes - Article: 13(1)c),Q11R21C1
Q4_2Row4Cell1,4,Section 4: Requests closed during the reporting period,Section 4 : Demandes fermées pendant la période d’établissement de rapport,4.2,4.2 Exemptions,4.2 Exceptions,Exemptions: Number of requests - Section: 13(1)(d),Exceptions: Nombre de demandes - Article: 13(1)d),Q11R22C1
Q4_2Row5Cell1,4,Section 4: Requests closed during the reporting period,Section 4 : Demandes fermées pendant la période d’établissement de rapport,4.2,4.2 Exemptions,4.2 Exceptions,Exemptions: Number of requests - Section: 14,Exceptions: Nombre de demandes - Article: 13(1)e),Q11R23C1
Q4_2Row6Cell1,4,Section 4: Requests closed during the reporting period,Section 4 : Demandes fermées pendant la période d’établissement de rapport,4.2,4.2 Exemptions,4.2 Exceptions,Exemptions: Number of requests - Section: 14(a),Exceptions: Nombre de demandes - Article: 14,Q11R24C1
Q4_2Row7Cell1,4,Section 4: Requests closed during the reporting period,Section 4 : Demandes fermées pendant la période d’établissement de rapport,4.2,4.2 Exemptions,4.2 Exceptions,Exemptions: Number of requests - Section: 14(a),Exceptions: Nombre de demandes - Article: 14a),Q11R25C1
Q4_2Row8Cell1,4,Section 4: Requests closed during the reporting period,Section 4 : Demandes fermées pendant la période d’établissement de rapport,4.2,4.2 Exemptions,4.2 Exceptions,Exemptions: Number of requests - Section: 15(1),Exceptions: Nombre de demandes - Article: 14b),Q11R26C1
Q4_2Row9Cell1,4,Section 4: Requests closed during the reporting period,Section 4 : Demandes fermées pendant la période d’établissement de rapport,4.2,4.2 Exemptions,4.2 Exceptions,Exemptions: Number of requests - Section: 15(1),Exceptions: Nombre de demandes - Article: 15(1),Q11R27C1
Q4_2Row10Cell1,4,Section 4: Requests closed during the reporting period,Section 4 : Demandes fermées pendant la période d’établissement de rapport,4.2,4.2 Exemptions,4.2 Exceptions,Exemptions: Number of requests - Section: 15(1) - I.A.,Exceptions: Nombre de demandes - Article: 15(1) - A.I.,Q11R28C1
Q4_2Row11Cell1,4,Section 4: Requests closed during the reporting period,Section 4 : Demandes fermées pendant la période d’établissement de rapport,4.2,4.2 Exemptions,4.2 Exceptions,Exemptions: Number of requests - Section: 15(1) - Def.,Exceptions: Nombre de demandes - Article: 15(1) - Déf.,Q11R29C1
Q4_2Row12Cell1,4,Section 4: Requests closed during the reporting period,Section 4 : Demandes fermées pendant la période d’établissement de rapport,4.2,4.2 Exemptions,4.2 Exceptions,Exemptions: Number of requests - Section: 15(1) - S.A.,Exceptions: Nombre de demandes - Article: 15(1) - A.S.,Q11R30C1
Q4_2Row13Cell1,4,Section 4: Requests closed during the reporting period,Section 4 : Demandes fermées pendant la période d’établissement de rapport,4.2,4.2 Exemptions,4.2 Exceptions,Exemptions: Number of requests - Section: 16(1)(a)(i),Exceptions: Nombre de demandes - Article: 16(1)a)(i),Q11R31C1
Q4_2Row14Cell1,4,Section 4: Requests closed during the reporting period,Section 4 : Demandes fermées pendant la période d’établissement de rapport,4.2,4.2 Exemptions,4.2 Exceptions,Exemptions: Number of requests - Section: 16(1)(a)(ii),Exceptions: Nombre de demandes - Article: 16(1)a)(ii),Q11R32C1
Q4_2Row15Cell1,4,Section 4: Requests closed during the reporting period,Section 4 : Demandes fermées pendant la période d’établissement de rapport,4.2,4.2 Exemptions,4.2 Exceptions,Exemptions: Number of requests - Section: 16(1)(a)(iii),Exceptions: Nombre de demandes - Article: 16(1)a)(iii),Q11R33C1
Q4_2Row16Cell1,4,Section 4: Requests closed during the reporting period,Section 4 : Demandes fermées pendant la période d’établissement de rapport,4.2,4.2 Exemptions,4.2 Exceptions,Exemptions: Number of requests - Section: 16(1)(b),Exceptions: Nombre de demandes - Article: 16(1)b),Q11R34C1
Q4_2Row17Cell1,4,Section 4: Requests closed during the reporting period,Section 4 : Demandes fermées pendant la période d’établissement de rapport,4.2,4.2 Exemptions,4.2 Exceptions,Exemptions: Number of requests - Section: 16(1)(c),Exceptions: Nombre de demandes - Article: 16(1)c),Q11R35C1
Q4_2Row18Cell1,4,Section 4: Requests closed during the reporting period,Section 4 : Demandes fermées pendant la période d’établissement de rapport,4.2,4.2 Exemptions,4.2 Exceptions,Exemptions: Number of requests - Section: 16(1)(d),Exceptions: Nombre de demandes - Article: 16(1)d),Q11R36C1
Q4_2Row19Cell1,4,Section 4: Requests closed during the reporting period,Section 4 : Demandes fermées pendant la période d’établissement de rapport,4.2,4.2 Exemptions,4.2 Exceptions,Exemptions: Number of requests - Section: 16(2),Exceptions: Nombre de demandes - Article: 16(2),Q11R37C1
Q4_2Row20Cell1,4,Section 4: Requests closed during the reporting period,Section 4 : Demandes fermées pendant la période d’établissement de rapport,4.2,4.2 Exemptions,4.2 Exceptions,Exemptions: Number of requests - Section: 16(2)(a),Exceptions: Nombre de demandes - Article: 16(2)a),Q11R38C1
Q4_2Row21Cell1,4,Section 4: Requests closed during the reporting period,Section 4 : Demandes fermées pendant la période d’établissement de rapport,4.2,4.2 Exemptions,4.2 Exceptions,Exemptions: Number of requests - Section: 16(2)(b),Exceptions: Nombre de demandes - Article: 16(2)b),Q11R39C1
Q4_2Row22Cell1,4,Section 4: Requests closed during the reporting period,Section 4 : Demandes fermées pendant la période d’établissement de rapport,4.2,4.2 Exemptions,4.2 Exceptions,Exemptions: Number of requests - Section: 16(2)(c),Exceptions: Nombre de demandes - Article: 16(2)c),Q11R40C1
Q4_2Row23Cell1,4,Section 4: Requests closed during the reporting period,Section 4 : Demandes fermées pendant la période d’établissement de rapport,4.2,4.2 Exemptions,4.2 Exceptions,Exemptions: Number of requests - Section: 16(3),Exceptions: Nombre de demandes - Article: 16(3),Q11R41C1
Q4_2Row24Cell1,4,Section 4: Requests closed during the reporting period,Section 4 : Demandes fermées pendant la période d’établissement de rapport,4.2,4.2 Exemptions,4.2 Exceptions,Exemptions: Number of requests - Section: 16.1(1)(a),Exceptions: Nombre de demandes - Article: 16.1(1)a),Q11R42C1
Q4_2Row25Cell1,4,Section 4: Requests closed during the reporting period,Section 4 : Demandes fermées pendant la période d’établissement de rapport,4.2,4.2 Exemptions,4.2 Exceptions,Exemptions: Number of requests - Section: 16.1(1)(b),Exceptions: Nombre de demandes - Article: 16.1(1)b),Q11R43C1
Q4_2Row26Cell1,4,Section 4: Requests closed during the reporting period,Section 4 : Demandes fermées pendant la période d’établissement de rapport,4.2,4.2 Exemptions,4.2 Exceptions,Exemptions: Number of requests - Section: 16.1(1)(c),Exceptions: Nombre de demandes - Article: 16.1(1)c),Q11R44C1
Q4_2Row27Cell1,4,Section 4: Requests closed during the reporting period,Section 4 : Demandes fermées pendant la période d’établissement de rapport,4.2,4.2 Exemptions,4.2 Exceptions,Exemptions: Number of requests - Section: 16.1(1)(d),Exceptions: Nombre de demandes - Article: 16.1(1)d),Q11R45C1
Q4_2Row28Cell1,4,Section 4: Requests closed during the reporting period,Section 4 : Demandes fermées pendant la période d’établissement de rapport,4.2,4.2 Exemptions,4.2 Exceptions,Exemptions: Number of requests - Section: 16.2(1),Exceptions: Nombre de demandes - Article: 16.2(1),Q11R46C1
Q4_2Row29Cell1,4,Section 4: Requests closed during the reporting period,Section 4 : Demandes fermées pendant la période d’établissement de rapport,4.2,4.2 Exemptions,4.2 Exceptions,Exemptions: Number of requests - Section: 16.3,Exceptions: Nombre de demandes - Article: 16.3,Q11R47C1
Q4_2Row31Cell1,4,Section 4: Requests closed during the reporting period,Section 4 : Demandes fermées pendant la période d’établissement de rapport,4.2,4.2 Exemptions,4.2 Exceptions,Exemptions: Number of requests - Section: 16.4(1)(a),Exceptions: Nombre de demandes - Article: 16.4(1)a),Q11R48C1
Q4_2Row32Cell1,4,Section 4: Requests closed during the reporting period,Section 4 : Demandes fermées pendant la période d’établissement de rapport,4.2,4.2 Exemptions,4.2 Exceptions,Exemptions: Number of requests - Section: 16.4(1)(b),Exceptions: Nombre de demandes - Article: 16.4(1)b),Q11R49C1
Q4_2Row33Cell1,4,Section 4: Requests closed during the reporting period,Section 4 : Demandes fermées pendant la période d’établissement de rapport,4.2,4.2 Exemptions,4.2 Exceptions,Exemptions: Number of requests - Section: 16.5,Exceptions: Nombre de demandes - Article: 16.5,Q11R50C1
Q4_2Row34Cell1,4,Section 4: Requests closed during the reporting period,Section 4 : Demandes fermées pendant la période d’établissement de rapport,4.2,4.2 Exemptions,4.2 Exceptions,Exemptions: Number of requests - Section: 16.6,Exceptions: Nombre de demandes - Article: 16.6,Q11R51C1
Q4_2Row35Cell1,4,Section 4: Requests closed during the reporting period,Section 4 : Demandes fermées pendant la période d’établissement de rapport,4.2,4.2 Exemptions,4.2 Exceptions,Exemptions: Number of requests - Section: 17,Exceptions: Nombre de demandes - Article: 17,Q11R52C1
Q4_2Row36Cell1,4,Section 4: Requests closed during the reporting period,Section 4 : Demandes fermées pendant la période d’établissement de rapport,4.2,4.2 Exemptions,4.2 Exceptions,Exemptions: Number of requests - Section: 18(a),Exceptions: Nombre de demandes - Article: 18a),Q11R53C1
Q4_2Row37Cell1,4,Section 4: Requests closed during the reporting period,Section 4 : Demandes fermées pendant la période d’établissement de rapport,4.2,4.2 Exemptions,4.2 Exceptions,Exemptions: Number of requests - Section: 18(b),Exceptions: Nombre de demandes - Article: 18b),Q11R54C1
Q4_2Row38Cell1,4,Section 4: Requests closed during the reporting period,Section 4 : Demandes fermées pendant la période d’établissement de rapport,4.2,4.2 Exemptions,4.2 Exceptions,Exemptions: Number of requests - Section: 18(c),Exceptions: Nombre de demandes - Article: 18c),Q11R55C1
Q4_2Row39Cell1,4,Section 4: Requests closed during the reporting period,Section 4 : Demandes fermées pendant la période d’établissement de rapport,4.2,4.2 Exemptions,4.2 Exceptions,Exemptions: Number of requests - Section: 18(d),Exceptions: Nombre de demandes - Article: 18d),Q11R56C1
Q4_2Row40Cell1,4,Section 4: Requests closed during the reporting period,Section 4 : Demandes fermées pendant la période d’établissement de rapport,4.2,4.2 Exemptions,4.2 Exceptions,Exemptions: Number of requests - Section: 18.1(1)(a),Exceptions: Nombre de demandes - Article: 18.1(1)a),Q11R57C1
Q4_2Row41Cell1,4,Section 4: Requests closed during the reporting period,Section 4 : Demandes fermées pendant la période d’établissement de rapport,4.2,4.2 Exemptions,4.2 Exceptions,Exemptions: Number of requests - Section: 18.1(1)(b),Exceptions: Nombre de demandes - Article: 18.1(1)b),Q11R58C1
Q4_2Row42Cell1,4,Section 4: Requests closed during the reporting period,Section 4 : Demandes fermées pendant la période d’établissement de rapport,4.2,4.2 Exemptions,4.2 Exceptions,Exemptions: Number of requests - Section: 18.1(1)(c),Exceptions: Nombre de demandes - Article: 18.1(1)c),Q11R59C1
Q4_2Row43Cell1,4,Section 4: Requests closed during the reporting period,Section 4 : Demandes fermées pendant la période d’établissement de rapport,4.2,4.2 Exemptions,4.2 Exceptions,Exemptions: Number of requests - Section: 18.1(1)(d),Exceptions: Nombre de demandes - Article: 18.1(1)d),Q11R60C1
Q4_2Row44Cell1,4,Section 4: Requests closed during the reporting period,Section 4 : Demandes fermées pendant la période d’établissement de rapport,4.2,4.2 Exemptions,4.2 Exceptions,Exemptions: Number of requests - Section: 19(1),Exceptions: Nombre de demandes - Article: 19(1),Q11R61C1
Q4_2Row45Cell1,4,Section 4: Requests closed during the reporting period,Section 4 : Demandes fermées pendant la période d’établissement de rapport,4.2,4.2 Exemptions,4.2 Exceptions,Exemptions: Number of requests - Section: 20(1)(a),Exceptions: Nombre de demandes - Article: 20(1)a),Q12R1C1
Q4_2Row46Cell1,4,Section 4: Requests closed during the reporting period,Section 4 : Demandes fermées pendant la période d’établissement de rapport,4.2,4.2 Exemptions,4.2 Exceptions,Exemptions: Number of requests - Section: 20(1)(b),Exceptions: Nombre de demandes - Article: 20(1)b),Q12R2C1
Q4_2Row47Cell1,4,Section 4: Requests closed during the reporting period,Section 4 : Demandes fermées pendant la période d’établissement de rapport,4.2,4.2 Exemptions,4.2 Exceptions,Exemptions: Number of requests - Section: 20(1)(b.1),Exceptions: Nombre de demandes - Article: 20(1)b.1),Q12R3C1
Q4_2Row48Cell1,4,Section 4: Requests closed during the reporting period,Section 4 : Demandes fermées pendant la période d’établissement de rapport,4.2,4.2 Exemptions,4.2 Exceptions,Exemptions: Number of requests - Section: 20(1)(c),Exceptions: Nombre de demandes - Article: 20(1)c),Q12R4C1
Q4_2Row49Cell1,4,Section 4: Requests closed during the reporting period,Section 4 : Demandes fermées pendant la période d’établissement de rapport,4.2,4.2 Exemptions,4.2 Exceptions,Exemptions: Number of requests - Section: 20(1)(d),Exceptions: Nombre de demandes - Article: 20(1)d),Q12R5C1
Q4_2Row50Cell1,4,Section 4: Requests closed during the reporting period,Section 4 : Demandes fermées pendant la période d’établissement de rapport,4.2,4.2 Exemptions,4.2 Exceptions,Exemptions: Number of requests - Section: 20.1,Exceptions: Nombre de demandes - Article: 20.1,Q12R6C1
Q4_2Row51Cell1,4,Section 4: Requests closed during the reporting period,Section 4 : Demandes fermées pendant la période d’établissement de rapport,4.2,4.2 Exemptions,4.2 Exceptions,Exemptions: Number of requests - Section: 20.2,Exceptions: Nombre de demandes - Article: 20.2,Q12R7C1
Q4_2Row52Cell1,4,Section 4: Requests closed during the reporting period,Section 4 : Demandes fermées pendant la période d’établissement de rapport,4.2,4.2 Exemptions,4.2 Exceptions,Exemptions: Number of requests - Section: 20.4,Exceptions: Nombre de demandes - Article: 20.4,Q12R8C1
Q4_2Row53Cell1,4,Section 4: Requests closed during the reporting period,Section 4 : Demandes fermées pendant la période d’établissement de rapport,4.2,4.2 Exemptions,4.2 Exceptions,Exemptions: Number of requests - Section: 21(1)(a),Exceptions: Nombre de demandes - Article: 21(1)a),Q12R9C1
Q4_2Row54Cell1,4,Section 4: Requests closed during the reporting period,Section 4 : Demandes fermées pendant la période d’établissement de rapport,4.2,4.2 Exemptions,4.2 Exceptions,Exemptions: Number of requests - Section: 21(1)(b),Exceptions: Nombre de demandes - Article: 21(1)b),Q12R10C1
Q4_2Row55Cell1,4,Section 4: Requests closed during the reporting period,Section 4 : Demandes fermées pendant la période d’établissement de rapport,4.2,4.2 Exemptions,4.2 Exceptions,Exemptions: Number of requests - Section: 21(1)(c),Exceptions: Nombre de demandes - Article: 21(1)c),Q12R11C1
Q4_2Row56Cell1,4,Section 4: Requests closed during the reporting period,Section 4 : Demandes fermées pendant la période d’établissement de rapport,4.2,4.2 Exemptions,4.2 Exceptions,Exemptions: Number of requests - Section: 21(1)(d),Exceptions: Nombre de demandes - Article: 21(1)d),Q12R12C1
Q4_2Row57Cell1,4,Section 4: Requests closed during the reporting period,Section 4 : Demandes fermées pendant la période d’établissement de rapport,4.2,4.2 Exemptions,4.2 Exceptions,Exemptions: Number of requests - Section: 22,Exceptions: Nombre de demandes - Article: 22,Q12R13C1
Q4_2Row58Cell1,4,Section 4: Requests closed during the reporting period,Section 4 : Demandes fermées pendant la période d’établissement de rapport,4.2,4.2 Exemptions,4.2 Exceptions,Exemptions: Number of requests - Section: 22.1(1),Exceptions: Nombre de demandes - Article: 22.1(1),Q12R14C1
Q4_2Row59Cell1,4,Section 4: Requests closed during the reporting period,Section 4 : Demandes fermées pendant la période d’établissement de rapport,4.2,4.2 Exemptions,4.2 Exceptions,Exemptions: Number of requests - Section: 23,Exceptions: Nombre de demandes - Article: 23,Q12R15C1
Q4_2Row60Cell1,4,Section 4: Requests closed during the reporting period,Section 4 : Demandes fermées pendant la période d’établissement de rapport,4.2,4.2 Exemptions,4.2 Exceptions,Exemptions: Number of requests - Section: 23.1,Exceptions: Nombre de demandes - Article: 23,Q12R16C1
Q4_2Row61Cell1,4,Section 4: Requests closed during the reporting period,Section 4 : Demandes fermées pendant la période d’établissement de rapport,4.2,4.2 Exemptions,4.2 Exceptions,Exemptions: Number of requests - Section: 24(1),Exceptions: Nombre de demandes - Article: 24(1),Q12R17C1
Q4_2Row62Cell1,4,Section 4: Requests closed during the reporting period,Section 4 : Demandes fermées pendant la période d’établissement de rapport,4.2,4.2 Exemptions,4.2 Exceptions,Exemptions: Number of requests - Section: 26,Exceptions: Nombre de demandes - Article: 26,Q12R18C1
Q4_3Row1Cell1,4,Section 4: Requests closed during the reporting period,Section 4 : Demandes fermées pendant la période d’établissement de rapport,4.3,4.3 Exclusions,4.3 Exclusions,Exclusions: Number of requests - Section: 68(a),Exclusions : Nombre de demandes - Article: 68a),Q12R19C1
Q4_3Row2Cell1,4,Section 4: Requests closed during the reporting period,Section 4 : Demandes fermées pendant la période d’établissement de rapport,4.3,4.3 Exclusions,4.3 Exclusions,Exclusions: Number of requests - Section: 68(b),Exclusions : Nombre de demandes - Article: 68b),Q12R20C1
Q4_3Row3Cell1,4,Section 4: Requests closed during the reporting period,Section 4 : Demandes fermées pendant la période d’établissement de rapport,4.3,4.3 Exclusions,4.3 Exclusions,Exclusions: Number of requests - Section: 68(c),Exclusions : Nombre de demandes - Article: 68c),Q13R1C1
Q4_3Row4Cell1,4,Section 4: Requests closed during the reporting period,Section 4 : Demandes fermées pendant la période d’établissement de rapport,4.3,4.3 Exclusions,4.3 Exclusions,Exclusions: Number of requests - Section: 68.1,Exclusions : Nombre de demandes - Article: 68.1,Q13R1C2
Q4_3Row5Cell1,4,Section 4: Requests closed during the reporting period,Section 4 : Demandes fermées pendant la période d’établissement de rapport,4.3,4.3 Exclusions,4.3 Exclusions,Exclusions: Number of requests - Section: 68.2(a),Exclusions : Nombre de demandes - Article: 68.2a),Q13R1C3
Q4_3Row6Cell1,4,Section 4: Requests closed during the reporting period,Section 4 : Demandes fermées pendant la période d’établissement de rapport,4.3,4.3 Exclusions,4.3 Exclusions,Exclusions: Number of requests - Section: 68.2(b),Exclusions : Nombre de demandes - Article: 68.2b),Q13R1C4
Q4_3Row7Cell1,4,Section 4: Requests closed during the reporting period,Section 4 : Demandes fermées pendant la période d’établissement de rapport,4.3,4.3 Exclusions,4.3 Exclusions,Exclusions: Number of requests - Section: 69(1),Exclusions : Nombre de demandes - Article: 69(1),Q13R1C5
Q4_3Row8Cell1,4,Section 4: Requests closed during the reporting period,Section 4 : Demandes fermées pendant la période d’établissement de rapport,4.3,4.3 Exclusions,4.3 Exclusions,Exclusions: Number of requests - Section: 69(1)(a),Exclusions : Nombre de demandes - Article: 69(1)a),Q13R1C6
Q4_3Row9Cell1,4,Section 4: Requests closed during the reporting period,Section 4 : Demandes fermées pendant la période d’établissement de rapport,4.3,4.3 Exclusions,4.3 Exclusions,Exclusions: Number of requests - Section: 69(1)(b),Exclusions : Nombre de demandes - Article: 69(1)b),Q14R1C1
Q4_3Row10Cell1,4,Section 4: Requests closed during the reporting period,Section 4 : Demandes fermées pendant la période d’établissement de rapport,4.3,4.3 Exclusions,4.3 Exclusions,Exclusions: Number of requests - Section: 69(1)(c),Exclusions : Nombre de demandes - Article: 69(1)c),Q14R1C2
Q4_3Row11Cell1,4,Section 4: Requests closed during the reporting period,Section 4 : Demandes fermées pendant la période d’établissement de rapport,4.3,4.3 Exclusions,4.3 Exclusions,Exclusions: Number of requests - Section: 69(1)(d),Exclusions : Nombre de demandes - Article: 69(1)d),Q14R1C3
Q4_3Row12Cell1,4,Section 4: Requests closed during the reporting period,Section 4 : Demandes fermées pendant la période d’établissement de rapport,4.3,4.3 Exclusions,4.3 Exclusions,Exclusions: Number of requests - Section: 69(1)(e),Exclusions : Nombre de demandes - Article: 69(1)e),Q15R1C1
Q4_3Row13Cell1,4,Section 4: Requests closed during the reporting period,Section 4 : Demandes fermées pendant la période d’établissement de rapport,4.3,4.3 Exclusions,4.3 Exclusions,Exclusions: Number of requests - Section: 69(1)(f),Exclusions : Nombre de demandes - Article: 69(1)f),Q15R1C2
Q4_3Row14Cell1,4,Section 4: Requests closed during the reporting period,Section 4 : Demandes fermées pendant la période d’établissement de rapport,4.3,4.3 Exclusions,4.3 Exclusions,Exclusions: Number of requests - Section: 69(1)(g) re (a),Exclusions : Nombre de demandes - Article: 69(1)g) re a),Q15R1C3
Q4_3Row15Cell1,4,Section 4: Requests closed during the reporting period,Section 4 : Demandes fermées pendant la période d’établissement de rapport,4.3,4.3 Exclusions,4.3 Exclusions,Exclusions: Number of requests - Section: 69(1)(g) re (b),Exclusions : Nombre de demandes - Article: 69(1)g) re b),Q15R1C4
Q4_3Row16Cell1,4,Section 4: Requests closed during the reporting period,Section 4 : Demandes fermées pendant la période d’établissement de rapport,4.3,4.3 Exclusions,4.3 Exclusions,Exclusions: Number of requests - Section: 69(1)(g) re (c),Exclusions : Nombre de demandes - Article: 69(1)g) re c),Q15R1C5
Q4_3Row17Cell1,4,Section 4: Requests closed during the reporting period,Section 4 : Demandes fermées pendant la période d’établissement de rapport,4.3,4.3 Exclusions,4.3 Exclusions,Exclusions: Number of requests - Section: 69(1)(g) re (d),Exclusions : Nombre de demandes - Article: 69(1)g) re d),Q15R1C6
Q4_3Row18Cell1,4,Section 4: Requests closed during the reporting period,Section 4 : Demandes fermées pendant la période d’établissement de rapport,4.3,4.3 Exclusions,4.3 Exclusions,Exclusions: Number of requests - Section: 69(1)(g) re (e),Exclusions : Nombre de demandes - Article: 69(1)g) re e),Q15R1C7
Q4_3Row19Cell1,4,Section 4: Requests closed during the reporting period,Section 4 : Demandes fermées pendant la période d’établissement de rapport,4.3,4.3 Exclusions,4.3 Exclusions,Exclusions: Number of requests - Section: 69.1(1)(g) re (f),Exclusions : Nombre de demandes - Article: 69.1(1)g) re f),Q15R1C8
Q4_3Row20Cell1,4,Section 4: Requests closed during the reporting period,Section 4 : Demandes fermées pendant la période d’établissement de rapport,4.3,4.3 Exclusions,4.3 Exclusions,Exclusions: Number of requests - Section: 69.1(1),Exclusions : Nombre de demandes - Article: 69.1(1),Q15R1C9
Q4_4Row1Cell1,4,Section 4: Requests closed during the reporting period,Section 4 : Demandes fermées pendant la période d’établissement de rapport,4.4,4.4 Format of information released,4.4 Format des documents communiquées,Format of information released - Paper,Format des documents communiquées - Papier,Q15R1C10
Q4_4Row1Cell2a,4,Section 4: Requests closed during the reporting period,Section 4 : Demandes fermées pendant la période d’établissement de rapport,4.4,4.4 Format of information released,4.4 Format des documents communiquées,Format of information released - Electronic: E-record,Format des documents communiquées - Électronique: Document électronique,Q15R2C1
Q4_4Row1Cell2b,4,Section 4: Requests closed during the reporting period,Section 4 : Demandes fermées pendant la période d’établissement de rapport,4.4,4.4 Format of information released,4.4 Format des documents communiquées,Format of information released - Electronic: Data set,Format des documents communiquées - Électronique: Ensemble de données,Q15R2C2
Q4_4Row1Cell2c,4,Section 4: Requests closed during the reporting period,Section 4 : Demandes fermées pendant la période d’établissement de rapport,4.4,4.4 Format of information released,4.4 Format des documents communiquées,Format of information released - Electronic: Video,Format des documents communiquées - Électronique: Vidéo,Q15R2C3
Q4_4Row1Cell2d,4,Section 4: Requests closed during the reporting period,Section 4 : Demandes fermées pendant la période d’établissement de rapport,4.4,4.4 Format of information released,4.4 Format des documents communiquées,Format of information released - Electronic: Audio,Format des documents communiquées - Électronique: Audio,Q15R2C4
Q4_4Row1Cell3,4,Section 4: Requests closed during the reporting period,Section 4 : Demandes fermées pendant la période d’établissement de rapport,4.4,4.4 Format of information released,4.4 Format des documents communiquées,Format of information released - Other,Format des documents communiquées - Autres,Q15R2C5
Q4_5_1Row1Cell1,4,Section 4: Requests closed during the reporting period,Section 4 : Demandes fermées pendant la période d’établissement de rapport,4.5.1,4.5.1 Relevant pages processed and disclosed forpaperande-recordformats,4.5.1 Pages pertinentes traitées et communiquées en formatspapieretdocument électronique,Relevant pages processed and disclosed for paper and e-record formats - Number of pages processed,Pages pertinentes traitées et communiquées en formats papier et document électronique - Nombre de pages traitées,Q15R2C6
Q4_5_1Row1Cell2,4,Section 4: Requests closed during the reporting period,Section 4 : Demandes fermées pendant la période d’établissement de rapport,4.5.1,4.5.1 Relevant pages processed and disclosed forpaperande-recordformats,4.5.1 Pages pertinentes traitées et communiquées en formatspapieretdocument électronique,Relevant pages processed and disclosed for paper and e-record formats - Number of pages disclosed,Pages pertinentes traitées et communiquées en formats papier et document électronique - Nombre de pages communiquées,Q15R2C7
Q4_5_1Row1Cell3,4,Section 4: Requests closed during the reporting period,Section 4 : Demandes fermées pendant la période d’établissement de rapport,4.5.1,4.5.1 Relevant pages processed and disclosed forpaperande-recordformats,4.5.1 Pages pertinentes traitées et communiquées en formatspapieretdocument électronique,Relevant pages processed and disclosed for paper and e-record formats - Number of requests,Pages pertinentes traitées et communiquées en formats papier et document électronique - Nombre de demandes,Q15R2C8
Q4_5_2Row1Cell1,4,Section 4: Requests closed during the reporting period,Section 4 : Demandes fermées pendant la période d’établissement de rapport,4.5.2,4.5.2 Relevant pages processed per request disposition forpaperande-recordformats by size of requests,4.5.2 Pages pertinentes traitées et communiquées en fonction de l’ampleur des demandes en formatspapieretdocument électroniquepar disposition des demandes,Less than 100 pages processed: Number of requests - Disposition: All disclosed,Moins de 100 pages traitées: Nombre de demandes - Communication totale,Q15R2C9
Q4_5_2Row2Cell1,4,Section 4: Requests closed during the reporting period,Section 4 : Demandes fermées pendant la période d’établissement de rapport,4.5.2,4.5.2 Relevant pages processed per request disposition forpaperande-recordformats by size of requests,4.5.2 Pages pertinentes traitées et communiquées en fonction de l’ampleur des demandes en formatspapieretdocument électroniquepar disposition des demandes,Less than 100 pages processed: Number of requests - Disposition: Disclosed in part,Moins de 100 pages traitées: Nombre de demandes - Disposition: Communication partielle,Q15R2C10
Q4_5_2Row3Cell1,4,Section 4: Requests closed during the reporting period,Section 4 : Demandes fermées pendant la période d’établissement de rapport,4.5.2,4.5.2 Relevant pages processed per request disposition forpaperande-recordformats by size of requests,4.5.2 Pages pertinentes traitées et communiquées en fonction de l’ampleur des demandes en formatspapieretdocument électroniquepar disposition des demandes,Less than 100 pages processed: Number of requests - Disposition: All exempted,Moins de 100 pages traitées: Nombre de demandes - Exception totale,Q15R3C1
Q4_5_2Row4Cell1,4,Section 4: Requests closed during the reporting period,Section 4 : Demandes fermées pendant la période d’établissement de rapport,4.5.2,4.5.2 Relevant pages processed per request disposition forpaperande-recordformats by size of requests,4.5.2 Pages pertinentes traitées et communiquées en fonction de l’ampleur des demandes en formatspapieretdocument électroniquepar disposition des demandes,Less than 100 pages processed: Number of requests - Disposition: All excluded,Moins de 100 pages traitées: Nombre de demandes - Exclusion totale,Q15R3C2
Q4_5_2Row5Cell1,4,Section 4: Requests closed during the reporting period,Section 4 : Demandes fermées pendant la période d’établissement de rapport,4.5.2,4.5.2 Relevant pages processed per request disposition forpaperande-recordformats by size of requests,4.5.2 Pages pertinentes traitées et communiquées en fonction de l’ampleur des demandes en formatspapieretdocument électroniquepar disposition des demandes,Less than 100 pages processed: Number of requests - Disposition: Abandoned,Moins de 100 pages traitées: Nombre de demandes - Disposition: Demande abandonnée,Q15R3C3
Q4_5_2Row6Cell1,4,Section 4: Requests closed during the reporting period,Section 4 : Demandes fermées pendant la période d’établissement de rapport,4.5.2,4.5.2 Relevant pages processed per request disposition forpaperande-recordformats by size of requests,4.5.2 Pages pertinentes traitées et communiquées en fonction de l’ampleur des demandes en formatspapieretdocument électroniquepar disposition des demandes,Less than 100 pages processed: Number of requests - Disposition: Neither confirmed nor denied,Moins de 100 pages traitées: Nombre de demandes - Disposition: Ni confirmée ni infirmée,Q15R3C4
Q4_5_2Row7Cell1,4,Section 4: Requests closed during the reporting period,Section 4 : Demandes fermées pendant la période d’établissement de rapport,4.5.2,4.5.2 Relevant pages processed per request disposition forpaperande-recordformats by size of requests,4.5.2 Pages pertinentes traitées et communiquées en fonction de l’ampleur des demandes en formatspapieretdocument électroniquepar disposition des demandes,Less than 100 pages processed: Number of requests - Disposition: Declined to act with the approval of the Information Commissioner,Moins de 100 pages traitées: Nombre de demandes - Disposition: Refus d’agir avec l’approbation de la Commissaire à l’information,Q15R3C5
Q4_5_2Row8Cell1,4,Section 4: Requests closed during the reporting period,Section 4 : Demandes fermées pendant la période d’établissement de rapport,4.5.2,4.5.2 Relevant pages processed per request disposition forpaperande-recordformats by size of requests,4.5.2 Pages pertinentes traitées et communiquées en fonction de l’ampleur des demandes en formatspapieretdocument électroniquepar disposition des demandes,Less than 100 pages processed: Number of requests - Disposition: Total,Moins de 100 pages traitées: Nombre de demandes - Disposition: Total,Q15R3C6
Q4_5_2Row1Cell2,4,Section 4: Requests closed during the reporting period,Section 4 : Demandes fermées pendant la période d’établissement de rapport,4.5.2,4.5.2 Relevant pages processed per request disposition forpaperande-recordformats by size of requests,4.5.2 Pages pertinentes traitées et communiquées en fonction de l’ampleur des demandes en formatspapieretdocument électroniquepar disposition des demandes,Less than 100 pages processed: Pages processed - Disposition: All disclosed,Moins de 100 pages traitées: Pages traitées - Communication totale,Q15R3C7
Q4_5_2Row2Cell2,4,Section 4: Requests closed during the reporting period,Section 4 : Demandes fermées pendant la période d’établissement de rapport,4.5.2,4.5.2 Relevant pages processed per request disposition forpaperande-recordformats by size of requests,4.5.2 Pages pertinentes traitées et communiquées en fonction de l’ampleur des demandes en formatspapieretdocument électroniquepar disposition des demandes,Less than 100 pages processed: Pages processed - Disposition: Disclosed in part,Moins de 100 pages traitées: Pages traitées - Disposition: Communication partielle,Q15R3C8
Q4_5_2Row3Cell2,4,Section 4: Requests closed during the reporting period,Section 4 : Demandes fermées pendant la période d’établissement de rapport,4.5.2,4.5.2 Relevant pages processed per request disposition forpaperande-recordformats by size of requests,4.5.2 Pages pertinentes traitées et communiquées en fonction de l’ampleur des demandes en formatspapieretdocument électroniquepar disposition des demandes,Less than 100 pages processed: Pages processed - Disposition: All exempted,Moins de 100 pages traitées: Pages traitées - Exception totale,Q15R3C9
Q4_5_2Row4Cell2,4,Section 4: Requests closed during the reporting period,Section 4 : Demandes fermées pendant la période d’établissement de rapport,4.5.2,4.5.2 Relevant pages processed per request disposition forpaperande-recordformats by size of requests,4.5.2 Pages pertinentes traitées et communiquées en fonction de l’ampleur des demandes en formatspapieretdocument électroniquepar disposition des demandes,Less than 100 pages processed: Pages processed - Disposition: All excluded,Moins de 100 pages traitées: Pages traitées - Exclusion totale,Q15R3C10
Q4_5_2Row5Cell2,4,Section 4: Requests closed during the reporting period,Section 4 : Demandes fermées pendant la période d’établissement de rapport,4.5.2,4.5.2 Relevant pages processed per request disposition forpaperande-recordformats by size of requests,4.5.2 Pages pertinentes traitées et communiquées en fonction de l’ampleur des demandes en formatspapieretdocument électroniquepar disposition des demandes,Less than 100 pages processed: Pages processed - Disposition: Abandoned,Moins de 100 pages traitées: Pages traitées - Disposition: Demande abandonnée,Q15R4C1
Q4_5_2Row6Cell2,4,Section 4: Requests closed during the reporting period,Section 4 : Demandes fermées pendant la période d’établissement de rapport,4.5.2,4.5.2 Relevant pages processed per request disposition forpaperande-recordformats by size of requests,4.5.2 Pages pertinentes traitées et communiquées en fonction de l’ampleur des demandes en formatspapieretdocument électroniquepar disposition des demandes,Less than 100 pages processed: Pages processed - Disposition: Neither confirmed nor denied,Moins de 100 pages traitées: Pages traitées - Disposition: Ni confirmée ni infirmée,Q15R4C2
Q4_5_2Row7Cell2,4,Section 4: Requests closed during the reporting period,Section 4 : Demandes fermées pendant la période d’établissement de rapport,4.5.2,4.5.2 Relevant pages processed per request disposition forpaperande-recordformats by size of requests,4.5.2 Pages pertinentes traitées et communiquées en fonction de l’ampleur des demandes en formatspapieretdocument électroniquepar disposition des demandes,Less than 100 pages processed: Pages processed - Disposition: Declined to act with the approval of the Information Commissioner,Moins de 100 pages traitées: Pages traitées - Disposition: Refus d’agir avec l’approbation de la Commissaire à l’information,Q15R4C3
Q4_5_2Row8Cell2,4,Section 4: Requests closed during the reporting period,Section 4 : Demandes fermées pendant la période d’établissement de rapport,4.5.2,4.5.2 Relevant pages processed per request disposition forpaperande-recordformats by size of requests,4.5.2 Pages pertinentes traitées et communiquées en fonction de l’ampleur des demandes en formatspapieretdocument électroniquepar disposition des demandes,Less than 100 pages processed: Pages processed - Disposition: Total,Moins de 100 pages traitées: Pages traitées - Disposition: Total,Q15R4C4
Q4_5_2Row1Cell3,4,Section 4: Requests closed during the reporting period,Section 4 : Demandes fermées pendant la période d’établissement de rapport,4.5.2,4.5.2 Relevant pages processed per request disposition forpaperande-recordformats by size of requests,4.5.2 Pages pertinentes traitées et communiquées en fonction de l’ampleur des demandes en formatspapieretdocument électroniquepar disposition des demandes,100-500 pages processed: Number of requests - Disposition: All disclosed,101-500 pages processed: Nombre de demandes - Communication totale,Q15R4C5
Q4_5_2Row2Cell3,4,Section 4: Requests closed during the reporting period,Section 4 : Demandes fermées pendant la période d’établissement de rapport,4.5.2,4.5.2 Relevant pages processed per request disposition forpaperande-recordformats by size of requests,4.5.2 Pages pertinentes traitées et communiquées en fonction de l’ampleur des demandes en formatspapieretdocument électroniquepar disposition des demandes,100-500 pages processed: Number of requests - Disposition: Disclosed in part,101-500 pages processed: Nombre de demandes - Disposition: Communication partielle,Q15R4C6
Q4_5_2Row3Cell3,4,Section 4: Requests closed during the reporting period,Section 4 : Demandes fermées pendant la période d’établissement de rapport,4.5.2,4.5.2 Relevant pages processed per request disposition forpaperande-recordformats by size of requests,4.5.2 Pages pertinentes traitées et communiquées en fonction de l’ampleur des demandes en formatspapieretdocument électroniquepar disposition des demandes,100-500 pages processed: Number of requests - Disposition: All exempted,101-500 pages processed: Nombre de demandes - Exception totale,Q15R4C7
Q4_5_2Row4Cell3,4,Section 4: Requests closed during the reporting period,Section 4 : Demandes fermées pendant la période d’établissement de rapport,4.5.2,4.5.2 Relevant pages processed per request disposition forpaperande-recordformats by size of requests,4.5.2 Pages pertinentes traitées et communiquées en fonction de l’ampleur des demandes en formatspapieretdocument électroniquepar disposition des demandes,100-500 pages processed: Number of requests - Disposition: All excluded,101-500 pages processed: Nombre de demandes - Exclusion totale,Q15R4C8
Q4_5_2Row5Cell3,4,Section 4: Requests closed during the reporting period,Section 4 : Demandes fermées pendant la période d’établissement de rapport,4.5.2,4.5.2 Relevant pages processed per request disposition forpaperande-recordformats by size of requests,4.5.2 Pages pertinentes traitées et communiquées en fonction de l’ampleur des demandes en formatspapieretdocument électroniquepar disposition des demandes,100-500 pages processed: Number of requests - Disposition: Abandoned,101-500 pages processed: Nombre de demandes - Disposition: Demande abandonnée,Q15R4C9
Q4_5_2Row6Cell3,4,Section 4: Requests closed during the reporting period,Section 4 : Demandes fermées pendant la période d’établissement de rapport,4.5.2,4.5.2 Relevant pages processed per request disposition forpaperande-recordformats by size of requests,4.5.2 Pages pertinentes traitées et communiquées en fonction de l’ampleur des demandes en formatspapieretdocument électroniquepar disposition des demandes,100-500 pages processed: Number of requests - Disposition: Neither confirmed nor denied,101-500 pages processed: Nombre de demandes - Disposition: Ni confirmée ni infirmée,Q15R4C10
Q4_5_2Row7Cell3,4,Section 4: Requests closed during the reporting period,Section 4 : Demandes fermées pendant la période d’établissement de rapport,4.5.2,4.5.2 Relevant pages processed per request disposition forpaperande-recordformats by size of requests,4.5.2 Pages pertinentes traitées et communiquées en fonction de l’ampleur des demandes en formatspapieretdocument électroniquepar disposition des demandes,100-500 pages processed: Number of requests - Disposition: Declined to act with the approval of the Information Commissioner,101-500 pages processed: Nombre de demandes - Disposition: Refus d’agir avec l’approbation de la Commissaire à l’information,Q15R5C1
Q4_5_2Row8Cell3,4,Section 4: Requests closed during the reporting period,Section 4 : Demandes fermées pendant la période d’établissement de rapport,4.5.2,4.5.2 Relevant pages processed per request disposition forpaperande-recordformats by size of requests,4.5.2 Pages pertinentes traitées et communiquées en fonction de l’ampleur des demandes en formatspapieretdocument électroniquepar disposition des demandes,100-500 pages processed: Number of requests - Disposition: Total,101-500 pages processed: Nombre de demandes - Disposition: Total,Q15R5C2
Q4_5_2Row1Cell4,4,Section 4: Requests closed during the reporting period,Section 4 : Demandes fermées pendant la période d’établissement de rapport,4.5.2,4.5.2 Relevant pages processed per request disposition forpaperande-recordformats by size of requests,4.5.2 Pages pertinentes traitées et communiquées en fonction de l’ampleur des demandes en formatspapieretdocument électroniquepar disposition des demandes,100-500 pages processed: Pages processed - Disposition: All disclosed,101-500 pages processed: Pages traitées - Communication totale,Q15R5C3
Q4_5_2Row2Cell4,4,Section 4: Requests closed during the reporting period,Section 4 : Demandes fermées pendant la période d’établissement de rapport,4.5.2,4.5.2 Relevant pages processed per request disposition forpaperande-recordformats by size of requests,4.5.2 Pages pertinentes traitées et communiquées en fonction de l’ampleur des demandes en formatspapieretdocument électroniquepar disposition des demandes,100-500 pages processed: Pages processed - Disposition: Disclosed in part,101-500 pages processed: Pages traitées - Disposition: Communication partielle,Q15R5C4
Q4_5_2Row3Cell4,4,Section 4: Requests closed during the reporting period,Section 4 : Demandes fermées pendant la période d’établissement de rapport,4.5.2,4.5.2 Relevant pages processed per request disposition forpaperande-recordformats by size of requests,4.5.2 Pages pertinentes traitées et communiquées en fonction de l’ampleur des demandes en formatspapieretdocument électroniquepar disposition des demandes,100-500 pages processed: Pages processed - Disposition: All exempted,101-500 pages processed: Pages traitées - Exception totale,Q15R5C5
Q4_5_2Row4Cell4,4,Section 4: Requests closed during the reporting period,Section 4 : Demandes fermées pendant la période d’établissement de rapport,4.5.2,4.5.2 Relevant pages processed per request disposition forpaperande-recordformats by size of requests,4.5.2 Pages pertinentes traitées et communiquées en fonction de l’ampleur des demandes en formatspapieretdocument électroniquepar disposition des demandes,100-500 pages processed: Pages processed - Disposition: All excluded,101-500 pages processed: Pages traitées - Exclusion totale,Q15R5C6
Q4_5_2Row5Cell4,4,Section 4: Requests closed during the reporting period,Section 4 : Demandes fermées pendant la période d’établissement de rapport,4.5.2,4.5.2 Relevant pages processed per request disposition forpaperande-recordformats by size of requests,4.5.2 Pages pertinentes traitées et communiquées en fonction de l’ampleur des demandes en formatspapieretdocument électroniquepar disposition des demandes,100-500 pages processed: Pages processed - Disposition: Abandoned,101-500 pages processed: Pages traitées - Disposition: Demande abandonnée,Q15R5C7
Q4_5_2Row6Cell4,4,Section 4: Requests closed during the reporting period,Section 4 : Demandes fermées pendant la période d’établissement de rapport,4.5.2,4.5.2 Relevant pages processed per request disposition forpaperande-recordformats by size of requests,4.5.2 Pages pertinentes traitées et communiquées en fonction de l’ampleur des demandes en formatspapieretdocument électroniquepar disposition des demandes,100-500 pages processed: Pages processed - Disposition: Neither confirmed nor denied,101-500 pages processed: Pages traitées - Disposition: Ni confirmée ni infirmée,Q15R5C8
Q4_5_2Row7Cell4,4,Section 4: Requests closed during the reporting period,Section 4 : Demandes fermées pendant la période d’établissement de rapport,4.5.2,4.5.2 Relevant pages processed per request disposition forpaperande-recordformats by size of requests,4.5.2 Pages pertinentes traitées et communiquées en fonction de l’ampleur des demandes en formatspapieretdocument électroniquepar disposition des demandes,100-500 pages processed: Pages processed - Disposition: Declined to act with the approval of the Information Commissioner,101-500 pages processed: Pages traitées - Disposition: Refus d’agir avec l’approbation de la Commissaire à l’information,Q15R5C9
Q4_5_2Row8Cell4,4,Section 4: Requests closed during the reporting period,Section 4 : Demandes fermées pendant la période d’établissement de rapport,4.5.2,4.5.2 Relevant pages processed per request disposition forpaperande-recordformats by size of requests,4.5.2 Pages pertinentes traitées et communiquées en fonction de l’ampleur des demandes en formatspapieretdocument électroniquepar disposition des demandes,100-500 pages processed: Pages processed - Disposition: Total,101-500 pages processed: Pages traitées - Disposition: Total,Q15R5C10
Q4_5_2Row1Cell5,4,Section 4: Requests closed during the reporting period,Section 4 : Demandes fermées pendant la période d’établissement de rapport,4.5.2,4.5.2 Relevant pages processed per request disposition forpaperande-recordformats by size of requests,4.5.2 Pages pertinentes traitées et communiquées en fonction de l’ampleur des demandes en formatspapieretdocument électroniquepar disposition des demandes,501-1000 pages processed: Number of requests - Disposition: All disclosed,501 à 1 000 pages traitées: Nombre de demandes - Communication totale,Q15R6C1
Q4_5_2Row2Cell5,4,Section 4: Requests closed during the reporting period,Section 4 : Demandes fermées pendant la période d’établissement de rapport,4.5.2,4.5.2 Relevant pages processed per request disposition forpaperande-recordformats by size of requests,4.5.2 Pages pertinentes traitées et communiquées en fonction de l’ampleur des demandes en formatspapieretdocument électroniquepar disposition des demandes,501-1000 pages processed: Number of requests - Disposition: Disclosed in part,501 à 1 000 pages traitées: Nombre de demandes - Disposition: Communication partielle,Q15R6C2
Q4_5_2Row3Cell5,4,Section 4: Requests closed during the reporting period,Section 4 : Demandes fermées pendant la période d’établissement de rapport,4.5.2,4.5.2 Relevant pages processed per request disposition forpaperande-recordformats by size of requests,4.5.2 Pages pertinentes traitées et communiquées en fonction de l’ampleur des demandes en formatspapieretdocument électroniquepar disposition des demandes,501-1000 pages processed: Number of requests - Disposition: All exempted,501 à 1 000 pages traitées: Nombre de demandes - Exception totale,Q15R6C3
Q4_5_2Row4Cell5,4,Section 4: Requests closed during the reporting period,Section 4 : Demandes fermées pendant la période d’établissement de rapport,4.5.2,4.5.2 Relevant pages processed per request disposition forpaperande-recordformats by size of requests,4.5.2 Pages pertinentes traitées et communiquées en fonction de l’ampleur des demandes en formatspapieretdocument électroniquepar disposition des demandes,501-1000 pages processed: Number of requests - Disposition: All excluded,501 à 1 000 pages traitées: Nombre de demandes - Exclusion totale,Q15R6C4
Q4_5_2Row5Cell5,4,Section 4: Requests closed during the reporting period,Section 4 : Demandes fermées pendant la période d’établissement de rapport,4.5.2,4.5.2 Relevant pages processed per request disposition forpaperande-recordformats by size of requests,4.5.2 Pages pertinentes traitées et communiquées en fonction de l’ampleur des demandes en formatspapieretdocument électroniquepar disposition des demandes,501-1000 pages processed: Number of requests - Disposition: Abandoned,501 à 1 000 pages traitées: Nombre de demandes - Disposition: Demande abandonnée,Q15R6C5
Q4_5_2Row6Cell5,4,Section 4: Requests closed during the reporting period,Section 4 : Demandes fermées pendant la période d’établissement de rapport,4.5.2,4.5.2 Relevant pages processed per request disposition forpaperande-recordformats by size of requests,4.5.2 Pages pertinentes traitées et communiquées en fonction de l’ampleur des demandes en formatspapieretdocument électroniquepar disposition des demandes,501-1000 pages processed: Number of requests - Disposition: Neither confirmed nor denied,501 à 1 000 pages traitées: Nombre de demandes - Disposition: Ni confirmée ni infirmée,Q15R6C6
Q4_5_2Row7Cell5,4,Section 4: Requests closed during the reporting period,Section 4 : Demandes fermées pendant la période d’établissement de rapport,4.5.2,4.5.2 Relevant pages processed per request disposition forpaperande-recordformats by size of requests,4.5.2 Pages pertinentes traitées et communiquées en fonction de l’ampleur des demandes en formatspapieretdocument électroniquepar disposition des demandes,501-1000 pages processed: Number of requests - Disposition: Declined to act with the approval of the Information Commissioner,501 à 1 000 pages traitées: Nombre de demandes - Disposition: Refus d’agir avec l’approbation de la Commissaire à l’information,Q15R6C7
Q4_5_2Row8Cell5,4,Section 4: Requests closed during the reporting period,Section 4 : Demandes fermées pendant la période d’établissement de rapport,4.5.2,4.5.2 Relevant pages processed per request disposition forpaperande-recordformats by size of requests,4.5.2 Pages pertinentes traitées et communiquées en fonction de l’ampleur des demandes en formatspapieretdocument électroniquepar disposition des demandes,501-1000 pages processed: Number of requests - Disposition: Total,501 à 1 000 pages traitées: Nombre de demandes - Disposition: Total,Q15R6C8
Q4_5_2Row1Cell6,4,Section 4: Requests closed during the reporting period,Section 4 : Demandes fermées pendant la période d’établissement de rapport,4.5.2,4.5.2 Relevant pages processed per request disposition forpaperande-recordformats by size of requests,4.5.2 Pages pertinentes traitées et communiquées en fonction de l’ampleur des demandes en formatspapieretdocument électroniquepar disposition des demandes,501-1000 pages processed: Pages processed - Disposition: All disclosed,501 à 1 000 pages traitées: Pages traitées - Communication totale,Q15R6C9
Q4_5_2Row2Cell6,4,Section 4: Requests closed during the reporting period,Section 4 : Demandes fermées pendant la période d’établissement de rapport,4.5.2,4.5.2 Relevant pages processed per request disposition forpaperande-recordformats by size of requests,4.5.2 Pages pertinentes traitées et communiquées en fonction de l’ampleur des demandes en formatspapieretdocument électroniquepar disposition des demandes,501-1000 pages processed: Pages processed - Disposition: Disclosed in part,501 à 1 000 pages traitées: Pages traitées - Disposition: Communication partielle,Q15R6C10
Q4_5_2Row3Cell6,4,Section 4: Requests closed during the reporting period,Section 4 : Demandes fermées pendant la période d’établissement de rapport,4.5.2,4.5.2 Relevant pages processed per request disposition forpaperande-recordformats by size of requests,4.5.2 Pages pertinentes traitées et communiquées en fonction de l’ampleur des demandes en formatspapieretdocument électroniquepar disposition des demandes,501-1000 pages processed: Pages processed - Disposition: All exempted,501 à 1 000 pages traitées: Pages traitées - Exception totale,Q15R7C1
Q4_5_2Row4Cell6,4,Section 4: Requests closed during the reporting period,Section 4 : Demandes fermées pendant la période d’établissement de rapport,4.5.2,4.5.2 Relevant pages processed per request disposition forpaperande-recordformats by size of requests,4.5.2 Pages pertinentes traitées et communiquées en fonction de l’ampleur des demandes en formatspapieretdocument électroniquepar disposition des demandes,501-1000 pages processed: Pages processed - Disposition: All excluded,501 à 1 000 pages traitées: Pages traitées - Exclusion totale,Q15R7C2
Q4_5_2Row5Cell6,4,Section 4: Requests closed during the reporting period,Section 4 : Demandes fermées pendant la période d’établissement de rapport,4.5.2,4.5.2 Relevant pages processed per request disposition forpaperande-recordformats by size of requests,4.5.2 Pages pertinentes traitées et communiquées en fonction de l’ampleur des demandes en formatspapieretdocument électroniquepar disposition des demandes,501-1000 pages processed: Pages processed - Disposition: Abandoned,501 à 1 000 pages traitées: Pages traitées - Disposition: Demande abandonnée,Q15R7C3
Q4_5_2Row6Cell6,4,Section 4: Requests closed during the reporting period,Section 4 : Demandes fermées pendant la période d’établissement de rapport,4.5.2,4.5.2 Relevant pages processed per request disposition forpaperande-recordformats by size of requests,4.5.2 Pages pertinentes traitées et communiquées en fonction de l’ampleur des demandes en formatspapieretdocument électroniquepar disposition des demandes,501-1000 pages processed: Pages processed - Disposition: Neither confirmed nor denied,501 à 1 000 pages traitées: Pages traitées - Disposition: Ni confirmée ni infirmée,Q15R7C4
Q4_5_2Row7Cell6,4,Section 4: Requests closed during the reporting period,Section 4 : Demandes fermées pendant la période d’établissement de rapport,4.5.2,4.5.2 Relevant pages processed per request disposition forpaperande-recordformats by size of requests,4.5.2 Pages pertinentes traitées et communiquées en fonction de l’ampleur des demandes en formatspapieretdocument électroniquepar disposition des demandes,501-1000 pages processed: Pages processed - Disposition: Declined to act with the approval of the Information Commissioner,501 à 1 000 pages traitées: Pages traitées - Disposition: Refus d’agir avec l’approbation de la Commissaire à l’information,Q15R7C5
Q4_5_2Row8Cell6,4,Section 4: Requests closed during the reporting period,Section 4 : Demandes fermées pendant la période d’établissement de rapport,4.5.2,4.5.2 Relevant pages processed per request disposition forpaperande-recordformats by size of requests,4.5.2 Pages pertinentes traitées et communiquées en fonction de l’ampleur des demandes en formatspapieretdocument électroniquepar disposition des demandes,501-1000 pages processed: Pages processed - Disposition: Total,501 à 1 000 pages traitées: Pages traitées - Disposition: Total,Q15R7C6
Q4_5_2Row1Cell7,4,Section 4: Requests closed during the reporting period,Section 4 : Demandes fermées pendant la période d’établissement de rapport,4.5.2,4.5.2 Relevant pages processed per request disposition forpaperande-recordformats by size of requests,4.5.2 Pages pertinentes traitées et communiquées en fonction de l’ampleur des demandes en formatspapieretdocument électroniquepar disposition des demandes,1001-5000 pages processed: Number of requests - Disposition: All disclosed,1 001 à 5 000 pages traitées: Nombre de demandes - Communication totale,Q15R7C7
Q4_5_2Row2Cell7,4,Section 4: Requests closed during the reporting period,Section 4 : Demandes fermées pendant la période d’établissement de rapport,4.5.2,4.5.2 Relevant pages processed per request disposition forpaperande-recordformats by size of requests,4.5.2 Pages pertinentes traitées et communiquées en fonction de l’ampleur des demandes en formatspapieretdocument électroniquepar disposition des demandes,1001-5000 pages processed: Number of requests - Disposition: Disclosed in part,1 001 à 5 000 pages traitées: Nombre de demandes - Disposition: Communication partielle,Q15R7C8
Q4_5_2Row3Cell7,4,Section 4: Requests closed during the reporting period,Section 4 : Demandes fermées pendant la période d’établissement de rapport,4.5.2,4.5.2 Relevant pages processed per request disposition forpaperande-recordformats by size of requests,4.5.2 Pages pertinentes traitées et communiquées en fonction de l’ampleur des demandes en formatspapieretdocument électroniquepar disposition des demandes,1001-5000 pages processed: Number of requests - Disposition: All exempted,1 001 à 5 000 pages traitées: Nombre de demandes - Exception totale,Q15R7C9
Q4_5_2Row4Cell7,4,Section 4: Requests closed during the reporting period,Section 4 : Demandes fermées pendant la période d’établissement de rapport,4.5.2,4.5.2 Relevant pages processed per request disposition forpaperande-recordformats by size of requests,4.5.2 Pages pertinentes traitées et communiquées en fonction de l’ampleur des demandes en formatspapieretdocument électroniquepar disposition des demandes,1001-5000 pages processed: Number of requests - Disposition: All excluded,1 001 à 5 000 pages traitées: Nombre de demandes - Exclusion totale,Q15R7C10
Q4_5_2Row5Cell7,4,Section 4: Requests closed during the reporting period,Section 4 : Demandes fermées pendant la période d’établissement de rapport,4.5.2,4.5.2 Relevant pages processed per request disposition forpaperande-recordformats by size of requests,4.5.2 Pages pertinentes traitées et communiquées en fonction de l’ampleur des demandes en formatspapieretdocument électroniquepar disposition des demandes,1001-5000 pages processed: Number of requests - Disposition: Abandoned,1 001 à 5 000 pages traitées: Nombre de demandes - Disposition: Demande abandonnée,Q16R1C1
Q4_5_2Row6Cell7,4,Section 4: Requests closed during the reporting period,Section 4 : Demandes fermées pendant la période d’établissement de rapport,4.5.2,4.5.2 Relevant pages processed per request disposition forpaperande-recordformats by size of requests,4.5.2 Pages pertinentes traitées et communiquées en fonction de l’ampleur des demandes en formatspapieretdocument électroniquepar disposition des demandes,1001-5000 pages processed: Number of requests - Disposition: Neither confirmed nor denied,1 001 à 5 000 pages traitées: Nombre de demandes - Disposition: Ni confirmée ni infirmée,Q16R1C2
Q4_5_2Row7Cell7,4,Section 4: Requests closed during the reporting period,Section 4 : Demandes fermées pendant la période d’établissement de rapport,4.5.2,4.5.2 Relevant pages processed per request disposition forpaperande-recordformats by size of requests,4.5.2 Pages pertinentes traitées et communiquées en fonction de l’ampleur des demandes en formatspapieretdocument électroniquepar disposition des demandes,1001-5000 pages processed: Number of requests - Disposition: Declined to act with the approval of the Information Commissioner,1 001 à 5 000 pages traitées: Nombre de demandes - Disposition: Refus d’agir avec l’approbation de la Commissaire à l’information,Q16R1C3
Q4_5_2Row8Cell7,4,Section 4: Requests closed during the reporting period,Section 4 : Demandes fermées pendant la période d’établissement de rapport,4.5.2,4.5.2 Relevant pages processed per request disposition forpaperande-recordformats by size of requests,4.5.2 Pages pertinentes traitées et communiquées en fonction de l’ampleur des demandes en formatspapieretdocument électroniquepar disposition des demandes,1001-5000 pages processed: Number of requests - Disposition: Total,1 001 à 5 000 pages traitées: Nombre de demandes - Disposition: Total,Q17R1C1
Q4_5_2Row1Cell8,4,Section 4: Requests closed during the reporting period,Section 4 : Demandes fermées pendant la période d’établissement de rapport,4.5.2,4.5.2 Relevant pages processed per request disposition forpaperande-recordformats by size of requests,4.5.2 Pages pertinentes traitées et communiquées en fonction de l’ampleur des demandes en formatspapieretdocument électroniquepar disposition des demandes,1001-5000 pages processed: Pages processed - Disposition: All disclosed,1 001 à 5 000 pages traitées: Pages traitées - Communication totale,Q17R1C2
Q4_5_2Row2Cell8,4,Section 4: Requests closed during the reporting period,Section 4 : Demandes fermées pendant la période d’établissement de rapport,4.5.2,4.5.2 Relevant pages processed per request disposition forpaperande-recordformats by size of requests,4.5.2 Pages pertinentes traitées et communiquées en fonction de l’ampleur des demandes en formatspapieretdocument électroniquepar disposition des demandes,1001-5000 pages processed: Pages processed - Disposition: Disclosed in part,1 001 à 5 000 pages traitées: Pages traitées - Disposition: Communication partielle,Q17R1C3
Q4_5_2Row3Cell8,4,Section 4: Requests closed during the reporting period,Section 4 : Demandes fermées pendant la période d’établissement de rapport,4.5.2,4.5.2 Relevant pages processed per request disposition forpaperande-recordformats by size of requests,4.5.2 Pages pertinentes traitées et communiquées en fonction de l’ampleur des demandes en formatspapieretdocument électroniquepar disposition des demandes,1001-5000 pages processed: Pages processed - Disposition: All exempted,1 001 à 5 000 pages traitées: Pages traitées - Exception totale,Q17R1C4
Q4_5_2Row4Cell8,4,Section 4: Requests closed during the reporting period,Section 4 : Demandes fermées pendant la période d’établissement de rapport,4.5.2,4.5.2 Relevant pages processed per request disposition forpaperande-recordformats by size of requests,4.5.2 Pages pertinentes traitées et communiquées en fonction de l’ampleur des demandes en formatspapieretdocument électroniquepar disposition des demandes,1001-5000 pages processed: Pages processed - Disposition: All excluded,1 001 à 5 000 pages traitées: Pages traitées - Exclusion totale,Q17R1C5
Q4_5_2Row5Cell8,4,Section 4: Requests closed during the reporting period,Section 4 : Demandes fermées pendant la période d’établissement de rapport,4.5.2,4.5.2 Relevant pages processed per request disposition forpaperande-recordformats by size of requests,4.5.2 Pages pertinentes traitées et communiquées en fonction de l’ampleur des demandes en formatspapieretdocument électroniquepar disposition des demandes,1001-5000 pages processed: Pages processed - Disposition: Abandoned,1 001 à 5 000 pages traitées: Pages traitées - Disposition: Demande abandonnée,Q17R1C6
Q4_5_2Row6Cell8,4,Section 4: Requests closed during the reporting period,Section 4 : Demandes fermées pendant la période d’établissement de rapport,4.5.2,4.5.2 Relevant pages processed per request disposition forpaperande-recordformats by size of requests,4.5.2 Pages pertinentes traitées et communiquées en fonction de l’ampleur des demandes en formatspapieretdocument électroniquepar disposition des demandes,1001-5000 pages processed: Pages processed - Disposition: Neither confirmed nor denied,1 001 à 5 000 pages traitées: Pages traitées - Disposition: Ni confirmée ni infirmée,Q17R2C1
Q4_5_2Row7Cell8,4,Section 4: Requests closed during the reporting period,Section 4 : Demandes fermées pendant la période d’établissement de rapport,4.5.2,4.5.2 Relevant pages processed per request disposition forpaperande-recordformats by size of requests,4.5.2 Pages pertinentes traitées et communiquées en fonction de l’ampleur des demandes en formatspapieretdocument électroniquepar disposition des demandes,1001-5000 pages processed: Pages processed - Disposition: Declined to act with the approval of the Information Commissioner,1 001 à 5 000 pages traitées: Pages traitées - Disposition: Refus d’agir avec l’approbation de la Commissaire à l’information,Q17R2C2
Q4_5_2Row8Cell8,4,Section 4: Requests closed during the reporting period,Section 4 : Demandes fermées pendant la période d’établissement de rapport,4.5.2,4.5.2 Relevant pages processed per request disposition forpaperande-recordformats by size of requests,4.5.2 Pages pertinentes traitées et communiquées en fonction de l’ampleur des demandes en formatspapieretdocument électroniquepar disposition des demandes,1001-5000 pages processed: Pages processed - Disposition: Total,1 001 à 5 000 pages traitées: Pages traitées - Disposition: Total,Q17R2C3
Q4_5_2Row1Cell9,4,Section 4: Requests closed during the reporting period,Section 4 : Demandes fermées pendant la période d’établissement de rapport,4.5.2,4.5.2 Relevant pages processed per request disposition forpaperande-recordformats by size of requests,4.5.2 Pages pertinentes traitées et communiquées en fonction de l’ampleur des demandes en formatspapieretdocument électroniquepar disposition des demandes,More than 5000 pages processed: Number of requests - Disposition: All disclosed,Plus de 5 000 pages traitées: Nombre de demandes - Communication totale,Q17R2C4
Q4_5_2Row2Cell9,4,Section 4: Requests closed during the reporting period,Section 4 : Demandes fermées pendant la période d’établissement de rapport,4.5.2,4.5.2 Relevant pages processed per request disposition forpaperande-recordformats by size of requests,4.5.2 Pages pertinentes traitées et communiquées en fonction de l’ampleur des demandes en formatspapieretdocument électroniquepar disposition des demandes,More than 5000 pages processed: Number of requests - Disposition: Disclosed in part,Plus de 5 000 pages traitées: Nombre de demandes - Disposition: Communication partielle,Q17R2C5
Q4_5_2Row3Cell9,4,Section 4: Requests closed during the reporting period,Section 4 : Demandes fermées pendant la période d’établissement de rapport,4.5.2,4.5.2 Relevant pages processed per request disposition forpaperande-recordformats by size of requests,4.5.2 Pages pertinentes traitées et communiquées en fonction de l’ampleur des demandes en formatspapieretdocument électroniquepar disposition des demandes,More than 5000 pages processed: Number of requests - Disposition: All exempted,Plus de 5 000 pages traitées: Nombre de demandes - Exception totale,Q17R2C6
Q4_5_2Row4Cell9,4,Section 4: Requests closed during the reporting period,Section 4 : Demandes fermées pendant la période d’établissement de rapport,4.5.2,4.5.2 Relevant pages processed per request disposition forpaperande-recordformats by size of requests,4.5.2 Pages pertinentes traitées et communiquées en fonction de l’ampleur des demandes en formatspapieretdocument électroniquepar disposition des demandes,More than 5000 pages processed: Number of requests - Disposition: All excluded,Plus de 5 000 pages traitées: Nombre de demandes - Exclusion totale,Q17R3C1
Q4_5_2Row5Cell9,4,Section 4: Requests closed during the reporting period,Section 4 : Demandes fermées pendant la période d’établissement de rapport,4.5.2,4.5.2 Relevant pages processed per request disposition forpaperande-recordformats by size of requests,4.5.2 Pages pertinentes traitées et communiquées en fonction de l’ampleur des demandes en formatspapieretdocument électroniquepar disposition des demandes,More than 5000 pages processed: Number of requests - Disposition: Abandoned,Plus de 5 000 pages traitées: Nombre de demandes - Disposition: Demande abandonnée,Q17R3C2
Q4_5_2Row6Cell9,4,Section 4: Requests closed during the reporting period,Section 4 : Demandes fermées pendant la période d’établissement de rapport,4.5.2,4.5.2 Relevant pages processed per request disposition forpaperande-recordformats by size of requests,4.5.2 Pages pertinentes traitées et communiquées en fonction de l’ampleur des demandes en formatspapieretdocument électroniquepar disposition des demandes,More than 5000 pages processed: Number of requests - Disposition: Neither confirmed nor denied,Plus de 5 000 pages traitées: Nombre de demandes - Disposition: Ni confirmée ni infirmée,Q17R3C3
Q4_5_2Row7Cell9,4,Section 4: Requests closed during the reporting period,Section 4 : Demandes fermées pendant la période d’établissement de rapport,4.5.2,4.5.2 Relevant pages processed per request disposition forpaperande-recordformats by size of requests,4.5.2 Pages pertinentes traitées et communiquées en fonction de l’ampleur des demandes en formatspapieretdocument électroniquepar disposition des demandes,More than 5000 pages processed: Number of requests - Disposition: Declined to act with the approval of the Information Commissioner,Plus de 5 000 pages traitées: Nombre de demandes - Disposition: Refus d’agir avec l’approbation de la Commissaire à l’information,Q17R3C4
Q4_5_2Row8Cell9,4,Section 4: Requests closed during the reporting period,Section 4 : Demandes fermées pendant la période d’établissement de rapport,4.5.2,4.5.2 Relevant pages processed per request disposition forpaperande-recordformats by size of requests,4.5.2 Pages pertinentes traitées et communiquées en fonction de l’ampleur des demandes en formatspapieretdocument électroniquepar disposition des demandes,More than 5000 pages processed: Number of requests - Disposition: Total,Plus de 5 000 pages traitées: Nombre de demandes - Disposition: Total,Q17R3C5
Q4_5_2Row1Cell10,4,Section 4: Requests closed during the reporting period,Section 4 : Demandes fermées pendant la période d’établissement de rapport,4.5.2,4.5.2 Relevant pages processed per request disposition forpaperande-recordformats by size of requests,4.5.2 Pages pertinentes traitées et communiquées en fonction de l’ampleur des demandes en formatspapieretdocument électroniquepar disposition des demandes,More than 5000 pages processed: Pages processed - Disposition: All disclosed,Plus de 5 000 pages traitées: Pages traitées - Communication totale,Q17R3C6
Q4_5_2Row2Cell10,4,Section 4: Requests closed during the reporting period,Section 4 : Demandes fermées pendant la période d’établissement de rapport,4.5.2,4.5.2 Relevant pages processed per request disposition forpaperande-recordformats by size of requests,4.5.2 Pages pertinentes traitées et communiquées en fonction de l’ampleur des demandes en formatspapieretdocument électroniquepar disposition des demandes,More than 5000 pages processed: Pages processed - Disposition: Disclosed in part,Plus de 5 000 pages traitées: Pages traitées - Disposition: Communication partielle,Q17R4C1
Q4_5_2Row3Cell10,4,Section 4: Requests closed during the reporting period,Section 4 : Demandes fermées pendant la période d’établissement de rapport,4.5.2,4.5.2 Relevant pages processed per request disposition forpaperande-recordformats by size of requests,4.5.2 Pages pertinentes traitées et communiquées en fonction de l’ampleur des demandes en formatspapieretdocument électroniquepar disposition des demandes,More than 5000 pages processed: Pages processed - Disposition: All exempted,Plus de 5 000 pages traitées: Pages traitées - Exception totale,Q17R4C2
Q4_5_2Row4Cell10,4,Section 4: Requests closed during the reporting period,Section 4 : Demandes fermées pendant la période d’établissement de rapport,4.5.2,4.5.2 Relevant pages processed per request disposition forpaperande-recordformats by size of requests,4.5.2 Pages pertinentes traitées et communiquées en fonction de l’ampleur des demandes en formatspapieretdocument électroniquepar disposition des demandes,More than 5000 pages processed: Pages processed - Disposition: All excluded,Plus de 5 000 pages traitées: Pages traitées - Exclusion totale,Q17R4C3
Q4_5_2Row5Cell10,4,Section 4: Requests closed during the reporting period,Section 4 : Demandes fermées pendant la période d’établissement de rapport,4.5.2,4.5.2 Relevant pages processed per request disposition forpaperande-recordformats by size of requests,4.5.2 Pages pertinentes traitées et communiquées en fonction de l’ampleur des demandes en formatspapieretdocument électroniquepar disposition des demandes,More than 5000 pages processed: Pages processed - Disposition: Abandoned,Plus de 5 000 pages traitées: Pages traitées - Disposition: Demande abandonnée,Q17R4C4
Q4_5_2Row6Cell10,4,Section 4: Requests closed during the reporting period,Section 4 : Demandes fermées pendant la période d’établissement de rapport,4.5.2,4.5.2 Relevant pages processed per request disposition forpaperande-recordformats by size of requests,4.5.2 Pages pertinentes traitées et communiquées en fonction de l’ampleur des demandes en formatspapieretdocument électroniquepar disposition des demandes,More than 5000 pages processed: Pages processed - Disposition: Neither confirmed nor denied,Plus de 5 000 pages traitées: Pages traitées - Disposition: Ni confirmée ni infirmée,Q17R4C5
Q4_5_2Row7Cell10,4,Section 4: Requests closed during the reporting period,Section 4 : Demandes fermées pendant la période d’établissement de rapport,4.5.2,4.5.2 Relevant pages processed per request disposition forpaperande-recordformats by size of requests,4.5.2 Pages pertinentes traitées et communiquées en fonction de l’ampleur des demandes en formatspapieretdocument électroniquepar disposition des demandes,More than 5000 pages processed: Pages processed - Disposition: Declined to act with the approval of the Information Commissioner,Plus de 5 000 pages traitées: Pages traitées - Disposition: Refus d’agir avec l’approbation de la Commissaire à l’information,Q17R4C6
Q4_5_2Row8Cell10,4,Section 4: Requests closed during the reporting period,Section 4 : Demandes fermées pendant la période d’établissement de rapport,4.5.2,4.5.2 Relevant pages processed per request disposition forpaperande-recordformats by size of requests,4.5.2 Pages pertinentes traitées et communiquées en fonction de l’ampleur des demandes en formatspapieretdocument électroniquepar disposition des demandes,More than 5000 pages processed: Pages processed - Disposition: Total,Plus de 5 000 pages traitées: Pages traitées - Disposition: Total,Q17R5C1
Q4_5_3Row1Cell1,4,Section 4: Requests closed during the reporting period,Section 4 : Demandes fermées pendant la période d’établissement de rapport,4.5.3,4.5.3 Relevant minutes processed and disclosed foraudioformats,4.5.3 Minutes pertinentes traitées et communiquées en formataudio,Relevant minutes processed and disclosed for audio formats - Number of minutes processed,Minutes pertinentes traitées et communiquées en format audio - Nombre de minutes traitées,Q17R5C2
Q4_5_3Row1Cell2,4,Section 4: Requests closed during the reporting period,Section 4 : Demandes fermées pendant la période d’établissement de rapport,4.5.3,4.5.3 Relevant minutes processed and disclosed foraudioformats,4.5.3 Minutes pertinentes traitées et communiquées en formataudio,Relevant minutes processed and disclosed for audio formats - Number of minutes disclosed,Minutes pertinentes traitées et communiquées en format audio - Nombre de minutes communiquées,Q17R5C3
Q4_5_3Row1Cell3,4,Section 4: Requests closed during the reporting period,Section 4 : Demandes fermées pendant la période d’établissement de rapport,4.5.3,4.5.3 Relevant minutes processed and disclosed foraudioformats,4.5.3 Minutes pertinentes traitées et communiquées en formataudio,Relevant minutes processed and disclosed for audio formats - Number of requests,Minutes pertinentes traitées et communiquées en format audio - Nombre de demandes,Q17R5C4
Q4_5_4Row1Cell1,4,Section 4: Requests closed during the reporting period,Section 4 : Demandes fermées pendant la période d’établissement de rapport,4.5.4,4.5.4 Relevant minutes processed per request disposition foraudioformats by size of requests,4.5.4 Minutes pertinentes traitées en fonction de l’ampleur des demandes en formataudiopar disposition des demandes,Relevant minutes processed per request disposition for audio formats by size of requests - Less Than 60 Minutes Processed: Number of requests - Disposition: All disclosed,Minutes pertinentes traitées en fonction de l’ampleur des demandes en format audio par disposition des demandes - Moins de 60 minutes traitées: Nombre de demandes - Communication totale,Q17R5C5
Q4_5_4Row1Cell2,4,Section 4: Requests closed during the reporting period,Section 4 : Demandes fermées pendant la période d’établissement de rapport,4.5.4,4.5.4 Relevant minutes processed per request disposition foraudioformats by size of requests,4.5.4 Minutes pertinentes traitées en fonction de l’ampleur des demandes en formataudiopar disposition des demandes,Relevant minutes processed per request disposition for audio formats by size of requests - Less Than 60 Minutes Processed: Minutes processed - Disposition: All disclosed,Minutes pertinentes traitées en fonction de l’ampleur des demandes en format audio par disposition des demandes - Moins de 60 minutes traitées: Minutes traitées - Communication totale,Q17R5C6
Q4_5_4Row1Cell3,4,Section 4: Requests closed during the reporting period,Section 4 : Demandes fermées pendant la période d’établissement de rapport,4.5.4,4.5.4 Relevant minutes processed per request disposition foraudioformats by size of requests,4.5.4 Minutes pertinentes traitées en fonction de l’ampleur des demandes en formataudiopar disposition des demandes,Relevant minutes processed per request disposition for audio formats by size of requests - 60 - 120 Minutes Processed: Number of requests - Disposition: All disclosed,Minutes pertinentes traitées en fonction de l’ampleur des demandes en format audio par disposition des demandes - 60 - 120 minutes traitées: Nombre de demandes - Communication totale,Q17R6C1
Q4_5_4Row1Cell4,4,Section 4: Requests closed during the reporting period,Section 4 : Demandes fermées pendant la période d’établissement de rapport,4.5.4,4.5.4 Relevant minutes processed per request disposition foraudioformats by size of requests,4.5.4 Minutes pertinentes traitées en fonction de l’ampleur des demandes en formataudiopar disposition des demandes,Relevant minutes processed per request disposition for audio formats by size of requests - 60 - 120 Minutes Processed: Minutes processed - Disposition: All disclosed,Minutes pertinentes traitées en fonction de l’ampleur des demandes en format audio par disposition des demandes - 60 - 120 minutes traitées: Minutes traitées - Communication totale,Q17R6C2
Q4_5_4Row1Cell5,4,Section 4: Requests closed during the reporting period,Section 4 : Demandes fermées pendant la période d’établissement de rapport,4.5.4,4.5.4 Relevant minutes processed per request disposition foraudioformats by size of requests,4.5.4 Minutes pertinentes traitées en fonction de l’ampleur des demandes en formataudiopar disposition des demandes,Relevant minutes processed per request disposition for audio formats by size of requests - More than 120 Minutes Processed: Number of requests - Disposition: All disclosed,Minutes pertinentes traitées en fonction de l’ampleur des demandes en format audio par disposition des demandes - Plus de 120 minutes traitées: Nombre de demandes - Communication totale,Q17R6C3
Q4_5_4Row1Cell6,4,Section 4: Requests closed during the reporting period,Section 4 : Demandes fermées pendant la période d’établissement de rapport,4.5.4,4.5.4 Relevant minutes processed per request disposition foraudioformats by size of requests,4.5.4 Minutes pertinentes traitées en fonction de l’ampleur des demandes en formataudiopar disposition des demandes,Relevant minutes processed per request disposition for audio formats by size of requests - More than 120 Minutes Processed: Minutes processed - Disposition: All disclosed,Minutes pertinentes traitées en fonction de l’ampleur des demandes en format audio par disposition des demandes - Plus de 120 minutes traitées: Minutes traitées - Communication totale,Q17R6C4
Q4_5_4Row2Cell1,4,Section 4: Requests closed during the reporting period,Section 4 : Demandes fermées pendant la période d’établissement de rapport,4.5.4,4.5.4 Relevant minutes processed per request disposition foraudioformats by size of requests,4.5.4 Minutes pertinentes traitées en fonction de l’ampleur des demandes en formataudiopar disposition des demandes,Relevant minutes processed per request disposition for audio formats by size of requests - Less Than 60 Minutes Processed: Number of requests - Disposition: Disclosed in part,Minutes pertinentes traitées en fonction de l’ampleur des demandes en format audio par disposition des demandes - Moins de 60 minutes traitées: Nombre de demandes - Disposition: Communication partielle,Q17R6C5
Q4_5_4Row2Cell2,4,Section 4: Requests closed during the reporting period,Section 4 : Demandes fermées pendant la période d’établissement de rapport,4.5.4,4.5.4 Relevant minutes processed per request disposition foraudioformats by size of requests,4.5.4 Minutes pertinentes traitées en fonction de l’ampleur des demandes en formataudiopar disposition des demandes,Relevant minutes processed per request disposition for audio formats by size of requests - Less Than 60 Minutes Processed: Minutes processed - Disposition: Disclosed in part,Minutes pertinentes traitées en fonction de l’ampleur des demandes en format audio par disposition des demandes - Moins de 60 minutes traitées: Minutes traitées - Disposition: Communication partielle,Q17R6C6
Q4_5_4Row2Cell3,4,Section 4: Requests closed during the reporting period,Section 4 : Demandes fermées pendant la période d’établissement de rapport,4.5.4,4.5.4 Relevant minutes processed per request disposition foraudioformats by size of requests,4.5.4 Minutes pertinentes traitées en fonction de l’ampleur des demandes en formataudiopar disposition des demandes,Relevant minutes processed per request disposition for audio formats by size of requests - 60 - 120 Minutes Processed: Number of requests - Disposition: Disclosed in part,Minutes pertinentes traitées en fonction de l’ampleur des demandes en format audio par disposition des demandes - 60 - 120 minutes traitées: Nombre de demandes - Disposition: Communication partielle,Q17R7C1
Q4_5_4Row2Cell4,4,Section 4: Requests closed during the reporting period,Section 4 : Demandes fermées pendant la période d’établissement de rapport,4.5.4,4.5.4 Relevant minutes processed per request disposition foraudioformats by size of requests,4.5.4 Minutes pertinentes traitées en fonction de l’ampleur des demandes en formataudiopar disposition des demandes,Relevant minutes processed per request disposition for audio formats by size of requests - 60 - 120 Minutes Processed: Minutes processed - Disposition: Disclosed in part,Minutes pertinentes traitées en fonction de l’ampleur des demandes en format audio par disposition des demandes - 60 - 120 minutes traitées: Minutes traitées - Disposition: Communication partielle,Q17R7C2
Q4_5_4Row2Cell5,4,Section 4: Requests closed during the reporting period,Section 4 : Demandes fermées pendant la période d’établissement de rapport,4.5.4,4.5.4 Relevant minutes processed per request disposition foraudioformats by size of requests,4.5.4 Minutes pertinentes traitées en fonction de l’ampleur des demandes en formataudiopar disposition des demandes,Relevant minutes processed per request disposition for audio formats by size of requests - More than 120 Minutes Processed: Number of requests - Disposition: Disclosed in part,Minutes pertinentes traitées en fonction de l’ampleur des demandes en format audio par disposition des demandes - Plus de 120 minutes traitées: Nombre de demandes - Disposition: Communication partielle,Q17R7C3
Q4_5_4Row2Cell6,4,Section 4: Requests closed during the reporting period,Section 4 : Demandes fermées pendant la période d’établissement de rapport,4.5.4,4.5.4 Relevant minutes processed per request disposition foraudioformats by size of requests,4.5.4 Minutes pertinentes traitées en fonction de l’ampleur des demandes en formataudiopar disposition des demandes,Relevant minutes processed per request disposition for audio formats by size of requests - More than 120 Minutes Processed: Minutes processed - Disposition: Disclosed in part,Minutes pertinentes traitées en fonction de l’ampleur des demandes en format audio par disposition des demandes - Plus de 120 minutes traitées: Minutes traitées - Disposition: Communication partielle,Q17R7C4
Q4_5_4Row3Cell1,4,Section 4: Requests closed during the reporting period,Section 4 : Demandes fermées pendant la période d’établissement de rapport,4.5.4,4.5.4 Relevant minutes processed per request disposition foraudioformats by size of requests,4.5.4 Minutes pertinentes traitées en fonction de l’ampleur des demandes en formataudiopar disposition des demandes,Relevant minutes processed per request disposition for audio formats by size of requests - Less Than 60 Minutes Processed: Number of requests - Disposition: All exempted,Minutes pertinentes traitées en fonction de l’ampleur des demandes en format audio par disposition des demandes - Moins de 60 minutes traitées: Nombre de demandes - Exception totale,Q17R7C5
Q4_5_4Row3Cell2,4,Section 4: Requests closed during the reporting period,Section 4 : Demandes fermées pendant la période d’établissement de rapport,4.5.4,4.5.4 Relevant minutes processed per request disposition foraudioformats by size of requests,4.5.4 Minutes pertinentes traitées en fonction de l’ampleur des demandes en formataudiopar disposition des demandes,Relevant minutes processed per request disposition for audio formats by size of requests - Less Than 60 Minutes Processed: Minutes processed - Disposition: All exempted,Minutes pertinentes traitées en fonction de l’ampleur des demandes en format audio par disposition des demandes - Moins de 60 minutes traitées: Minutes traitées - Exception totale,Q17R7C6
Q4_5_4Row3Cell3,4,Section 4: Requests closed during the reporting period,Section 4 : Demandes fermées pendant la période d’établissement de rapport,4.5.4,4.5.4 Relevant minutes processed per request disposition foraudioformats by size of requests,4.5.4 Minutes pertinentes traitées en fonction de l’ampleur des demandes en formataudiopar disposition des demandes,Relevant minutes processed per request disposition for audio formats by size of requests - 60 - 120 Minutes Processed: Number of requests - Disposition: All exempted,Minutes pertinentes traitées en fonction de l’ampleur des demandes en format audio par disposition des demandes - 60 - 120 minutes traitées: Nombre de demandes - Exception totale,Q18R1C1
Q4_5_4Row3Cell4,4,Section 4: Requests closed during the reporting period,Section 4 : Demandes fermées pendant la période d’établissement de rapport,4.5.4,4.5.4 Relevant minutes processed per request disposition foraudioformats by size of requests,4.5.4 Minutes pertinentes traitées en fonction de l’ampleur des demandes en formataudiopar disposition des demandes,Relevant minutes processed per request disposition for audio formats by size of requests - 60 - 120 Minutes Processed: Minutes processed - Disposition: All exempted,Minutes pertinentes traitées en fonction de l’ampleur des demandes en format audio par disposition des demandes - 60 - 120 minutes traitées: Minutes traitées - Exception totale,Q18R1C2
Q4_5_4Row3Cell5,4,Section 4: Requests closed during the reporting period,Section 4 : Demandes fermées pendant la période d’établissement de rapport,4.5.4,4.5.4 Relevant minutes processed per request disposition foraudioformats by size of requests,4.5.4 Minutes pertinentes traitées en fonction de l’ampleur des demandes en formataudiopar disposition des demandes,Relevant minutes processed per request disposition for audio formats by size of requests - More than 120 Minutes Processed: Number of requests - Disposition: All exempted,Minutes pertinentes traitées en fonction de l’ampleur des demandes en format audio par disposition des demandes - Plus de 120 minutes traitées: Nombre de demandes - Exception totale,Q18R1C3
Q4_5_4Row3Cell6,4,Section 4: Requests closed during the reporting period,Section 4 : Demandes fermées pendant la période d’établissement de rapport,4.5.4,4.5.4 Relevant minutes processed per request disposition foraudioformats by size of requests,4.5.4 Minutes pertinentes traitées en fonction de l’ampleur des demandes en formataudiopar disposition des demandes,Relevant minutes processed per request disposition for audio formats by size of requests - More than 120 Minutes Processed: Minutes processed - Disposition: All exempted,Minutes pertinentes traitées en fonction de l’ampleur des demandes en format audio par disposition des demandes - Plus de 120 minutes traitées: Minutes traitées - Exception totale,Q19R1C1
Q4_5_4Row4Cell1,4,Section 4: Requests closed during the reporting period,Section 4 : Demandes fermées pendant la période d’établissement de rapport,4.5.4,4.5.4 Relevant minutes processed per request disposition foraudioformats by size of requests,4.5.4 Minutes pertinentes traitées en fonction de l’ampleur des demandes en formataudiopar disposition des demandes,Relevant minutes processed per request disposition for audio formats by size of requests - Less Than 60 Minutes Processed: Number of requests - Disposition: All excluded,Minutes pertinentes traitées en fonction de l’ampleur des demandes en format audio par disposition des demandes - Moins de 60 minutes traitées: Nombre de demandes - Exclusion totale,Q19R1C2
Q4_5_4Row4Cell2,4,Section 4: Requests closed during the reporting period,Section 4 : Demandes fermées pendant la période d’établissement de rapport,4.5.4,4.5.4 Relevant minutes processed per request disposition foraudioformats by size of requests,4.5.4 Minutes pertinentes traitées en fonction de l’ampleur des demandes en formataudiopar disposition des demandes,Relevant minutes processed per request disposition for audio formats by size of requests - Less Than 60 Minutes Processed: Minutes processed - Disposition: All excluded,Minutes pertinentes traitées en fonction de l’ampleur des demandes en format audio par disposition des demandes - Moins de 60 minutes traitées: Minutes traitées - Exclusion totale,Q19R1C3
Q4_5_4Row4Cell3,4,Section 4: Requests closed during the reporting period,Section 4 : Demandes fermées pendant la période d’établissement de rapport,4.5.4,4.5.4 Relevant minutes processed per request disposition foraudioformats by size of requests,4.5.4 Minutes pertinentes traitées en fonction de l’ampleur des demandes en formataudiopar disposition des demandes,Relevant minutes processed per request disposition for audio formats by size of requests - 60 - 120 Minutes Processed: Number of requests - Disposition: All excluded,Minutes pertinentes traitées en fonction de l’ampleur des demandes en format audio par disposition des demandes - 60 - 120 minutes traitées: Nombre de demandes - Exclusion totale,Q19R1C4
Q4_5_4Row4Cell4,4,Section 4: Requests closed during the reporting period,Section 4 : Demandes fermées pendant la période d’établissement de rapport,4.5.4,4.5.4 Relevant minutes processed per request disposition foraudioformats by size of requests,4.5.4 Minutes pertinentes traitées en fonction de l’ampleur des demandes en formataudiopar disposition des demandes,Relevant minutes processed per request disposition for audio formats by size of requests - 60 - 120 Minutes Processed: Minutes processed - Disposition: All excluded,Minutes pertinentes traitées en fonction de l’ampleur des demandes en format audio par disposition des demandes - 60 - 120 minutes traitées: Minutes traitées - Exclusion totale,Q19R1C5
Q4_5_4Row4Cell5,4,Section 4: Requests closed during the reporting period,Section 4 : Demandes fermées pendant la période d’établissement de rapport,4.5.4,4.5.4 Relevant minutes processed per request disposition foraudioformats by size of requests,4.5.4 Minutes pertinentes traitées en fonction de l’ampleur des demandes en formataudiopar disposition des demandes,Relevant minutes processed per request disposition for audio formats by size of requests - More than 120 Minutes Processed: Number of requests - Disposition: All excluded,Minutes pertinentes traitées en fonction de l’ampleur des demandes en format audio par disposition des demandes - Plus de 120 minutes traitées: Nombre de demandes - Exclusion totale,Q19R1C6
Q4_5_4Row4Cell6,4,Section 4: Requests closed during the reporting period,Section 4 : Demandes fermées pendant la période d’établissement de rapport,4.5.4,4.5.4 Relevant minutes processed per request disposition foraudioformats by size of requests,4.5.4 Minutes pertinentes traitées en fonction de l’ampleur des demandes en formataudiopar disposition des demandes,Relevant minutes processed per request disposition for audio formats by size of requests - More than 120 Minutes Processed: Minutes processed - Disposition: All excluded,Minutes pertinentes traitées en fonction de l’ampleur des demandes en format audio par disposition des demandes - Plus de 120 minutes traitées: Minutes traitées - Exclusion totale,Q19R2C1
Q4_5_4Row5Cell1,4,Section 4: Requests closed during the reporting period,Section 4 : Demandes fermées pendant la période d’établissement de rapport,4.5.4,4.5.4 Relevant minutes processed per request disposition foraudioformats by size of requests,4.5.4 Minutes pertinentes traitées en fonction de l’ampleur des demandes en formataudiopar disposition des demandes,Relevant minutes processed per request disposition for audio formats by size of requests - Less Than 60 Minutes Processed: Number of requests - Disposition: Abandoned,Minutes pertinentes traitées en fonction de l’ampleur des demandes en format audio par disposition des demandes - Moins de 60 minutes traitées: Nombre de demandes - Disposition: Demande abandonnée,Q19R2C2
Q4_5_4Row5Cell2,4,Section 4: Requests closed during the reporting period,Section 4 : Demandes fermées pendant la période d’établissement de rapport,4.5.4,4.5.4 Relevant minutes processed per request disposition foraudioformats by size of requests,4.5.4 Minutes pertinentes traitées en fonction de l’ampleur des demandes en formataudiopar disposition des demandes,Relevant minutes processed per request disposition for audio formats by size of requests - Less Than 60 Minutes Processed: Minutes processed - Disposition: Abandoned,Minutes pertinentes traitées en fonction de l’ampleur des demandes en format audio par disposition des demandes - Moins de 60 minutes traitées: Minutes traitées - Disposition: Demande abandonnée,Q19R2C3
Q4_5_4Row5Cell3,4,Section 4: Requests closed during the reporting period,Section 4 : Demandes fermées pendant la période d’établissement de rapport,4.5.4,4.5.4 Relevant minutes processed per request disposition foraudioformats by size of requests,4.5.4 Minutes pertinentes traitées en fonction de l’ampleur des demandes en formataudiopar disposition des demandes,Relevant minutes processed per request disposition for audio formats by size of requests - 60 - 120 Minutes Processed: Number of requests - Disposition: Abandoned,Minutes pertinentes traitées en fonction de l’ampleur des demandes en format audio par disposition des demandes - 60 - 120 minutes traitées: Nombre de demandes - Disposition: Demande abandonnée,Q19R2C4
Q4_5_4Row5Cell4,4,Section 4: Requests closed during the reporting period,Section 4 : Demandes fermées pendant la période d’établissement de rapport,4.5.4,4.5.4 Relevant minutes processed per request disposition foraudioformats by size of requests,4.5.4 Minutes pertinentes traitées en fonction de l’ampleur des demandes en formataudiopar disposition des demandes,Relevant minutes processed per request disposition for audio formats by size of requests - 60 - 120 Minutes Processed: Minutes processed - Disposition: Abandoned,Minutes pertinentes traitées en fonction de l’ampleur des demandes en format audio par disposition des demandes - 60 - 120 minutes traitées: Minutes traitées - Disposition: Demande abandonnée,Q19R2C5
Q4_5_4Row5Cell5,4,Section 4: Requests closed during the reporting period,Section 4 : Demandes fermées pendant la période d’établissement de rapport,4.5.4,4.5.4 Relevant minutes processed per request disposition foraudioformats by size of requests,4.5.4 Minutes pertinentes traitées en fonction de l’ampleur des demandes en formataudiopar disposition des demandes,Relevant minutes processed per request disposition for audio formats by size of requests - More than 120 Minutes Processed: Number of requests - Disposition: Abandoned,Minutes pertinentes traitées en fonction de l’ampleur des demandes en format audio par disposition des demandes - Plus de 120 minutes traitées: Nombre de demandes - Disposition: Demande abandonnée,Q19R2C6
Q4_5_4Row5Cell6,4,Section 4: Requests closed during the reporting period,Section 4 : Demandes fermées pendant la période d’établissement de rapport,4.5.4,4.5.4 Relevant minutes processed per request disposition foraudioformats by size of requests,4.5.4 Minutes pertinentes traitées en fonction de l’ampleur des demandes en formataudiopar disposition des demandes,Relevant minutes processed per request disposition for audio formats by size of requests - More than 120 Minutes Processed: Minutes processed - Disposition: Abandoned,Minutes pertinentes traitées en fonction de l’ampleur des demandes en format audio par disposition des demandes - Plus de 120 minutes traitées: Minutes traitées - Disposition: Demande abandonnée,Q19R3C1
Q4_5_4Row6Cell1,4,Section 4: Requests closed during the reporting period,Section 4 : Demandes fermées pendant la période d’établissement de rapport,4.5.4,4.5.4 Relevant minutes processed per request disposition foraudioformats by size of requests,4.5.4 Minutes pertinentes traitées en fonction de l’ampleur des demandes en formataudiopar disposition des demandes,Relevant minutes processed per request disposition for audio formats by size of requests - Less Than 60 Minutes Processed: Number of requests - Disposition: Neither confirmed nor denied,Minutes pertinentes traitées en fonction de l’ampleur des demandes en format audio par disposition des demandes - Moins de 60 minutes traitées: Nombre de demandes - Disposition: Ni confirmée ni infirmée,Q19R3C2
Q4_5_4Row6Cell2,4,Section 4: Requests closed during the reporting period,Section 4 : Demandes fermées pendant la période d’établissement de rapport,4.5.4,4.5.4 Relevant minutes processed per request disposition foraudioformats by size of requests,4.5.4 Minutes pertinentes traitées en fonction de l’ampleur des demandes en formataudiopar disposition des demandes,Relevant minutes processed per request disposition for audio formats by size of requests - Less Than 60 Minutes Processed: Minutes processed - Disposition: Neither confirmed nor denied,Minutes pertinentes traitées en fonction de l’ampleur des demandes en format audio par disposition des demandes - Moins de 60 minutes traitées: Minutes traitées - Disposition: Ni confirmée ni infirmée,Q19R3C3
Q4_5_4Row6Cell3,4,Section 4: Requests closed during the reporting period,Section 4 : Demandes fermées pendant la période d’établissement de rapport,4.5.4,4.5.4 Relevant minutes processed per request disposition foraudioformats by size of requests,4.5.4 Minutes pertinentes traitées en fonction de l’ampleur des demandes en formataudiopar disposition des demandes,Relevant minutes processed per request disposition for audio formats by size of requests - 60 - 120 Minutes Processed: Number of requests - Disposition: Neither confirmed nor denied,Minutes pertinentes traitées en fonction de l’ampleur des demandes en format audio par disposition des demandes - 60 - 120 minutes traitées: Nombre de demandes - Disposition: Ni confirmée ni infirmée,Q19R3C4
Q4_5_4Row6Cell4,4,Section 4: Requests closed during the reporting period,Section 4 : Demandes fermées pendant la période d’établissement de rapport,4.5.4,4.5.4 Relevant minutes processed per request disposition foraudioformats by size of requests,4.5.4 Minutes pertinentes traitées en fonction de l’ampleur des demandes en formataudiopar disposition des demandes,Relevant minutes processed per request disposition for audio formats by size of requests - 60 - 120 Minutes Processed: Minutes processed - Disposition: Neither confirmed nor denied,Minutes pertinentes traitées en fonction de l’ampleur des demandes en format audio par disposition des demandes - 60 - 120 minutes traitées: Minutes traitées - Disposition: Ni confirmée ni infirmée,Q19R3C5
Q4_5_4Row6Cell5,4,Section 4: Requests closed during the reporting period,Section 4 : Demandes fermées pendant la période d’établissement de rapport,4.5.4,4.5.4 Relevant minutes processed per request disposition foraudioformats by size of requests,4.5.4 Minutes pertinentes traitées en fonction de l’ampleur des demandes en formataudiopar disposition des demandes,Relevant minutes processed per request disposition for audio formats by size of requests - More than 120 Minutes Processed: Number of requests - Disposition: Neither confirmed nor denied,Minutes pertinentes traitées en fonction de l’ampleur des demandes en format audio par disposition des demandes - Plus de 120 minutes traitées: Nombre de demandes - Disposition: Ni confirmée ni infirmée,Q19R3C6
Q4_5_4Row6Cell6,4,Section 4: Requests closed during the reporting period,Section 4 : Demandes fermées pendant la période d’établissement de rapport,4.5.4,4.5.4 Relevant minutes processed per request disposition foraudioformats by size of requests,4.5.4 Minutes pertinentes traitées en fonction de l’ampleur des demandes en formataudiopar disposition des demandes,Relevant minutes processed per request disposition for audio formats by size of requests - More than 120 Minutes Processed: Minutes processed - Disposition: Neither confirmed nor denied,Minutes pertinentes traitées en fonction de l’ampleur des demandes en format audio par disposition des demandes - Plus de 120 minutes traitées: Minutes traitées - Disposition: Ni confirmée ni infirmée,Q19R4C1
Q4_5_4Row7Cell1,4,Section 4: Requests closed during the reporting period,Section 4 : Demandes fermées pendant la période d’établissement de rapport,4.5.4,4.5.4 Relevant minutes processed per request disposition foraudioformats by size of requests,4.5.4 Minutes pertinentes traitées en fonction de l’ampleur des demandes en formataudiopar disposition des demandes,Relevant minutes processed per request disposition for audio formats by size of requests - Less Than 60 Minutes Processed: Number of requests - Disposition: Declined to act with the approval of the Information Commissioner,Minutes pertinentes traitées en fonction de l’ampleur des demandes en format audio par disposition des demandes - Moins de 60 minutes traitées: Nombre de demandes - Disposition: Refus d’agir avec l’approbation de la Commissaire à l’information,Q19R4C2
Q4_5_4Row7Cell2,4,Section 4: Requests closed during the reporting period,Section 4 : Demandes fermées pendant la période d’établissement de rapport,4.5.4,4.5.4 Relevant minutes processed per request disposition foraudioformats by size of requests,4.5.4 Minutes pertinentes traitées en fonction de l’ampleur des demandes en formataudiopar disposition des demandes,Relevant minutes processed per request disposition for audio formats by size of requests - Less Than 60 Minutes Processed: Minutes processed - Disposition: Declined to act with the approval of the Information Commissioner,Minutes pertinentes traitées en fonction de l’ampleur des demandes en format audio par disposition des demandes - Moins de 60 minutes traitées: Minutes traitées - Disposition: Refus d’agir avec l’approbation de la Commissaire à l’information,Q19R4C3
Q4_5_4Row7Cell3,4,Section 4: Requests closed during the reporting period,Section 4 : Demandes fermées pendant la période d’établissement de rapport,4.5.4,4.5.4 Relevant minutes processed per request disposition foraudioformats by size of requests,4.5.4 Minutes pertinentes traitées en fonction de l’ampleur des demandes en formataudiopar disposition des demandes,Relevant minutes processed per request disposition for audio formats by size of requests - 60 - 120 Minutes Processed: Number of requests - Disposition: Declined to act with the approval of the Information Commissioner,Minutes pertinentes traitées en fonction de l’ampleur des demandes en format audio par disposition des demandes - 60 - 120 minutes traitées: Nombre de demandes - Disposition: Refus d’agir avec l’approbation de la Commissaire à l’information,Q19R4C4
Q4_5_4Row7Cell4,4,Section 4: Requests closed during the reporting period,Section 4 : Demandes fermées pendant la période d’établissement de rapport,4.5.4,4.5.4 Relevant minutes processed per request disposition foraudioformats by size of requests,4.5.4 Minutes pertinentes traitées en fonction de l’ampleur des demandes en formataudiopar disposition des demandes,Relevant minutes processed per request disposition for audio formats by size of requests - 60 - 120 Minutes Processed: Minutes processed - Disposition: Declined to act with the approval of the Information Commissioner,Minutes pertinentes traitées en fonction de l’ampleur des demandes en format audio par disposition des demandes - 60 - 120 minutes traitées: Minutes traitées - Disposition: Refus d’agir avec l’approbation de la Commissaire à l’information,Q19R4C5
Q4_5_4Row7Cell5,4,Section 4: Requests closed during the reporting period,Section 4 : Demandes fermées pendant la période d’établissement de rapport,4.5.4,4.5.4 Relevant minutes processed per request disposition foraudioformats by size of requests,4.5.4 Minutes pertinentes traitées en fonction de l’ampleur des demandes en formataudiopar disposition des demandes,Relevant minutes processed per request disposition for audio formats by size of requests - More than 120 Minutes Processed: Number of requests - Disposition: Declined to act with the approval of the Information Commissioner,Minutes pertinentes traitées en fonction de l’ampleur des demandes en format audio par disposition des demandes - Plus de 120 minutes traitées: Nombre de demandes - Disposition: Refus d’agir avec l’approbation de la Commissaire à l’information,Q19R4C6
Q4_5_4Row7Cell6,4,Section 4: Requests closed during the reporting period,Section 4 : Demandes fermées pendant la période d’établissement de rapport,4.5.4,4.5.4 Relevant minutes processed per request disposition foraudioformats by size of requests,4.5.4 Minutes pertinentes traitées en fonction de l’ampleur des demandes en formataudiopar disposition des demandes,Relevant minutes processed per request disposition for audio formats by size of requests - More than 120 Minutes Processed: Minutes processed - Disposition: Declined to act with the approval of the Information Commissioner,Minutes pertinentes traitées en fonction de l’ampleur des demandes en format audio par disposition des demandes - Plus de 120 minutes traitées: Minutes traitées - Disposition: Refus d’agir avec l’approbation de la Commissaire à l’information,Q19R5C1
Q4_5_4Row8Cell1,4,Section 4: Requests closed during the reporting period,Section 4 : Demandes fermées pendant la période d’établissement de rapport,4.5.4,4.5.4 Relevant minutes processed per request disposition foraudioformats by size of requests,4.5.4 Minutes pertinentes traitées en fonction de l’ampleur des demandes en formataudiopar disposition des demandes,Relevant minutes processed per request disposition for audio formats by size of requests - Less Than 60 Minutes Processed: Number of requests - Disposition: Total,Minutes pertinentes traitées en fonction de l’ampleur des demandes en format audio par disposition des demandes - Moins de 60 minutes traitées: Nombre de demandes - Disposition: Total,Q19R5C2
Q4_5_4Row8Cell2,4,Section 4: Requests closed during the reporting period,Section 4 : Demandes fermées pendant la période d’établissement de rapport,4.5.4,4.5.4 Relevant minutes processed per request disposition foraudioformats by size of requests,4.5.4 Minutes pertinentes traitées en fonction de l’ampleur des demandes en formataudiopar disposition des demandes,Relevant minutes processed per request disposition for audio formats by size of requests - Less Than 60 Minutes Processed: Minutes processed - Disposition: Total,Minutes pertinentes traitées en fonction de l’ampleur des demandes en format audio par disposition des demandes - Moins de 60 minutes traitées: Minutes traitées - Disposition: Total,Q19R5C3
Q4_5_4Row8Cell3,4,Section 4: Requests closed during the reporting period,Section 4 : Demandes fermées pendant la période d’établissement de rapport,4.5.4,4.5.4 Relevant minutes processed per request disposition foraudioformats by size of requests,4.5.4 Minutes pertinentes traitées en fonction de l’ampleur des demandes en formataudiopar disposition des demandes,Relevant minutes processed per request disposition for audio formats by size of requests - 60 - 120 Minutes Processed: Number of requests - Disposition: Total,Minutes pertinentes traitées en fonction de l’ampleur des demandes en format audio par disposition des demandes - 60 - 120 minutes traitées: Nombre de demandes - Disposition: Total,Q19R5C4
Q4_5_4Row8Cell4,4,Section 4: Requests closed during the reporting period,Section 4 : Demandes fermées pendant la période d’établissement de rapport,4.5.4,4.5.4 Relevant minutes processed per request disposition foraudioformats by size of requests,4.5.4 Minutes pertinentes traitées en fonction de l’ampleur des demandes en formataudiopar disposition des demandes,Relevant minutes processed per request disposition for audio formats by size of requests - 60 - 120 Minutes Processed: Minutes processed - Disposition: Total,Minutes pertinentes traitées en fonction de l’ampleur des demandes en format audio par disposition des demandes - 60 - 120 minutes traitées: Minutes traitées - Disposition: Total,Q19R5C5
Q4_5_4Row8Cell5,4,Section 4: Requests closed during the reporting period,Section 4 : Demandes fermées pendant la période d’établissement de rapport,4.5.4,4.5.4 Relevant minutes processed per request disposition foraudioformats by size of requests,4.5.4 Minutes pertinentes traitées en fonction de l’ampleur des demandes en formataudiopar disposition des demandes,Relevant minutes processed per request disposition for audio formats by size of requests - More than 120 Minutes Processed: Number of requests - Disposition: Total,Minutes pertinentes traitées en fonction de l’ampleur des demandes en format audio par disposition des demandes - Plus de 120 minutes traitées: Nombre de demandes - Disposition: Total,Q19R5C6
Q4_5_4Row8Cell6,4,Section 4: Requests closed during the reporting period,Section 4 : Demandes fermées pendant la période d’établissement de rapport,4.5.4,4.5.4 Relevant minutes processed per request disposition foraudioformats by size of requests,4.5.4 Minutes pertinentes traitées en fonction de l’ampleur des demandes en formataudiopar disposition des demandes,Relevant minutes processed per request disposition for audio formats by size of requests - More than 120 Minutes Processed: Minutes processed - Disposition: Total,Minutes pertinentes traitées en fonction de l’ampleur des demandes en format audio par disposition des demandes - Plus de 120 minutes traitées: Minutes traitées - Disposition: Total,Q19R6C1
Q4_5_5Row1Cell1,4,Section 4: Requests closed during the reporting period,Section 4 : Demandes fermées pendant la période d’établissement de rapport,4.5.5,4.5.5 Relevant minutes processed and disclosed forvideoformats,4.5.5 Minutes pertinentes traitées et communiquées en formatvidéo,Relevant minutes processed and disclosed for video formats - Number of minutes processed,Minutes pertinentes traitées et communiquées en format vidéo - Nombre de minutes traitées,Q19R6C2
Q4_5_5Row1Cell2,4,Section 4: Requests closed during the reporting period,Section 4 : Demandes fermées pendant la période d’établissement de rapport,4.5.5,4.5.5 Relevant minutes processed and disclosed forvideoformats,4.5.5 Minutes pertinentes traitées et communiquées en formatvidéo,Relevant minutes processed and disclosed for video formats - Number of minutes disclosed,Minutes pertinentes traitées et communiquées en format vidéo - Nombre de minutes communiquées,Q19R6C3
Q4_5_5Row1Cell3,4,Section 4: Requests closed during the reporting period,Section 4 : Demandes fermées pendant la période d’établissement de rapport,4.5.5,4.5.5 Relevant minutes processed and disclosed forvideoformats,4.5.5 Minutes pertinentes traitées et communiquées en formatvidéo,Relevant minutes processed and disclosed for video formats - Number of requests,Minutes pertinentes traitées et communiquées en format vidéo - Nombre de demandes,Q19R6C4
Q4_5_6Row1Cell1,4,Section 4: Requests closed during the reporting period,Section 4 : Demandes fermées pendant la période d’établissement de rapport,4.5.6,4.5.6 Relevant minutes processed per request disposition forvideoformats by size of requests,4.5.6 Minutes pertinentes traitées en fonction de l’ampleur des demandes en formatvidéopar disposition des demandes,Relevant minutes processed per request disposition for video formats by size of requests - Less Than 60 Minutes Processed: Number of requests - Disposition: All disclosed,Minutes pertinentes traitées en fonction de l’ampleur des demandes en format vidéo par disposition des demandes - Moins de 60 minutes traitées: Nombre de demandes - Communication totale,Q19R6C5
Q4_5_6Row1Cell2,4,Section 4: Requests closed during the reporting period,Section 4 : Demandes fermées pendant la période d’établissement de rapport,4.5.6,4.5.6 Relevant minutes processed per request disposition forvideoformats by size of requests,4.5.6 Minutes pertinentes traitées en fonction de l’ampleur des demandes en formatvidéopar disposition des demandes,Relevant minutes processed per request disposition for video formats by size of requests - Less Than 60 Minutes Processed: Minutes processed - Disposition: All disclosed,Minutes pertinentes traitées en fonction de l’ampleur des demandes en format vidéo par disposition des demandes - Moins de 60 minutes traitées: Minutes traitées - Communication totale,Q19R6C6
Q4_5_6Row1Cell3,4,Section 4: Requests closed during the reporting period,Section 4 : Demandes fermées pendant la période d’établissement de rapport,4.5.6,4.5.6 Relevant minutes processed per request disposition forvideoformats by size of requests,4.5.6 Minutes pertinentes traitées en fonction de l’ampleur des demandes en formatvidéopar disposition des demandes,Relevant minutes processed per request disposition for video formats by size of requests - 60 - 120 Minutes Processed: Number of requests - Disposition: All disclosed,Minutes pertinentes traitées en fonction de l’ampleur des demandes en format vidéo par disposition des demandes - 60 - 120 minutes traitées: Nombre de demandes - Communication totale,Q19R7C1
Q4_5_6Row1Cell4,4,Section 4: Requests closed during the reporting period,Section 4 : Demandes fermées pendant la période d’établissement de rapport,4.5.6,4.5.6 Relevant minutes processed per request disposition forvideoformats by size of requests,4.5.6 Minutes pertinentes traitées en fonction de l’ampleur des demandes en formatvidéopar disposition des demandes,Relevant minutes processed per request disposition for video formats by size of requests - 60 - 120 Minutes Processed: Minutes processed - Disposition: All disclosed,Minutes pertinentes traitées en fonction de l’ampleur des demandes en format vidéo par disposition des demandes - 60 - 120 minutes traitées: Minutes traitées - Communication totale,Q19R7C2
Q4_5_6Row1Cell5,4,Section 4: Requests closed during the reporting period,Section 4 : Demandes fermées pendant la période d’établissement de rapport,4.5.6,4.5.6 Relevant minutes processed per request disposition forvideoformats by size of requests,4.5.6 Minutes pertinentes traitées en fonction de l’ampleur des demandes en formatvidéopar disposition des demandes,Relevant minutes processed per request disposition for video formats by size of requests - More than 120 Minutes Processed: Number of requests - Disposition: All disclosed,Minutes pertinentes traitées en fonction de l’ampleur des demandes en format vidéo par disposition des demandes - Plus de 120 minutes traitées: Nombre de demandes - Communication totale,Q19R7C3
Q4_5_6Row1Cell6,4,Section 4: Requests closed during the reporting period,Section 4 : Demandes fermées pendant la période d’établissement de rapport,4.5.6,4.5.6 Relevant minutes processed per request disposition forvideoformats by size of requests,4.5.6 Minutes pertinentes traitées en fonction de l’ampleur des demandes en formatvidéopar disposition des demandes,Relevant minutes processed per request disposition for video formats by size of requests - More than 120 Minutes Processed: Minutes processed - Disposition: All disclosed,Minutes pertinentes traitées en fonction de l’ampleur des demandes en format vidéo par disposition des demandes - Plus de 120 minutes traitées: Minutes traitées - Communication totale,Q19R7C4
Q4_5_6Row2Cell1,4,Section 4: Requests closed during the reporting period,Section 4 : Demandes fermées pendant la période d’établissement de rapport,4.5.6,4.5.6 Relevant minutes processed per request disposition forvideoformats by size of requests,4.5.6 Minutes pertinentes traitées en fonction de l’ampleur des demandes en formatvidéopar disposition des demandes,Relevant minutes processed per request disposition for video formats by size of requests - Less Than 60 Minutes Processed: Number of requests - Disposition: Disclosed in part,Minutes pertinentes traitées en fonction de l’ampleur des demandes en format vidéo par disposition des demandes - Moins de 60 minutes traitées: Nombre de demandes - Disposition: Communication partielle,Q19R7C5
Q4_5_6Row2Cell2,4,Section 4: Requests closed during the reporting period,Section 4 : Demandes fermées pendant la période d’établissement de rapport,4.5.6,4.5.6 Relevant minutes processed per request disposition forvideoformats by size of requests,4.5.6 Minutes pertinentes traitées en fonction de l’ampleur des demandes en formatvidéopar disposition des demandes,Relevant minutes processed per request disposition for video formats by size of requests - Less Than 60 Minutes Processed: Minutes processed - Disposition: Disclosed in part,Minutes pertinentes traitées en fonction de l’ampleur des demandes en format vidéo par disposition des demandes - Moins de 60 minutes traitées: Minutes traitées - Disposition: Communication partielle,Q19R7C6
Q4_5_6Row2Cell3,4,Section 4: Requests closed during the reporting period,Section 4 : Demandes fermées pendant la période d’établissement de rapport,4.5.6,4.5.6 Relevant minutes processed per request disposition forvideoformats by size of requests,4.5.6 Minutes pertinentes traitées en fonction de l’ampleur des demandes en formatvidéopar disposition des demandes,Relevant minutes processed per request disposition for video formats by size of requests - 60 - 120 Minutes Processed: Number of requests - Disposition: Disclosed in part,Minutes pertinentes traitées en fonction de l’ampleur des demandes en format vidéo par disposition des demandes - 60 - 120 minutes traitées: Nombre de demandes - Disposition: Communication partielle,Q20R1C1
Q4_5_6Row2Cell4,4,Section 4: Requests closed during the reporting period,Section 4 : Demandes fermées pendant la période d’établissement de rapport,4.5.6,4.5.6 Relevant minutes processed per request disposition forvideoformats by size of requests,4.5.6 Minutes pertinentes traitées en fonction de l’ampleur des demandes en formatvidéopar disposition des demandes,Relevant minutes processed per request disposition for video formats by size of requests - 60 - 120 Minutes Processed: Minutes processed - Disposition: Disclosed in part,Minutes pertinentes traitées en fonction de l’ampleur des demandes en format vidéo par disposition des demandes - 60 - 120 minutes traitées: Minutes traitées - Disposition: Communication partielle,Q20R1C2
Q4_5_6Row2Cell5,4,Section 4: Requests closed during the reporting period,Section 4 : Demandes fermées pendant la période d’établissement de rapport,4.5.6,4.5.6 Relevant minutes processed per request disposition forvideoformats by size of requests,4.5.6 Minutes pertinentes traitées en fonction de l’ampleur des demandes en formatvidéopar disposition des demandes,Relevant minutes processed per request disposition for video formats by size of requests - More than 120 Minutes Processed: Number of requests - Disposition: Disclosed in part,Minutes pertinentes traitées en fonction de l’ampleur des demandes en format vidéo par disposition des demandes - Plus de 120 minutes traitées: Nombre de demandes - Disposition: Communication partielle,Q20R1C3
Q4_5_6Row2Cell6,4,Section 4: Requests closed during the reporting period,Section 4 : Demandes fermées pendant la période d’établissement de rapport,4.5.6,4.5.6 Relevant minutes processed per request disposition forvideoformats by size of requests,4.5.6 Minutes pertinentes traitées en fonction de l’ampleur des demandes en formatvidéopar disposition des demandes,Relevant minutes processed per request disposition for video formats by size of requests - More than 120 Minutes Processed: Minutes processed - Disposition: Disclosed in part,Minutes pertinentes traitées en fonction de l’ampleur des demandes en format vidéo par disposition des demandes - Plus de 120 minutes traitées: Minutes traitées - Disposition: Communication partielle,Q20R2C1
Q4_5_6Row3Cell1,4,Section 4: Requests closed during the reporting period,Section 4 : Demandes fermées pendant la période d’établissement de rapport,4.5.6,4.5.6 Relevant minutes processed per request disposition forvideoformats by size of requests,4.5.6 Minutes pertinentes traitées en fonction de l’ampleur des demandes en formatvidéopar disposition des demandes,Relevant minutes processed per request disposition for video formats by size of requests - Less Than 60 Minutes Processed: Number of requests - Disposition: All exempted,Minutes pertinentes traitées en fonction de l’ampleur des demandes en format vidéo par disposition des demandes - Moins de 60 minutes traitées: Nombre de demandes - Exception totale,Q20R2C2
Q4_5_6Row3Cell2,4,Section 4: Requests closed during the reporting period,Section 4 : Demandes fermées pendant la période d’établissement de rapport,4.5.6,4.5.6 Relevant minutes processed per request disposition forvideoformats by size of requests,4.5.6 Minutes pertinentes traitées en fonction de l’ampleur des demandes en formatvidéopar disposition des demandes,Relevant minutes processed per request disposition for video formats by size of requests - Less Than 60 Minutes Processed: Minutes processed - Disposition: All exempted,Minutes pertinentes traitées en fonction de l’ampleur des demandes en format vidéo par disposition des demandes - Moins de 60 minutes traitées: Minutes traitées - Exception totale,Q20R2C3
Q4_5_6Row3Cell3,4,Section 4: Requests closed during the reporting period,Section 4 : Demandes fermées pendant la période d’établissement de rapport,4.5.6,4.5.6 Relevant minutes processed per request disposition forvideoformats by size of requests,4.5.6 Minutes pertinentes traitées en fonction de l’ampleur des demandes en formatvidéopar disposition des demandes,Relevant minutes processed per request disposition for video formats by size of requests - 60 - 120 Minutes Processed: Number of requests - Disposition: All exempted,Minutes pertinentes traitées en fonction de l’ampleur des demandes en format vidéo par disposition des demandes - 60 - 120 minutes traitées: Nombre de demandes - Exception totale,Q20R3C1
Q4_5_6Row3Cell4,4,Section 4: Requests closed during the reporting period,Section 4 : Demandes fermées pendant la période d’établissement de rapport,4.5.6,4.5.6 Relevant minutes processed per request disposition forvideoformats by size of requests,4.5.6 Minutes pertinentes traitées en fonction de l’ampleur des demandes en formatvidéopar disposition des demandes,Relevant minutes processed per request disposition for video formats by size of requests - 60 - 120 Minutes Processed: Minutes processed - Disposition: All exempted,Minutes pertinentes traitées en fonction de l’ampleur des demandes en format vidéo par disposition des demandes - 60 - 120 minutes traitées: Minutes traitées - Exception totale,Q20R3C2
Q4_5_6Row3Cell5,4,Section 4: Requests closed during the reporting period,Section 4 : Demandes fermées pendant la période d’établissement de rapport,4.5.6,4.5.6 Relevant minutes processed per request disposition forvideoformats by size of requests,4.5.6 Minutes pertinentes traitées en fonction de l’ampleur des demandes en formatvidéopar disposition des demandes,Relevant minutes processed per request disposition for video formats by size of requests - More than 120 Minutes Processed: Number of requests - Disposition: All exempted,Minutes pertinentes traitées en fonction de l’ampleur des demandes en format vidéo par disposition des demandes - Plus de 120 minutes traitées: Nombre de demandes - Exception totale,Q20R3C3
Q4_5_6Row3Cell6,4,Section 4: Requests closed during the reporting period,Section 4 : Demandes fermées pendant la période d’établissement de rapport,4.5.6,4.5.6 Relevant minutes processed per request disposition forvideoformats by size of requests,4.5.6 Minutes pertinentes traitées en fonction de l’ampleur des demandes en formatvidéopar disposition des demandes,Relevant minutes processed per request disposition for video formats by size of requests - More than 120 Minutes Processed: Minutes processed - Disposition: All exempted,Minutes pertinentes traitées en fonction de l’ampleur des demandes en format vidéo par disposition des demandes - Plus de 120 minutes traitées: Minutes traitées - Exception totale,Q20R4C1
Q4_5_6Row4Cell1,4,Section 4: Requests closed during the reporting period,Section 4 : Demandes fermées pendant la période d’établissement de rapport,4.5.6,4.5.6 Relevant minutes processed per request disposition forvideoformats by size of requests,4.5.6 Minutes pertinentes traitées en fonction de l’ampleur des demandes en formatvidéopar disposition des demandes,Relevant minutes processed per request disposition for video formats by size of requests - Less Than 60 Minutes Processed: Number of requests - Disposition: All excluded,Minutes pertinentes traitées en fonction de l’ampleur des demandes en format vidéo par disposition des demandes - Moins de 60 minutes traitées: Nombre de demandes - Exclusion totale,Q20R4C2
Q4_5_6Row4Cell2,4,Section 4: Requests closed during the reporting period,Section 4 : Demandes fermées pendant la période d’établissement de rapport,4.5.6,4.5.6 Relevant minutes processed per request disposition forvideoformats by size of requests,4.5.6 Minutes pertinentes traitées en fonction de l’ampleur des demandes en formatvidéopar disposition des demandes,Relevant minutes processed per request disposition for video formats by size of requests - Less Than 60 Minutes Processed: Minutes processed - Disposition: All excluded,Minutes pertinentes traitées en fonction de l’ampleur des demandes en format vidéo par disposition des demandes - Moins de 60 minutes traitées: Minutes traitées - Exclusion totale,Q20R4C3
Q4_5_6Row4Cell3,4,Section 4: Requests closed during the reporting period,Section 4 : Demandes fermées pendant la période d’établissement de rapport,4.5.6,4.5.6 Relevant minutes processed per request disposition forvideoformats by size of requests,4.5.6 Minutes pertinentes traitées en fonction de l’ampleur des demandes en formatvidéopar disposition des demandes,Relevant minutes processed per request disposition for video formats by size of requests - 60 - 120 Minutes Processed: Number of requests - Disposition: All excluded,Minutes pertinentes traitées en fonction de l’ampleur des demandes en format vidéo par disposition des demandes - 60 - 120 minutes traitées: Nombre de demandes - Exclusion totale,Q20R5C1
Q4_5_6Row4Cell4,4,Section 4: Requests closed during the reporting period,Section 4 : Demandes fermées pendant la période d’établissement de rapport,4.5.6,4.5.6 Relevant minutes processed per request disposition forvideoformats by size of requests,4.5.6 Minutes pertinentes traitées en fonction de l’ampleur des demandes en formatvidéopar disposition des demandes,Relevant minutes processed per request disposition for video formats by size of requests - 60 - 120 Minutes Processed: Minutes processed - Disposition: All excluded,Minutes pertinentes traitées en fonction de l’ampleur des demandes en format vidéo par disposition des demandes - 60 - 120 minutes traitées: Minutes traitées - Exclusion totale,Q20R5C2
Q4_5_6Row4Cell5,4,Section 4: Requests closed during the reporting period,Section 4 : Demandes fermées pendant la période d’établissement de rapport,4.5.6,4.5.6 Relevant minutes processed per request disposition forvideoformats by size of requests,4.5.6 Minutes pertinentes traitées en fonction de l’ampleur des demandes en formatvidéopar disposition des demandes,Relevant minutes processed per request disposition for video formats by size of requests - More than 120 Minutes Processed: Number of requests - Disposition: All excluded,Minutes pertinentes traitées en fonction de l’ampleur des demandes en format vidéo par disposition des demandes - Plus de 120 minutes traitées: Nombre de demandes - Exclusion totale,Q20R5C3
Q4_5_6Row4Cell6,4,Section 4: Requests closed during the reporting period,Section 4 : Demandes fermées pendant la période d’établissement de rapport,4.5.6,4.5.6 Relevant minutes processed per request disposition forvideoformats by size of requests,4.5.6 Minutes pertinentes traitées en fonction de l’ampleur des demandes en formatvidéopar disposition des demandes,Relevant minutes processed per request disposition for video formats by size of requests - More than 120 Minutes Processed: Minutes processed - Disposition: All excluded,Minutes pertinentes traitées en fonction de l’ampleur des demandes en format vidéo par disposition des demandes - Plus de 120 minutes traitées: Minutes traitées - Exclusion totale,Q20R6C1
Q4_5_6Row5Cell1,4,Section 4: Requests closed during the reporting period,Section 4 : Demandes fermées pendant la période d’établissement de rapport,4.5.6,4.5.6 Relevant minutes processed per request disposition forvideoformats by size of requests,4.5.6 Minutes pertinentes traitées en fonction de l’ampleur des demandes en formatvidéopar disposition des demandes,Relevant minutes processed per request disposition for video formats by size of requests - Less Than 60 Minutes Processed: Number of requests - Disposition: Abandoned,Minutes pertinentes traitées en fonction de l’ampleur des demandes en format vidéo par disposition des demandes - Moins de 60 minutes traitées: Nombre de demandes - Disposition: Demande abandonnée,Q20R6C2
Q4_5_6Row5Cell2,4,Section 4: Requests closed during the reporting period,Section 4 : Demandes fermées pendant la période d’établissement de rapport,4.5.6,4.5.6 Relevant minutes processed per request disposition forvideoformats by size of requests,4.5.6 Minutes pertinentes traitées en fonction de l’ampleur des demandes en formatvidéopar disposition des demandes,Relevant minutes processed per request disposition for video formats by size of requests - Less Than 60 Minutes Processed: Minutes processed - Disposition: Abandoned,Minutes pertinentes traitées en fonction de l’ampleur des demandes en format vidéo par disposition des demandes - Moins de 60 minutes traitées: Minutes traitées - Disposition: Demande abandonnée,Q20R6C3
Q4_5_6Row5Cell3,4,Section 4: Requests closed during the reporting period,Section 4 : Demandes fermées pendant la période d’établissement de rapport,4.5.6,4.5.6 Relevant minutes processed per request disposition forvideoformats by size of requests,4.5.6 Minutes pertinentes traitées en fonction de l’ampleur des demandes en formatvidéopar disposition des demandes,Relevant minutes processed per request disposition for video formats by size of requests - 60 - 120 Minutes Processed: Number of requests - Disposition: Abandoned,Minutes pertinentes traitées en fonction de l’ampleur des demandes en format vidéo par disposition des demandes - 60 - 120 minutes traitées: Nombre de demandes - Disposition: Demande abandonnée,Q20R7C1
Q4_5_6Row5Cell4,4,Section 4: Requests closed during the reporting period,Section 4 : Demandes fermées pendant la période d’établissement de rapport,4.5.6,4.5.6 Relevant minutes processed per request disposition forvideoformats by size of requests,4.5.6 Minutes pertinentes traitées en fonction de l’ampleur des demandes en formatvidéopar disposition des demandes,Relevant minutes processed per request disposition for video formats by size of requests - 60 - 120 Minutes Processed: Minutes processed - Disposition: Abandoned,Minutes pertinentes traitées en fonction de l’ampleur des demandes en format vidéo par disposition des demandes - 60 - 120 minutes traitées: Minutes traitées - Disposition: Demande abandonnée,Q20R7C2
Q4_5_6Row5Cell5,4,Section 4: Requests closed during the reporting period,Section 4 : Demandes fermées pendant la période d’établissement de rapport,4.5.6,4.5.6 Relevant minutes processed per request disposition forvideoformats by size of requests,4.5.6 Minutes pertinentes traitées en fonction de l’ampleur des demandes en formatvidéopar disposition des demandes,Relevant minutes processed per request disposition for video formats by size of requests - More than 120 Minutes Processed: Number of requests - Disposition: Abandoned,Minutes pertinentes traitées en fonction de l’ampleur des demandes en format vidéo par disposition des demandes - Plus de 120 minutes traitées: Nombre de demandes - Disposition: Demande abandonnée,Q20R7C3
Q4_5_6Row5Cell6,4,Section 4: Requests closed during the reporting period,Section 4 : Demandes fermées pendant la période d’établissement de rapport,4.5.6,4.5.6 Relevant minutes processed per request disposition forvideoformats by size of requests,4.5.6 Minutes pertinentes traitées en fonction de l’ampleur des demandes en formatvidéopar disposition des demandes,Relevant minutes processed per request disposition for video formats by size of requests - More than 120 Minutes Processed: Minutes processed - Disposition: Abandoned,Minutes pertinentes traitées en fonction de l’ampleur des demandes en format vidéo par disposition des demandes - Plus de 120 minutes traitées: Minutes traitées - Disposition: Demande abandonnée,Q21R1C1
Q4_5_6Row6Cell1,4,Section 4: Requests closed during the reporting period,Section 4 : Demandes fermées pendant la période d’établissement de rapport,4.5.6,4.5.6 Relevant minutes processed per request disposition forvideoformats by size of requests,4.5.6 Minutes pertinentes traitées en fonction de l’ampleur des demandes en formatvidéopar disposition des demandes,Relevant minutes processed per request disposition for video formats by size of requests - Less Than 60 Minutes Processed: Number of requests - Disposition: Neither confirmed nor denied,Minutes pertinentes traitées en fonction de l’ampleur des demandes en format vidéo par disposition des demandes - Moins de 60 minutes traitées: Nombre de demandes - Disposition: Ni confirmée ni infirmée,Q21R2C1
Q4_5_6Row6Cell2,4,Section 4: Requests closed during the reporting period,Section 4 : Demandes fermées pendant la période d’établissement de rapport,4.5.6,4.5.6 Relevant minutes processed per request disposition forvideoformats by size of requests,4.5.6 Minutes pertinentes traitées en fonction de l’ampleur des demandes en formatvidéopar disposition des demandes,Relevant minutes processed per request disposition for video formats by size of requests - Less Than 60 Minutes Processed: Minutes processed - Disposition: Neither confirmed nor denied,Minutes pertinentes traitées en fonction de l’ampleur des demandes en format vidéo par disposition des demandes - Moins de 60 minutes traitées: Minutes traitées - Disposition: Ni confirmée ni infirmée,Q22R1C1
Q4_5_6Row6Cell3,4,Section 4: Requests closed during the reporting period,Section 4 : Demandes fermées pendant la période d’établissement de rapport,4.5.6,4.5.6 Relevant minutes processed per request disposition forvideoformats by size of requests,4.5.6 Minutes pertinentes traitées en fonction de l’ampleur des demandes en formatvidéopar disposition des demandes,Relevant minutes processed per request disposition for video formats by size of requests - 60 - 120 Minutes Processed: Number of requests - Disposition: Neither confirmed nor denied,Minutes pertinentes traitées en fonction de l’ampleur des demandes en format vidéo par disposition des demandes - 60 - 120 minutes traitées: Nombre de demandes - Disposition: Ni confirmée ni infirmée,Q22R1C2
Q4_5_6Row6Cell4,4,Section 4: Requests closed during the reporting period,Section 4 : Demandes fermées pendant la période d’établissement de rapport,4.5.6,4.5.6 Relevant minutes processed per request disposition forvideoformats by size of requests,4.5.6 Minutes pertinentes traitées en fonction de l’ampleur des demandes en formatvidéopar disposition des demandes,Relevant minutes processed per request disposition for video formats by size of requests - 60 - 120 Minutes Processed: Minutes processed - Disposition: Neither confirmed nor denied,Minutes pertinentes traitées en fonction de l’ampleur des demandes en format vidéo par disposition des demandes - 60 - 120 minutes traitées: Minutes traitées - Disposition: Ni confirmée ni infirmée,Q22R1C3
Q4_5_6Row6Cell5,4,Section 4: Requests closed during the reporting period,Section 4 : Demandes fermées pendant la période d’établissement de rapport,4.5.6,4.5.6 Relevant minutes processed per request disposition forvideoformats by size of requests,4.5.6 Minutes pertinentes traitées en fonction de l’ampleur des demandes en formatvidéopar disposition des demandes,Relevant minutes processed per request disposition for video formats by size of requests - More than 120 Minutes Processed: Number of requests - Disposition: Neither confirmed nor denied,Minutes pertinentes traitées en fonction de l’ampleur des demandes en format vidéo par disposition des demandes - Plus de 120 minutes traitées: Nombre de demandes - Disposition: Ni confirmée ni infirmée,Q22R1C4
Q4_5_6Row6Cell6,4,Section 4: Requests closed during the reporting period,Section 4 : Demandes fermées pendant la période d’établissement de rapport,4.5.6,4.5.6 Relevant minutes processed per request disposition forvideoformats by size of requests,4.5.6 Minutes pertinentes traitées en fonction de l’ampleur des demandes en formatvidéopar disposition des demandes,Relevant minutes processed per request disposition for video formats by size of requests - More than 120 Minutes Processed: Minutes processed - Disposition: Neither confirmed nor denied,Minutes pertinentes traitées en fonction de l’ampleur des demandes en format vidéo par disposition des demandes - Plus de 120 minutes traitées: Minutes traitées - Disposition: Ni confirmée ni infirmée,Q22R1C5
Q4_5_6Row7Cell1,4,Section 4: Requests closed during the reporting period,Section 4 : Demandes fermées pendant la période d’établissement de rapport,4.5.6,4.5.6 Relevant minutes processed per request disposition forvideoformats by size of requests,4.5.6 Minutes pertinentes traitées en fonction de l’ampleur des demandes en formatvidéopar disposition des demandes,Relevant minutes processed per request disposition for video formats by size of requests - Less Than 60 Minutes Processed: Number of requests - Disposition: Declined to act with the approval of the Information Commissioner,Minutes pertinentes traitées en fonction de l’ampleur des demandes en format vidéo par disposition des demandes - Moins de 60 minutes traitées: Nombre de demandes - Disposition: Refus d’agir avec l’approbation de la Commissaire à l’information,Q23R1C1
Q4_5_6Row7Cell2,4,Section 4: Requests closed during the reporting period,Section 4 : Demandes fermées pendant la période d’établissement de rapport,4.5.6,4.5.6 Relevant minutes processed per request disposition forvideoformats by size of requests,4.5.6 Minutes pertinentes traitées en fonction de l’ampleur des demandes en formatvidéopar disposition des demandes,Relevant minutes processed per request disposition for video formats by size of requests - Less Than 60 Minutes Processed: Minutes processed - Disposition: Declined to act with the approval of the Information Commissioner,Minutes pertinentes traitées en fonction de l’ampleur des demandes en format vidéo par disposition des demandes - Moins de 60 minutes traitées: Minutes traitées - Disposition: Refus d’agir avec l’approbation de la Commissaire à l’information,Q23R1C2
Q4_5_6Row7Cell3,4,Section 4: Requests closed during the reporting period,Section 4 : Demandes fermées pendant la période d’établissement de rapport,4.5.6,4.5.6 Relevant minutes processed per request disposition forvideoformats by size of requests,4.5.6 Minutes pertinentes traitées en fonction de l’ampleur des demandes en formatvidéopar disposition des demandes,Relevant minutes processed per request disposition for video formats by size of requests - 60 - 120 Minutes Processed: Number of requests - Disposition: Declined to act with the approval of the Information Commissioner,Minutes pertinentes traitées en fonction de l’ampleur des demandes en format vidéo par disposition des demandes - 60 - 120 minutes traitées: Nombre de demandes - Disposition: Refus d’agir avec l’approbation de la Commissaire à l’information,Q23R2C1
Q4_5_6Row7Cell4,4,Section 4: Requests closed during the reporting period,Section 4 : Demandes fermées pendant la période d’établissement de rapport,4.5.6,4.5.6 Relevant minutes processed per request disposition forvideoformats by size of requests,4.5.6 Minutes pertinentes traitées en fonction de l’ampleur des demandes en formatvidéopar disposition des demandes,Relevant minutes processed per request disposition for video formats by size of requests - 60 - 120 Minutes Processed: Minutes processed - Disposition: Declined to act with the approval of the Information Commissioner,Minutes pertinentes traitées en fonction de l’ampleur des demandes en format vidéo par disposition des demandes - 60 - 120 minutes traitées: Minutes traitées - Disposition: Refus d’agir avec l’approbation de la Commissaire à l’information,Q23R2C2
Q4_5_6Row7Cell5,4,Section 4: Requests closed during the reporting period,Section 4 : Demandes fermées pendant la période d’établissement de rapport,4.5.6,4.5.6 Relevant minutes processed per request disposition forvideoformats by size of requests,4.5.6 Minutes pertinentes traitées en fonction de l’ampleur des demandes en formatvidéopar disposition des demandes,Relevant minutes processed per request disposition for video formats by size of requests - More than 120 Minutes Processed: Number of requests - Disposition: Declined to act with the approval of the Information Commissioner,Minutes pertinentes traitées en fonction de l’ampleur des demandes en format vidéo par disposition des demandes - Plus de 120 minutes traitées: Nombre de demandes - Disposition: Refus d’agir avec l’approbation de la Commissaire à l’information,Q23R3C1
Q4_5_6Row7Cell6,4,Section 4: Requests closed during the reporting period,Section 4 : Demandes fermées pendant la période d’établissement de rapport,4.5.6,4.5.6 Relevant minutes processed per request disposition forvideoformats by size of requests,4.5.6 Minutes pertinentes traitées en fonction de l’ampleur des demandes en formatvidéopar disposition des demandes,Relevant minutes processed per request disposition for video formats by size of requests - More than 120 Minutes Processed: Minutes processed - Disposition: Declined to act with the approval of the Information Commissioner,Minutes pertinentes traitées en fonction de l’ampleur des demandes en format vidéo par disposition des demandes - Plus de 120 minutes traitées: Minutes traitées - Disposition: Refus d’agir avec l’approbation de la Commissaire à l’information,Q23R3C2
Q4_5_6Row8Cell1,4,Section 4: Requests closed during the reporting period,Section 4 : Demandes fermées pendant la période d’établissement de rapport,4.5.6,4.5.6 Relevant minutes processed per request disposition forvideoformats by size of requests,4.5.6 Minutes pertinentes traitées en fonction de l’ampleur des demandes en formatvidéopar disposition des demandes,Relevant minutes processed per request disposition for video formats by size of requests - Less Than 60 Minutes Processed: Number of requests - Disposition: Total,Minutes pertinentes traitées en fonction de l’ampleur des demandes en format vidéo par disposition des demandes - Moins de 60 minutes traitées: Nombre de demandes - Disposition: Total,Q23R4C1
Q4_5_6Row8Cell2,4,Section 4: Requests closed during the reporting period,Section 4 : Demandes fermées pendant la période d’établissement de rapport,4.5.6,4.5.6 Relevant minutes processed per request disposition forvideoformats by size of requests,4.5.6 Minutes pertinentes traitées en fonction de l’ampleur des demandes en formatvidéopar disposition des demandes,Relevant minutes processed per request disposition for video formats by size of requests - Less Than 60 Minutes Processed: Minutes processed - Disposition: Total,Minutes pertinentes traitées en fonction de l’ampleur des demandes en format vidéo par disposition des demandes - Moins de 60 minutes traitées: Minutes traitées - Disposition: Total,Q23R4C2
Q4_5_6Row8Cell3,4,Section 4: Requests closed during the reporting period,Section 4 : Demandes fermées pendant la période d’établissement de rapport,4.5.6,4.5.6 Relevant minutes processed per request disposition forvideoformats by size of requests,4.5.6 Minutes pertinentes traitées en fonction de l’ampleur des demandes en formatvidéopar disposition des demandes,Relevant minutes processed per request disposition for video formats by size of requests - 60 - 120 Minutes Processed: Number of requests - Disposition: Total,Minutes pertinentes traitées en fonction de l’ampleur des demandes en format vidéo par disposition des demandes - 60 - 120 minutes traitées: Nombre de demandes - Disposition: Total,Q23R5C1
Q4_5_6Row8Cell4,4,Section 4: Requests closed during the reporting period,Section 4 : Demandes fermées pendant la période d’établissement de rapport,4.5.6,4.5.6 Relevant minutes processed per request disposition forvideoformats by size of requests,4.5.6 Minutes pertinentes traitées en fonction de l’ampleur des demandes en formatvidéopar disposition des demandes,Relevant minutes processed per request disposition for video formats by size of requests - 60 - 120 Minutes Processed: Minutes processed - Disposition: Total,Minutes pertinentes traitées en fonction de l’ampleur des demandes en format vidéo par disposition des demandes - 60 - 120 minutes traitées: Minutes traitées - Disposition: Total,Q23R5C2
Q4_5_6Row8Cell5,4,Section 4: Requests closed during the reporting period,Section 4 : Demandes fermées pendant la période d’établissement de rapport,4.5.6,4.5.6 Relevant minutes processed per request disposition forvideoformats by size of requests,4.5.6 Minutes pertinentes traitées en fonction de l’ampleur des demandes en formatvidéopar disposition des demandes,Relevant minutes processed per request disposition for video formats by size of requests - More than 120 Minutes Processed: Number of requests - Disposition: Total,Minutes pertinentes traitées en fonction de l’ampleur des demandes en format vidéo par disposition des demandes - Plus de 120 minutes traitées: Nombre de demandes - Disposition: Total,Q23R6C1
Q4_5_6Row8Cell6,4,Section 4: Requests closed during the reporting period,Section 4 : Demandes fermées pendant la période d’établissement de rapport,4.5.6,4.5.6 Relevant minutes processed per request disposition forvideoformats by size of requests,4.5.6 Minutes pertinentes traitées en fonction de l’ampleur des demandes en formatvidéopar disposition des demandes,Relevant minutes processed per request disposition for video formats by size of requests - More than 120 Minutes Processed: Minutes processed - Disposition: Total,Minutes pertinentes traitées en fonction de l’ampleur des demandes en format vidéo par disposition des demandes - Plus de 120 minutes traitées: Minutes traitées - Disposition: Total,Q23R6C2
Q4_5_7Row1Cell1,4,Section 4: Requests closed during the reporting period,Section 4 : Demandes fermées pendant la période d’établissement de rapport,4.5.7,4.5.7 Other complexities,4.5.7 Autres complexités,Consultation required - Disposition: All disclosed,Consultation requise - Disposition: Communication totale,Q23R7C1
Q4_5_7Row2Cell1,4,Section 4: Requests closed during the reporting period,Section 4 : Demandes fermées pendant la période d’établissement de rapport,4.5.7,4.5.7 Other complexities,4.5.7 Autres complexités,Consultation required - Disposition: Disclosed in part,Consultation requise - Disposition: Communication partielle,Q23R7C2
Q4_5_7Row3Cell1,4,Section 4: Requests closed during the reporting period,Section 4 : Demandes fermées pendant la période d’établissement de rapport,4.5.7,4.5.7 Other complexities,4.5.7 Autres complexités,Consultation required - Disposition: All exempted,Consultation requise - Disposition: Exception totale,Q24R1C1
Q4_5_7Row4Cell1,4,Section 4: Requests closed during the reporting period,Section 4 : Demandes fermées pendant la période d’établissement de rapport,4.5.7,4.5.7 Other complexities,4.5.7 Autres complexités,Consultation required - Disposition: All excluded,Consultation requise - Disposition: Exclusion totale,Q24R1C2
Q4_5_7Row5Cell1,4,Section 4: Requests closed during the reporting period,Section 4 : Demandes fermées pendant la période d’établissement de rapport,4.5.7,4.5.7 Other complexities,4.5.7 Autres complexités,Consultation required - Disposition: Request abandoned,Consultation requise - Disposition: Demande abandonnée,Q24R2C1
Q4_5_7Row6Cell1,4,Section 4: Requests closed during the reporting period,Section 4 : Demandes fermées pendant la période d’établissement de rapport,4.5.7,4.5.7 Other complexities,4.5.7 Autres complexités,Consultation required - Disposition: Neither confirmed nor denied,Consultation requise - Disposition: Ni confirmée ni infirmée,Q24R2C2
Q4_5_7Row7Cell1,4,Section 4: Requests closed during the reporting period,Section 4 : Demandes fermées pendant la période d’établissement de rapport,4.5.7,4.5.7 Other complexities,4.5.7 Autres complexités,Consultation required - Disposition: Declined to act with the approval of the Information Commissioner,Consultation requise - Disposition: Refus d’agir avec l’approbation de la Commissaire à l’information,Q25R1C1
Q4_5_7Row8Cell1,4,Section 4: Requests closed during the reporting period,Section 4 : Demandes fermées pendant la période d’établissement de rapport,4.5.7,4.5.7 Other complexities,4.5.7 Autres complexités,Consultation required - Disposition: Total,Consultation requise - Disposition: Total,Q25R1C2
Q4_5_7Row1Cell3,4,Section 4: Requests closed during the reporting period,Section 4 : Demandes fermées pendant la période d’établissement de rapport,4.5.7,4.5.7 Other complexities,4.5.7 Autres complexités,Legal advice sought - Disposition: All disclosed,Avis juridique - Disposition: Communication totale,Q25R1C3
Q4_5_7Row2Cell3,4,Section 4: Requests closed during the reporting period,Section 4 : Demandes fermées pendant la période d’établissement de rapport,4.5.7,4.5.7 Other complexities,4.5.7 Autres complexités,Legal advice sought - Disposition: Disclosed in part,Avis juridique - Disposition: Communication partielle,Q25R1C4
Q4_5_7Row3Cell3,4,Section 4: Requests closed during the reporting period,Section 4 : Demandes fermées pendant la période d’établissement de rapport,4.5.7,4.5.7 Other complexities,4.5.7 Autres complexités,Legal advice sought - Disposition: All exempted,Avis juridique - Disposition: Exception totale,Q25R2C1
Q4_5_7Row4Cell3,4,Section 4: Requests closed during the reporting period,Section 4 : Demandes fermées pendant la période d’établissement de rapport,4.5.7,4.5.7 Other complexities,4.5.7 Autres complexités,Legal advice sought - Disposition: All excluded,Avis juridique - Disposition: Exclusion totale,Q25R2C2
Q4_5_7Row5Cell3,4,Section 4: Requests closed during the reporting period,Section 4 : Demandes fermées pendant la période d’établissement de rapport,4.5.7,4.5.7 Other complexities,4.5.7 Autres complexités,Legal advice sought - Disposition: Request abandoned,Avis juridique - Disposition: Demande abandonnée,Q25R2C3
Q4_5_7Row6Cell3,4,Section 4: Requests closed during the reporting period,Section 4 : Demandes fermées pendant la période d’établissement de rapport,4.5.7,4.5.7 Other complexities,4.5.7 Autres complexités,Legal advice sought - Disposition: Neither confirmed nor denied,Avis juridique - Disposition: Ni confirmée ni infirmée,Q25R2C4
Q4_5_7Row7Cell3,4,Section 4: Requests closed during the reporting period,Section 4 : Demandes fermées pendant la période d’établissement de rapport,4.5.7,4.5.7 Other complexities,4.5.7 Autres complexités,Legal advice sought - Disposition: Declined to act with the approval of the Information Commissioner,Avis juridique - Disposition: Refus d’agir avec l’approbation de la Commissaire à l’information,Q25R3C1
Q4_5_7Row8Cell3,4,Section 4: Requests closed during the reporting period,Section 4 : Demandes fermées pendant la période d’établissement de rapport,4.5.7,4.5.7 Other complexities,4.5.7 Autres complexités,Legal advice sought - Disposition: Total,Avis juridique - Disposition: Total,Q25R3C2
Q4_5_7Row1Cell4,4,Section 4: Requests closed during the reporting period,Section 4 : Demandes fermées pendant la période d’établissement de rapport,4.5.7,4.5.7 Other complexities,4.5.7 Autres complexités,Other - Disposition: All disclosed,Autres - Disposition: Communication totale,Q25R3C3
Q4_5_7Row2Cell4,4,Section 4: Requests closed during the reporting period,Section 4 : Demandes fermées pendant la période d’établissement de rapport,4.5.7,4.5.7 Other complexities,4.5.7 Autres complexités,Other - Disposition: Disclosed in part,Autres - Disposition: Communication partielle,Q25R3C4
Q4_5_7Row3Cell4,4,Section 4: Requests closed during the reporting period,Section 4 : Demandes fermées pendant la période d’établissement de rapport,4.5.7,4.5.7 Other complexities,4.5.7 Autres complexités,Other - Disposition: All exempted,Autres - Disposition: Exception totale,Q25R4C1
Q4_5_7Row4Cell4,4,Section 4: Requests closed during the reporting period,Section 4 : Demandes fermées pendant la période d’établissement de rapport,4.5.7,4.5.7 Other complexities,4.5.7 Autres complexités,Other - Disposition: All excluded,Autres - Disposition: Exclusion totale,Q25R4C2
Q4_5_7Row5Cell4,4,Section 4: Requests closed during the reporting period,Section 4 : Demandes fermées pendant la période d’établissement de rapport,4.5.7,4.5.7 Other complexities,4.5.7 Autres complexités,Other - Disposition: Request abandoned,Autres - Disposition: Demande abandonnée,Q25R4C3
Q4_5_7Row6Cell4,4,Section 4: Requests closed during the reporting period,Section 4 : Demandes fermées pendant la période d’établissement de rapport,4.5.7,4.5.7 Other complexities,4.5.7 Autres complexités,Other - Disposition: Neither confirmed nor denied,Autres - Disposition: Ni confirmée ni infirmée,Q25R4C4
Q4_5_7Row7Cell4,4,Section 4: Requests closed during the reporting period,Section 4 : Demandes fermées pendant la période d’établissement de rapport,4.5.7,4.5.7 Other complexities,4.5.7 Autres complexités,Other - Disposition: Declined to act with the approval of the Information Commissioner,Autres - Disposition: Refus d’agir avec l’approbation de la Commissaire à l’information,Q25R5C1
Q4_5_7Row8Cell4,4,Section 4: Requests closed during the reporting period,Section 4 : Demandes fermées pendant la période d’établissement de rapport,4.5.7,4.5.7 Other complexities,4.5.7 Autres complexités,Other - Disposition: Total,Autres - Disposition: Total,Q25R5C2
Q4_5_7Row1Cell5,4,Section 4: Requests closed during the reporting period,Section 4 : Demandes fermées pendant la période d’établissement de rapport,4.5.7,4.5.7 Other complexities,4.5.7 Autres complexités,Total - Disposition: All disclosed,Total - Disposition: Communication totale,Q25R5C3
Q4_5_7Row2Cell5,4,Section 4: Requests closed during the reporting period,Section 4 : Demandes fermées pendant la période d’établissement de rapport,4.5.7,4.5.7 Other complexities,4.5.7 Autres complexités,Total - Disposition: Disclosed in part,Total - Disposition: Communication partielle,Q25R5C4
Q4_5_7Row3Cell5,4,Section 4: Requests closed during the reporting period,Section 4 : Demandes fermées pendant la période d’établissement de rapport,4.5.7,4.5.7 Other complexities,4.5.7 Autres complexités,Total - Disposition: All exempted,Total - Disposition: Exception totale,Q25R6C1
Q4_5_7Row4Cell5,4,Section 4: Requests closed during the reporting period,Section 4 : Demandes fermées pendant la période d’établissement de rapport,4.5.7,4.5.7 Other complexities,4.5.7 Autres complexités,Total - Disposition: All excluded,Total - Disposition: Exclusion totale,Q25R6C2
Q4_5_7Row5Cell5,4,Section 4: Requests closed during the reporting period,Section 4 : Demandes fermées pendant la période d’établissement de rapport,4.5.7,4.5.7 Other complexities,4.5.7 Autres complexités,Total - Disposition: Request abandoned,Total - Disposition: Demande abandonnée,Q25R6C3
Q4_5_7Row6Cell5,4,Section 4: Requests closed during the reporting period,Section 4 : Demandes fermées pendant la période d’établissement de rapport,4.5.7,4.5.7 Other complexities,4.5.7 Autres complexités,Total - Disposition: Neither confirmed nor denied,Total - Disposition: Ni confirmée ni infirmée,Q25R6C4
Q4_5_7Row7Cell5,4,Section 4: Requests closed during the reporting period,Section 4 : Demandes fermées pendant la période d’établissement de rapport,4.5.7,4.5.7 Other complexities,4.5.7 Autres complexités,Total - Disposition: Declined to act with the approval of the Information Commissioner,Total - Disposition: Refus d’agir avec l’approbation de la Commissaire à l’information,Q25R7C1
Q4_5_7Row8Cell5,4,Section 4: Requests closed during the reporting period,Section 4 : Demandes fermées pendant la période d’établissement de rapport,4.5.7,4.5.7 Other complexities,4.5.7 Autres complexités,Total - Disposition: Total,Total - Disposition: Total,Q25R7C2
Q4_6_1Row1Cell1,4,Section 4: Requests closed during the reporting period,Section 4 : Demandes fermées pendant la période d’établissement de rapport,4.6.1,4.6.1 Number of requests closed within legislated timelines,4.6.1 Nombre de demandes fermées dans les délais prévus par laloi,Requests closed within legislated timelines - Number of requests closed within legislated timelines,Demandes fermées dans les délais prévus par la loi - Nombre de demandes fermées dans les délais prévus par la loi,Q25R7C3
Q4_6_1Row2Cell1,4,Section 4: Requests closed during the reporting period,Section 4 : Demandes fermées pendant la période d’établissement de rapport,4.6.1,4.6.1 Number of requests closed within legislated timelines,4.6.1 Nombre de demandes fermées dans les délais prévus par laloi,Requests closed within legislated timelines - Percentage of requests closed within legislated timelines (%),Demandes fermées dans les délais prévus par la loi - Pourcentage des demandes fermées dans les délais prévus par la loi (%),Q25R7C4
Q4_7_1Row1Cell1,4,Section 4: Requests closed during the reporting period,Section 4 : Demandes fermées pendant la période d’établissement de rapport,4.7.1,4.7.1 Reasons for not meeting legislated timelines,4.7.1 Motifs du non-respect des délais prévus par laloi,Number of requests closed past the legislated timelines,Nombre de demandes fermées au-delà des délais prévus par la loi,Q26R1C1
Q4_7_1Row1Cell2,4,Section 4: Requests closed during the reporting period,Section 4 : Demandes fermées pendant la période d’établissement de rapport,4.7.1,4.7.1 Reasons for not meeting legislated timelines,4.7.1 Motifs du non-respect des délais prévus par laloi,Principal Reason - Interference with operations / workload,Motif principal - Entrave au fonctionnement / charge de travail,Q26R1C2
Q4_7_1Row1Cell3,4,Section 4: Requests closed during the reporting period,Section 4 : Demandes fermées pendant la période d’établissement de rapport,4.7.1,4.7.1 Reasons for not meeting legislated timelines,4.7.1 Motifs du non-respect des délais prévus par laloi,Principal Reason - External consultation,Motif principal - Consultation externe,Q26R1C3
Q4_7_1Row1Cell4,4,Section 4: Requests closed during the reporting period,Section 4 : Demandes fermées pendant la période d’établissement de rapport,4.7.1,4.7.1 Reasons for not meeting legislated timelines,4.7.1 Motifs du non-respect des délais prévus par laloi,Principal Reason - Internal consultation,Motif principal - Consultation interne,Q26R1C4
Q4_7_1Row1Cell5,4,Section 4: Requests closed during the reporting period,Section 4 : Demandes fermées pendant la période d’établissement de rapport,4.7.1,4.7.1 Reasons for not meeting legislated timelines,4.7.1 Motifs du non-respect des délais prévus par laloi,Principal Reason - Other,Motif principal - Autres,Q26R2C1
Q4_7_2Row1Cell1,4,Section 4: Requests closed during the reporting period,Section 4 : Demandes fermées pendant la période d’établissement de rapport,4.7.2,4.7.2 Requests closed beyond legislated timelines (including any extension taken),4.7.2 Demandes fermées au-dela des délais prévus par laloi(y compris toute prolongation prise),Number of Requests Past Legislated Timeline Where No Extension Was Taken - Number of Days Past Legislated Timelines: 1 to 15 days,Nombre de demandes fermées au-delà des délais prévus par la loi où aucune prolongation n’a été prise - Nombre de jours de retard au-delà des délais prévus par la loi: 1 à 15 jours,Q26R2C2
Q4_7_2Row2Cell1,4,Section 4: Requests closed during the reporting period,Section 4 : Demandes fermées pendant la période d’établissement de rapport,4.7.2,4.7.2 Requests closed beyond legislated timelines (including any extension taken),4.7.2 Demandes fermées au-dela des délais prévus par laloi(y compris toute prolongation prise),Number of Requests Past Legislated Timeline Where No Extension Was Taken - Number of Days Past Legislated Timelines: 16 to 30 days,Nombre de demandes fermées au-delà des délais prévus par la loi où aucune prolongation n’a été prise - Nombre de jours de retard au-delà des délais prévus par la loi: 16 à 30 jours,Q26R2C3
Q4_7_2Row3Cell1,4,Section 4: Requests closed during the reporting period,Section 4 : Demandes fermées pendant la période d’établissement de rapport,4.7.2,4.7.2 Requests closed beyond legislated timelines (including any extension taken),4.7.2 Demandes fermées au-dela des délais prévus par laloi(y compris toute prolongation prise),Number of Requests Past Legislated Timeline Where No Extension Was Taken - Number of Days Past Legislated Timelines: 31 to 60 days,Nombre de demandes fermées au-delà des délais prévus par la loi où aucune prolongation n’a été prise - Nombre de jours de retard au-delà des délais prévus par la loi: 31 à 60 jours,Q26R2C4
Q4_7_2Row4Cell1,4,Section 4: Requests closed during the reporting period,Section 4 : Demandes fermées pendant la période d’établissement de rapport,4.7.2,4.7.2 Requests closed beyond legislated timelines (including any extension taken),4.7.2 Demandes fermées au-dela des délais prévus par laloi(y compris toute prolongation prise),Number of Requests Past Legislated Timeline Where No Extension Was Taken - Number of Days Past Legislated Timelines: 61 to 120 days,Nombre de demandes fermées au-delà des délais prévus par la loi où aucune prolongation n’a été prise - Nombre de jours de retard au-delà des délais prévus par la loi: 61 à 120 jours,Q26R3C1
Q4_7_2Row5Cell1,4,Section 4: Requests closed during the reporting period,Section 4 : Demandes fermées pendant la période d’établissement de rapport,4.7.2,4.7.2 Requests closed beyond legislated timelines (including any extension taken),4.7.2 Demandes fermées au-dela des délais prévus par laloi(y compris toute prolongation prise),Number of Requests Past Legislated Timeline Where No Extension Was Taken - Number of Days Past Legislated Timelines: 121 to 180 days,Nombre de demandes fermées au-delà des délais prévus par la loi où aucune prolongation n’a été prise - Nombre de jours de retard au-delà des délais prévus par la loi: 121 à 180 jours,Q26R3C2
Q4_7_2Row6Cell1,4,Section 4: Requests closed during the reporting period,Section 4 : Demandes fermées pendant la période d’établissement de rapport,4.7.2,4.7.2 Requests closed beyond legislated timelines (including any extension taken),4.7.2 Demandes fermées au-dela des délais prévus par laloi(y compris toute prolongation prise),Number of Requests Past Legislated Timeline Where No Extension Was Taken - Number of Days Past Legislated Timelines: 181 to 365 days,Nombre de demandes fermées au-delà des délais prévus par la loi où aucune prolongation n’a été prise - Nombre de jours de retard au-delà des délais prévus par la loi: 181 à 365 jours,Q26R3C3
Q4_7_2Row7Cell1,4,Section 4: Requests closed during the reporting period,Section 4 : Demandes fermées pendant la période d’établissement de rapport,4.7.2,4.7.2 Requests closed beyond legislated timelines (including any extension taken),4.7.2 Demandes fermées au-dela des délais prévus par laloi(y compris toute prolongation prise),Number of Requests Past Legislated Timeline Where No Extension Was Taken - Number of Days Past Legislated Timelines: More than 365 days,Nombre de demandes fermées au-delà des délais prévus par la loi où aucune prolongation n’a été prise - Nombre de jours de retard au-delà des délais prévus par la loi: Plus de 365 jours,Q26R3C4
Q4_7_2Row8Cell1,4,Section 4: Requests closed during the reporting period,Section 4 : Demandes fermées pendant la période d’établissement de rapport,4.7.2,4.7.2 Requests closed beyond legislated timelines (including any extension taken),4.7.2 Demandes fermées au-dela des délais prévus par laloi(y compris toute prolongation prise),Number of Requests Past Legislated Timeline Where No Extension Was Taken - Number of Days Past Legislated Timelines: Total,Nombre de demandes fermées au-delà des délais prévus par la loi où aucune prolongation n’a été prise - Nombre de jours de retard au-delà des délais prévus par la loi: Total,Q26R4C1
Q4_7_2Row1Cell2,4,Section 4: Requests closed during the reporting period,Section 4 : Demandes fermées pendant la période d’établissement de rapport,4.7.2,4.7.2 Requests closed beyond legislated timelines (including any extension taken),4.7.2 Demandes fermées au-dela des délais prévus par laloi(y compris toute prolongation prise),Number of Requests Past Legislated Timeline Where an Extension Was Taken - Number of Days Past Legislated Timelines: 1 to 15 days,Nombre de demandes fermées au-delà des délais prévus par la loi où une prolongation a été prise - Nombre de jours de retard au-delà des délais prévus par la loi: 1 à 15 jours,Q26R4C2
Q4_7_2Row2Cell2,4,Section 4: Requests closed during the reporting period,Section 4 : Demandes fermées pendant la période d’établissement de rapport,4.7.2,4.7.2 Requests closed beyond legislated timelines (including any extension taken),4.7.2 Demandes fermées au-dela des délais prévus par laloi(y compris toute prolongation prise),Number of Requests Past Legislated Timeline Where an Extension Was Taken - Number of Days Past Legislated Timelines: 16 to 30 days,Nombre de demandes fermées au-delà des délais prévus par la loi où une prolongation a été prise - Nombre de jours de retard au-delà des délais prévus par la loi: 16 à 30 jours,Q26R4C3
Q4_7_2Row3Cell2,4,Section 4: Requests closed during the reporting period,Section 4 : Demandes fermées pendant la période d’établissement de rapport,4.7.2,4.7.2 Requests closed beyond legislated timelines (including any extension taken),4.7.2 Demandes fermées au-dela des délais prévus par laloi(y compris toute prolongation prise),Number of Requests Past Legislated Timeline Where an Extension Was Taken - Number of Days Past Legislated Timelines: 31 to 60 days,Nombre de demandes fermées au-delà des délais prévus par la loi où une prolongation a été prise - Nombre de jours de retard au-delà des délais prévus par la loi: 31 à 60 jours,Q26R4C4
Q4_7_2Row4Cell2,4,Section 4: Requests closed during the reporting period,Section 4 : Demandes fermées pendant la période d’établissement de rapport,4.7.2,4.7.2 Requests closed beyond legislated timelines (including any extension taken),4.7.2 Demandes fermées au-dela des délais prévus par laloi(y compris toute prolongation prise),Number of Requests Past Legislated Timeline Where an Extension Was Taken - Number of Days Past Legislated Timelines: 61 to 120 days,Nombre de demandes fermées au-delà des délais prévus par la loi où une prolongation a été prise - Nombre de jours de retard au-delà des délais prévus par la loi: 61 à 120 jours,Q26R5C1
Q4_7_2Row5Cell2,4,Section 4: Requests closed during the reporting period,Section 4 : Demandes fermées pendant la période d’établissement de rapport,4.7.2,4.7.2 Requests closed beyond legislated timelines (including any extension taken),4.7.2 Demandes fermées au-dela des délais prévus par laloi(y compris toute prolongation prise),Number of Requests Past Legislated Timeline Where an Extension Was Taken - Number of Days Past Legislated Timelines: 121 to 180 days,Nombre de demandes fermées au-delà des délais prévus par la loi où une prolongation a été prise - Nombre de jours de retard au-delà des délais prévus par la loi: 121 à 180 jours,Q26R5C2
Q4_7_2Row6Cell2,4,Section 4: Requests closed during the reporting period,Section 4 : Demandes fermées pendant la période d’établissement de rapport,4.7.2,4.7.2 Requests closed beyond legislated timelines (including any extension taken),4.7.2 Demandes fermées au-dela des délais prévus par laloi(y compris toute prolongation prise),Number of Requests Past Legislated Timeline Where an Extension Was Taken - Number of Days Past Legislated Timelines: 181 to 365 days,Nombre de demandes fermées au-delà des délais prévus par la loi où une prolongation a été prise - Nombre de jours de retard au-delà des délais prévus par la loi: 181 à 365 jours,Q26R5C3
Q4_7_2Row7Cell2,4,Section 4: Requests closed during the reporting period,Section 4 : Demandes fermées pendant la période d’établissement de rapport,4.7.2,4.7.2 Requests closed beyond legislated timelines (including any extension taken),4.7.2 Demandes fermées au-dela des délais prévus par laloi(y compris toute prolongation prise),Number of Requests Past Legislated Timeline Where an Extension Was Taken - Number of Days Past Legislated Timelines: More than 365 days,Nombre de demandes fermées au-delà des délais prévus par la loi où une prolongation a été prise - Nombre de jours de retard au-delà des délais prévus par la loi: Plus de 365 jours,Q26R5C4
Q4_7_2Row8Cell2,4,Section 4: Requests closed during the reporting period,Section 4 : Demandes fermées pendant la période d’établissement de rapport,4.7.2,4.7.2 Requests closed beyond legislated timelines (including any extension taken),4.7.2 Demandes fermées au-dela des délais prévus par laloi(y compris toute prolongation prise),Number of Requests Past Legislated Timeline Where an Extension Was Taken - Number of Days Past Legislated Timelines: Total,Nombre de demandes fermées au-delà des délais prévus par la loi où une prolongation a été prise - Nombre de jours de retard au-delà des délais prévus par la loi: Total,Q26R6C1
Q4_7_2Row1Cell3,4,Section 4: Requests closed during the reporting period,Section 4 : Demandes fermées pendant la période d’établissement de rapport,4.7.2,4.7.2 Requests closed beyond legislated timelines (including any extension taken),4.7.2 Demandes fermées au-dela des délais prévus par laloi(y compris toute prolongation prise),Total - Number of Days Past Legislated Timelines: 1 to 15 days,Total - Nombre de jours de retard au-delà des délais prévus par la loi: 1 à 15 jours,Q26R6C2
Q4_7_2Row2Cell3,4,Section 4: Requests closed during the reporting period,Section 4 : Demandes fermées pendant la période d’établissement de rapport,4.7.2,4.7.2 Requests closed beyond legislated timelines (including any extension taken),4.7.2 Demandes fermées au-dela des délais prévus par laloi(y compris toute prolongation prise),Total - Number of Days Past Legislated Timelines: 16 to 30 days,Total - Nombre de jours de retard au-delà des délais prévus par la loi: 16 à 30 jours,Q26R6C3
Q4_7_2Row3Cell3,4,Section 4: Requests closed during the reporting period,Section 4 : Demandes fermées pendant la période d’établissement de rapport,4.7.2,4.7.2 Requests closed beyond legislated timelines (including any extension taken),4.7.2 Demandes fermées au-dela des délais prévus par laloi(y compris toute prolongation prise),Total - Number of Days Past Legislated Timelines: 31 to 60 days,Total - Nombre de jours de retard au-delà des délais prévus par la loi: 31 à 60 jours,Q26R6C4
Q4_7_2Row4Cell3,4,Section 4: Requests closed during the reporting period,Section 4 : Demandes fermées pendant la période d’établissement de rapport,4.7.2,4.7.2 Requests closed beyond legislated timelines (including any extension taken),4.7.2 Demandes fermées au-dela des délais prévus par laloi(y compris toute prolongation prise),Total - Number of Days Past Legislated Timelines: 61 to 120 days,Total - Nombre de jours de retard au-delà des délais prévus par la loi: 61 à 120 jours,Q27R1C1
Q4_7_2Row5Cell3,4,Section 4: Requests closed during the reporting period,Section 4 : Demandes fermées pendant la période d’établissement de rapport,4.7.2,4.7.2 Requests closed beyond legislated timelines (including any extension taken),4.7.2 Demandes fermées au-dela des délais prévus par laloi(y compris toute prolongation prise),Total - Number of Days Past Legislated Timelines: 121 to 180 days,Total - Nombre de jours de retard au-delà des délais prévus par la loi: 121 à 180 jours,Q27R1C2
Q4_7_2Row6Cell3,4,Section 4: Requests closed during the reporting period,Section 4 : Demandes fermées pendant la période d’établissement de rapport,4.7.2,4.7.2 Requests closed beyond legislated timelines (including any extension taken),4.7.2 Demandes fermées au-dela des délais prévus par laloi(y compris toute prolongation prise),Total - Number of Days Past Legislated Timelines: 181 to 365 days,Total - Nombre de jours de retard au-delà des délais prévus par la loi: 181 à 365 jours,Q27R1C3
Q4_7_2Row7Cell3,4,Section 4: Requests closed during the reporting period,Section 4 : Demandes fermées pendant la période d’établissement de rapport,4.7.2,4.7.2 Requests closed beyond legislated timelines (including any extension taken),4.7.2 Demandes fermées au-dela des délais prévus par laloi(y compris toute prolongation prise),Total - Number of Days Past Legislated Timelines: More than 365 days,Total - Nombre de jours de retard au-delà des délais prévus par la loi: Plus de 365 jours,Q27R1C4
Q4_7_2Row8Cell3,4,Section 4: Requests closed during the reporting period,Section 4 : Demandes fermées pendant la période d’établissement de rapport,4.7.2,4.7.2 Requests closed beyond legislated timelines (including any extension taken),4.7.2 Demandes fermées au-dela des délais prévus par laloi(y compris toute prolongation prise),Total - Number of Days Past Legislated Timelines: Total,Total - Nombre de jours de retard au-delà des délais prévus par la loi: Total,Q27R1C5
Q4_8Row1Cell1,4,Section 4: Requests closed during the reporting period,Section 4 : Demandes fermées pendant la période d’établissement de rapport,4.8,4.8 Requests for translation,4.8 Demandes de traduction,Accepted - Translation Requests: English to French,Acceptées - Demandes de traduction : De l’anglais au français,Q27R1C6
Q4_8Row1Cell2,4,Section 4: Requests closed during the reporting period,Section 4 : Demandes fermées pendant la période d’établissement de rapport,4.8,4.8 Requests for translation,4.8 Demandes de traduction,Refused - Translation Requests: English to French,Refusées - Demandes de traduction : De l’anglais au français,Q27R2C1
Q4_8Row1Cell3,4,Section 4: Requests closed during the reporting period,Section 4 : Demandes fermées pendant la période d’établissement de rapport,4.8,4.8 Requests for translation,4.8 Demandes de traduction,Total - Translation Requests: English to French,Total - Demandes de traduction : De l’anglais au français,Q27R2C2
Q4_8Row2Cell1,4,Section 4: Requests closed during the reporting period,Section 4 : Demandes fermées pendant la période d’établissement de rapport,4.8,4.8 Requests for translation,4.8 Demandes de traduction,Accepted - Translation Requests: French to English,Acceptées - Demandes de traduction: Du français à l’anglais,Q27R2C3
Q4_8Row2Cell2,4,Section 4: Requests closed during the reporting period,Section 4 : Demandes fermées pendant la période d’établissement de rapport,4.8,4.8 Requests for translation,4.8 Demandes de traduction,Refused - Translation Requests: French to English,Refusées - Demandes de traduction: Du français à l’anglais,Q27R2C4
Q4_8Row2Cell3,4,Section 4: Requests closed during the reporting period,Section 4 : Demandes fermées pendant la période d’établissement de rapport,4.8,4.8 Requests for translation,4.8 Demandes de traduction,Total - Translation Requests: French to English,Total - Demandes de traduction: Du français à l’anglais,Q27R2C5
Q4_8Row3Cell1,4,Section 4: Requests closed during the reporting period,Section 4 : Demandes fermées pendant la période d’établissement de rapport,4.8,4.8 Requests for translation,4.8 Demandes de traduction,Accepted - Translation Requests: Total,Acceptées - Demandes de traduction: Total,Q27R2C6
Q4_8Row3Cell2,4,Section 4: Requests closed during the reporting period,Section 4 : Demandes fermées pendant la période d’établissement de rapport,4.8,4.8 Requests for translation,4.8 Demandes de traduction,Refused - Translation Requests: Total,Refusées - Demandes de traduction: Total,Q28R1C1
Q4_8Row3Cell3,4,Section 4: Requests closed during the reporting period,Section 4 : Demandes fermées pendant la période d’établissement de rapport,4.8,4.8 Requests for translation,4.8 Demandes de traduction,Total - Translation Requests: Total,Total - Demandes de traduction: Total,Q28R1C2
Q5_1Row1Cell1,5,Section 5: Extensions,Section 5 : Prorogations,5.1,5.1 Reasons for extensions and disposition of requests,5.1 Motifs des prorogations et disposition des demandes,9(1)(a) Interference with operations / workload - Disposition of requests where an extension was taken: All disclosed,9(1)a) Entrave au fonctionnement - Disposition des demandes où le délai a été prorogé : Communication totale,Q28R1C3
Q5_1Row2Cell1,5,Section 5: Extensions,Section 5 : Prorogations,5.1,5.1 Reasons for extensions and disposition of requests,5.1 Motifs des prorogations et disposition des demandes,9(1)(a) Interference with operations / workload - Disposition of requests where an extension was taken: Disclosed in part,9(1)a) Entrave au fonctionnement - Disposition des demandes où le délai a été prorogé : Communication partielle,Q28R1C4
Q5_1Row3Cell1,5,Section 5: Extensions,Section 5 : Prorogations,5.1,5.1 Reasons for extensions and disposition of requests,5.1 Motifs des prorogations et disposition des demandes,9(1)(a) Interference with operations / workload - Disposition of requests where an extension was taken: All exempted,9(1)a) Entrave au fonctionnement - Disposition des demandes où le délai a été prorogé : Exception totale,Q28R2C1
Q5_1Row4Cell1,5,Section 5: Extensions,Section 5 : Prorogations,5.1,5.1 Reasons for extensions and disposition of requests,5.1 Motifs des prorogations et disposition des demandes,9(1)(a) Interference with operations / workload - Disposition of requests where an extension was taken: All excluded,9(1)a) Entrave au fonctionnement - Disposition des demandes où le délai a été prorogé : Exclusion totale,Q28R2C2
Q5_1Row5Cell1,5,Section 5: Extensions,Section 5 : Prorogations,5.1,5.1 Reasons for extensions and disposition of requests,5.1 Motifs des prorogations et disposition des demandes,9(1)(a) Interference with operations / workload - Disposition of requests where an extension was taken: No records exist,9(1)a) Entrave au fonctionnement - Disposition des demandes où le délai a été prorogé : Demande abandonnée,Q28R2C3
Q5_1Row6Cell1,5,Section 5: Extensions,Section 5 : Prorogations,5.1,5.1 Reasons for extensions and disposition of requests,5.1 Motifs des prorogations et disposition des demandes,9(1)(a) Interference with operations / workload - Disposition of requests where an extension was taken: Request abandoned,9(1)a) Entrave au fonctionnement - Disposition des demandes où le délai a été prorogé : Aucun document n’existe,Q28R2C4
Q5_1Row7Cell1,5,Section 5: Extensions,Section 5 : Prorogations,5.1,5.1 Reasons for extensions and disposition of requests,5.1 Motifs des prorogations et disposition des demandes,9(1)(a) Interference with operations / workload - Disposition of requests where an extension was taken: Decline to act with the approval of the Information Commisioner,9(1)a) Entrave au fonctionnement - Disposition des demandes où le délai a été prorogé : Refus d’agir avec l’approbation de la Commissaire à l’information,Q28R3C1
Q5_1Row8Cell1,5,Section 5: Extensions,Section 5 : Prorogations,5.1,5.1 Reasons for extensions and disposition of requests,5.1 Motifs des prorogations et disposition des demandes,9(1)(a) Interference with operations / workload - Disposition of requests where an extension was taken: Total,9(1)a) Entrave au fonctionnement - Disposition des demandes où le délai a été prorogé : Total,Q28R3C2
Q5_1Row1Cell2,5,Section 5: Extensions,Section 5 : Prorogations,5.1,5.1 Reasons for extensions and disposition of requests,5.1 Motifs des prorogations et disposition des demandes,9(1)(b) Consultation: Section 69 - Disposition of requests where an extension was taken: All disclosed,9(1)b) Consultation : Article 69 - Disposition des demandes où le délai a été prorogé : Communication totale,Q28R3C3
Q5_1Row2Cell2,5,Section 5: Extensions,Section 5 : Prorogations,5.1,5.1 Reasons for extensions and disposition of requests,5.1 Motifs des prorogations et disposition des demandes,9(1)(b) Consultation: Section 69 - Disposition of requests where an extension was taken: Disclosed in part,9(1)b) Consultation : Article 69 - Disposition des demandes où le délai a été prorogé : Communication partielle,Q28R3C4
Q5_1Row3Cell2,5,Section 5: Extensions,Section 5 : Prorogations,5.1,5.1 Reasons for extensions and disposition of requests,5.1 Motifs des prorogations et disposition des demandes,9(1)(b) Consultation: Section 69 - Disposition of requests where an extension was taken: All exempted,9(1)b) Consultation : Article 69 - Disposition des demandes où le délai a été prorogé : Exception totale,Q28R4C1
Q5_1Row4Cell2,5,Section 5: Extensions,Section 5 : Prorogations,5.1,5.1 Reasons for extensions and disposition of requests,5.1 Motifs des prorogations et disposition des demandes,9(1)(b) Consultation: Section 69 - Disposition of requests where an extension was taken: All excluded,9(1)b) Consultation : Article 69 - Disposition des demandes où le délai a été prorogé : Exclusion totale,Q28R4C2
Q5_1Row5Cell2,5,Section 5: Extensions,Section 5 : Prorogations,5.1,5.1 Reasons for extensions and disposition of requests,5.1 Motifs des prorogations et disposition des demandes,9(1)(b) Consultation: Section 69 - Disposition of requests where an extension was taken: No records exist,9(1)b) Consultation : Article 69 - Disposition des demandes où le délai a été prorogé : Demande abandonnée,Q28R4C3
Q5_1Row6Cell2,5,Section 5: Extensions,Section 5 : Prorogations,5.1,5.1 Reasons for extensions and disposition of requests,5.1 Motifs des prorogations et disposition des demandes,9(1)(b) Consultation: Section 69 - Disposition of requests where an extension was taken: Request abandoned,9(1)b) Consultation : Article 69 - Disposition des demandes où le délai a été prorogé : Aucun document n’existe,Q28R4C4
Q5_1Row7Cell2,5,Section 5: Extensions,Section 5 : Prorogations,5.1,5.1 Reasons for extensions and disposition of requests,5.1 Motifs des prorogations et disposition des demandes,9(1)(b) Consultation: Section 69 - Disposition of requests where an extension was taken: Decline to act with the approval of the Information Commisioner,9(1)b) Consultation : Article 69 - Disposition des demandes où le délai a été prorogé : Refus d’agir avec l’approbation de la Commissaire à l’information,Q28R5C1
Q5_1Row8Cell2,5,Section 5: Extensions,Section 5 : Prorogations,5.1,5.1 Reasons for extensions and disposition of requests,5.1 Motifs des prorogations et disposition des demandes,9(1)(b) Consultation: Section 69 - Disposition of requests where an extension was taken: Total,9(1)b) Consultation : Article 69 - Disposition des demandes où le délai a été prorogé : Total,Q28R5C2
Q5_1Row1Cell3,5,Section 5: Extensions,Section 5 : Prorogations,5.1,5.1 Reasons for extensions and disposition of requests,5.1 Motifs des prorogations et disposition des demandes,9(1)(b) Consultation: Other - Disposition of requests where an extension was taken: All disclosed,9(1)b) Consultation : Autres - Disposition des demandes où le délai a été prorogé : Communication totale,Q28R5C3
Q5_1Row2Cell3,5,Section 5: Extensions,Section 5 : Prorogations,5.1,5.1 Reasons for extensions and disposition of requests,5.1 Motifs des prorogations et disposition des demandes,9(1)(b) Consultation: Other - Disposition of requests where an extension was taken: Disclosed in part,9(1)b) Consultation : Autres - Disposition des demandes où le délai a été prorogé : Communication partielle,Q28R5C4
Q5_1Row3Cell3,5,Section 5: Extensions,Section 5 : Prorogations,5.1,5.1 Reasons for extensions and disposition of requests,5.1 Motifs des prorogations et disposition des demandes,9(1)(b) Consultation: Other - Disposition of requests where an extension was taken: All exempted,9(1)b) Consultation : Autres - Disposition des demandes où le délai a été prorogé : Exception totale,Q29R1C1
Q5_1Row4Cell3,5,Section 5: Extensions,Section 5 : Prorogations,5.1,5.1 Reasons for extensions and disposition of requests,5.1 Motifs des prorogations et disposition des demandes,9(1)(b) Consultation: Other - Disposition of requests where an extension was taken: All excluded,9(1)b) Consultation : Autres - Disposition des demandes où le délai a été prorogé : Exclusion totale,Q29R1C2
Q5_1Row5Cell3,5,Section 5: Extensions,Section 5 : Prorogations,5.1,5.1 Reasons for extensions and disposition of requests,5.1 Motifs des prorogations et disposition des demandes,9(1)(b) Consultation: Other - Disposition of requests where an extension was taken: No records exist,9(1)b) Consultation : Autres - Disposition des demandes où le délai a été prorogé : Demande abandonnée,Q29R1C3
Q5_1Row6Cell3,5,Section 5: Extensions,Section 5 : Prorogations,5.1,5.1 Reasons for extensions and disposition of requests,5.1 Motifs des prorogations et disposition des demandes,9(1)(b) Consultation: Other - Disposition of requests where an extension was taken: Request abandoned,9(1)b) Consultation : Autres - Disposition des demandes où le délai a été prorogé : Aucun document n’existe,Q29R1C4
Q5_1Row7Cell3,5,Section 5: Extensions,Section 5 : Prorogations,5.1,5.1 Reasons for extensions and disposition of requests,5.1 Motifs des prorogations et disposition des demandes,9(1)(b) Consultation: Other - Disposition of requests where an extension was taken: Decline to act with the approval of the Information Commisioner,9(1)b) Consultation : Autres - Disposition des demandes où le délai a été prorogé : Refus d’agir avec l’approbation de la Commissaire à l’information,Q29R1C5
Q5_1Row8Cell3,5,Section 5: Extensions,Section 5 : Prorogations,5.1,5.1 Reasons for extensions and disposition of requests,5.1 Motifs des prorogations et disposition des demandes,9(1)(b) Consultation: Other - Disposition of requests where an extension was taken: Total,9(1)b) Consultation : Autres - Disposition des demandes où le délai a été prorogé : Total,Q29R1C6
Q5_1Row1Cell4,5,Section 5: Extensions,Section 5 : Prorogations,5.1,5.1 Reasons for extensions and disposition of requests,5.1 Motifs des prorogations et disposition des demandes,9(1)(c) Third party notice - Disposition of requests where an extension was taken: All disclosed,9(1)c) Avis à un tiers - Disposition des demandes où le délai a été prorogé : Communication totale,Q29R1C7
Q5_1Row2Cell4,5,Section 5: Extensions,Section 5 : Prorogations,5.1,5.1 Reasons for extensions and disposition of requests,5.1 Motifs des prorogations et disposition des demandes,9(1)(c) Third party notice - Disposition of requests where an extension was taken: Disclosed in part,9(1)c) Avis à un tiers - Disposition des demandes où le délai a été prorogé : Communication partielle,Q29R2C1
Q5_1Row3Cell4,5,Section 5: Extensions,Section 5 : Prorogations,5.1,5.1 Reasons for extensions and disposition of requests,5.1 Motifs des prorogations et disposition des demandes,9(1)(c) Third party notice - Disposition of requests where an extension was taken: All exempted,9(1)c) Avis à un tiers - Disposition des demandes où le délai a été prorogé : Exception totale,Q29R2C2
Q5_1Row4Cell4,5,Section 5: Extensions,Section 5 : Prorogations,5.1,5.1 Reasons for extensions and disposition of requests,5.1 Motifs des prorogations et disposition des demandes,9(1)(c) Third party notice - Disposition of requests where an extension was taken: All excluded,9(1)c) Avis à un tiers - Disposition des demandes où le délai a été prorogé : Exclusion totale,Q29R2C3
Q5_1Row5Cell4,5,Section 5: Extensions,Section 5 : Prorogations,5.1,5.1 Reasons for extensions and disposition of requests,5.1 Motifs des prorogations et disposition des demandes,9(1)(c) Third party notice - Disposition of requests where an extension was taken: No records exist,9(1)c) Avis à un tiers - Disposition des demandes où le délai a été prorogé : Demande abandonnée,Q29R2C4
Q5_1Row6Cell4,5,Section 5: Extensions,Section 5 : Prorogations,5.1,5.1 Reasons for extensions and disposition of requests,5.1 Motifs des prorogations et disposition des demandes,9(1)(c) Third party notice - Disposition of requests where an extension was taken: Request abandoned,9(1)c) Avis à un tiers - Disposition des demandes où le délai a été prorogé : Aucun document n’existe,Q29R2C5
Q5_1Row7Cell4,5,Section 5: Extensions,Section 5 : Prorogations,5.1,5.1 Reasons for extensions and disposition of requests,5.1 Motifs des prorogations et disposition des demandes,9(1)(c) Third party notice - Disposition of requests where an extension was taken: Decline to act with the approval of the Information Commisioner,9(1)c) Avis à un tiers - Disposition des demandes où le délai a été prorogé : Refus d’agir avec l’approbation de la Commissaire à l’information,Q29R2C6
Q5_1Row8Cell4,5,Section 5: Extensions,Section 5 : Prorogations,5.1,5.1 Reasons for extensions and disposition of requests,5.1 Motifs des prorogations et disposition des demandes,9(1)(c) Third party notice - Disposition of requests where an extension was taken: Total,9(1)c) Avis à un tiers - Disposition des demandes où le délai a été prorogé : Total,Q29R2C7
Q5_2Row1Cell1,5,Section 5: Extensions,Section 5 : Prorogations,5.2,5.2 Length of extensions,5.2 Durée des prorogations,9(1)(a) Interference with operations - Length of extensions: 30 days or less,9(1)a) Entrave au fonctionnement - Durée des prorogations : 30 jours ou moins,Q29R3C1
Q5_2Row2Cell1,5,Section 5: Extensions,Section 5 : Prorogations,5.2,5.2 Length of extensions,5.2 Durée des prorogations,9(1)(a) Interference with operations - Length of extensions: 31 to 60 days,9(1)a) Entrave au fonctionnement - Durée des prorogations : 31 à 60 jours,Q29R3C2
Q5_2Row3Cell1,5,Section 5: Extensions,Section 5 : Prorogations,5.2,5.2 Length of extensions,5.2 Durée des prorogations,9(1)(a) Interference with operations - Length of extensions: 61 to 120 days,9(1)a) Entrave au fonctionnement - Durée des prorogations : 61 à 120 jours,Q29R3C3
Q5_2Row4Cell1,5,Section 5: Extensions,Section 5 : Prorogations,5.2,5.2 Length of extensions,5.2 Durée des prorogations,9(1)(a) Interference with operations - Length of extensions: 121 to 180 days,9(1)a) Entrave au fonctionnement - Durée des prorogations : 121 à 180 jours,Q29R3C4
Q5_2Row5Cell1,5,Section 5: Extensions,Section 5 : Prorogations,5.2,5.2 Length of extensions,5.2 Durée des prorogations,9(1)(a) Interference with operations - Length of extensions: 181 to 365 days,9(1)a) Entrave au fonctionnement - Durée des prorogations : 181 à 365 jours,Q29R3C5
Q5_2Row6Cell1,5,Section 5: Extensions,Section 5 : Prorogations,5.2,5.2 Length of extensions,5.2 Durée des prorogations,9(1)(a) Interference with operations - Length of extensions: 365 days or more,9(1)a) Entrave au fonctionnement - Durée des prorogations : Plus de 365 jours,Q29R3C6
Q5_2Row7Cell1,5,Section 5: Extensions,Section 5 : Prorogations,5.2,5.2 Length of extensions,5.2 Durée des prorogations,9(1)(a) Interference with operations - Length of extensions: Total,9(1)a) Entrave au fonctionnement - Durée des prorogations : Total,Q29R3C7
Q5_2Row1Cell2,5,Section 5: Extensions,Section 5 : Prorogations,5.2,5.2 Length of extensions,5.2 Durée des prorogations,9(1)(b) Consultation: Section 69 - Length of extensions: 30 days or less,9(1)b) Consultation : Article 69 - Durée des prorogations : 30 jours ou moins,Q29R4C1
Q5_2Row2Cell2,5,Section 5: Extensions,Section 5 : Prorogations,5.2,5.2 Length of extensions,5.2 Durée des prorogations,9(1)(b) Consultation: Section 69 - Length of extensions: 31 to 60 days,9(1)b) Consultation : Article 69 - Durée des prorogations : 31 à 60 jours,Q29R4C2
Q5_2Row3Cell2,5,Section 5: Extensions,Section 5 : Prorogations,5.2,5.2 Length of extensions,5.2 Durée des prorogations,9(1)(b) Consultation: Section 69 - Length of extensions: 61 to 120 days,9(1)b) Consultation : Article 69 - Durée des prorogations : 61 à 120 jours,Q29R4C3
Q5_2Row4Cell2,5,Section 5: Extensions,Section 5 : Prorogations,5.2,5.2 Length of extensions,5.2 Durée des prorogations,9(1)(b) Consultation: Section 69 - Length of extensions: 121 to 180 days,9(1)b) Consultation : Article 69 - Durée des prorogations : 121 à 180 jours,Q29R4C4
Q5_2Row5Cell2,5,Section 5: Extensions,Section 5 : Prorogations,5.2,5.2 Length of extensions,5.2 Durée des prorogations,9(1)(b) Consultation: Section 69 - Length of extensions: 181 to 365 days,9(1)b) Consultation : Article 69 - Durée des prorogations : 181 à 365 jours,Q29R4C5
Q5_2Row6Cell2,5,Section 5: Extensions,Section 5 : Prorogations,5.2,5.2 Length of extensions,5.2 Durée des prorogations,9(1)(b) Consultation: Section 69 - Length of extensions: 365 days or more,9(1)b) Consultation : Article 69 - Durée des prorogations : Plus de 365 jours,Q29R4C6
Q5_2Row7Cell2,5,Section 5: Extensions,Section 5 : Prorogations,5.2,5.2 Length of extensions,5.2 Durée des prorogations,9(1)(b) Consultation: Section 69 - Length of extensions: Total,9(1)b) Consultation : Article 69 - Durée des prorogations : Total,Q29R4C7
Q5_2Row1Cell3,5,Section 5: Extensions,Section 5 : Prorogations,5.2,5.2 Length of extensions,5.2 Durée des prorogations,9(1)(b) Consultation: Other - Length of extensions: 30 days or less,9(1)b) Consultation : Autres - Durée des prorogations : 30 jours ou moins,Q29R5C1
Q5_2Row2Cell3,5,Section 5: Extensions,Section 5 : Prorogations,5.2,5.2 Length of extensions,5.2 Durée des prorogations,9(1)(b) Consultation: Other - Length of extensions: 31 to 60 days,9(1)b) Consultation : Autres - Durée des prorogations : 31 à 60 jours,Q29R5C2
Q5_2Row3Cell3,5,Section 5: Extensions,Section 5 : Prorogations,5.2,5.2 Length of extensions,5.2 Durée des prorogations,9(1)(b) Consultation: Other - Length of extensions: 61 to 120 days,9(1)b) Consultation : Autres - Durée des prorogations : 61 à 120 jours,Q29R5C3
Q5_2Row4Cell3,5,Section 5: Extensions,Section 5 : Prorogations,5.2,5.2 Length of extensions,5.2 Durée des prorogations,9(1)(b) Consultation: Other - Length of extensions: 121 to 180 days,9(1)b) Consultation : Autres - Durée des prorogations : 121 à 180 jours,Q29R5C4
Q5_2Row5Cell3,5,Section 5: Extensions,Section 5 : Prorogations,5.2,5.2 Length of extensions,5.2 Durée des prorogations,9(1)(b) Consultation: Other - Length of extensions: 181 to 365 days,9(1)b) Consultation : Autres - Durée des prorogations : 181 à 365 jours,Q29R5C5
Q5_2Row6Cell3,5,Section 5: Extensions,Section 5 : Prorogations,5.2,5.2 Length of extensions,5.2 Durée des prorogations,9(1)(b) Consultation: Other - Length of extensions: 365 days or more,9(1)b) Consultation : Autres - Durée des prorogations : Plus de 365 jours,Q29R5C6
Q5_2Row7Cell3,5,Section 5: Extensions,Section 5 : Prorogations,5.2,5.2 Length of extensions,5.2 Durée des prorogations,9(1)(b) Consultation: Other - Length of extensions: Total,9(1)b) Consultation : Autres - Durée des prorogations : Total,Q29R5C7
Q5_2Row1Cell4,5,Section 5: Extensions,Section 5 : Prorogations,5.2,5.2 Length of extensions,5.2 Durée des prorogations,9(1)(c) Third party notice - Length of extensions: 30 days or less,9(1)c) Avis à un tiers - Durée des prorogations : 30 jours ou moins,Q29R6C1
Q5_2Row2Cell4,5,Section 5: Extensions,Section 5 : Prorogations,5.2,5.2 Length of extensions,5.2 Durée des prorogations,9(1)(c) Third party notice - Length of extensions: 31 to 60 days,9(1)c) Avis à un tiers - Durée des prorogations : 31 à 60 jours,Q29R6C2
Q5_2Row3Cell4,5,Section 5: Extensions,Section 5 : Prorogations,5.2,5.2 Length of extensions,5.2 Durée des prorogations,9(1)(c) Third party notice - Length of extensions: 61 to 120 days,9(1)c) Avis à un tiers - Durée des prorogations : 61 à 120 jours,Q29R6C3
Q5_2Row4Cell4,5,Section 5: Extensions,Section 5 : Prorogations,5.2,5.2 Length of extensions,5.2 Durée des prorogations,9(1)(c) Third party notice - Length of extensions: 121 to 180 days,9(1)c) Avis à un tiers - Durée des prorogations : 121 à 180 jours,Q29R6C4
Q5_2Row5Cell4,5,Section 5: Extensions,Section 5 : Prorogations,5.2,5.2 Length of extensions,5.2 Durée des prorogations,9(1)(c) Third party notice - Length of extensions: 181 to 365 days,9(1)c) Avis à un tiers - Durée des prorogations : 181 à 365 jours,Q29R6C5
Q5_2Row6Cell4,5,Section 5: Extensions,Section 5 : Prorogations,5.2,5.2 Length of extensions,5.2 Durée des prorogations,9(1)(c) Third party notice - Length of extensions: 365 days or more,9(1)c) Avis à un tiers - Durée des prorogations : Plus de 365 jours,Q29R6C6
Q5_2Row7Cell4,5,Section 5: Extensions,Section 5 : Prorogations,5.2,5.2 Length of extensions,5.2 Durée des prorogations,9(1)(c) Third party notice - Length of extensions: Total,9(1)c) Avis à un tiers - Durée des prorogations : Total,Q29R6C7
Q6Row1Cell1,6,Section 6: Fees,Section 6 : Frais,,N/A,N/A,Fee Collected: Number of requests - Fee Type: Application,Frais perçus: Nombre de demandes - Type de frais: Présentation,Q30R1C1
Q6Row2Cell1,6,Section 6: Fees,Section 6 : Frais,,N/A,N/A,Fee Collected: Number of requests - Fee Type: Other fees,Frais perçus: Nombre de demandes - Type de frais: Autres frais,Q30R1C2
Q6Row3Cell1,6,Section 6: Fees,Section 6 : Frais,,N/A,N/A,Fee Collected: Number of requests - Fee Type: Total,Frais perçus: Nombre de demandes - Type de frais: Total,Q30R1C3
Q6Row1Cell2,6,Section 6: Fees,Section 6 : Frais,,N/A,N/A,Fee Collected: Amount - Fee Type: Application,Frais perçus: Montant - Type de frais: Présentation,Q30R1C4
Q6Row2Cell2,6,Section 6: Fees,Section 6 : Frais,,N/A,N/A,Fee Collected: Amount - Fee Type: Other fees,Frais perçus: Montant - Type de frais: Autres frais,Q30R1C5
Q6Row3Cell2,6,Section 6: Fees,Section 6 : Frais,,N/A,N/A,Fee Collected: Amount - Fee Type: Total,Frais perçus: Montant - Type de frais: Total,Q30R1C6
Q6Row1Cell3,6,Section 6: Fees,Section 6 : Frais,,N/A,N/A,Fee Waived: Number of requests - Fee Type: Application,Frais dispenséss: Nombre de demandes - Type de frais: Présentation,Q30R1C7
Q6Row2Cell3,6,Section 6: Fees,Section 6 : Frais,,N/A,N/A,Fee Waived: Number of requests - Fee Type: Other fees,Frais dispenséss: Nombre de demandes - Type de frais: Autres frais,Q30R2C1
Q6Row3Cell3,6,Section 6: Fees,Section 6 : Frais,,N/A,N/A,Fee Waived: Number of requests - Fee Type: Total,Frais dispenséss: Nombre de demandes - Type de frais: Total,Q30R2C2
Q6Row1Cell4,6,Section 6: Fees,Section 6 : Frais,,N/A,N/A,Fee Waived: Amount - Fee Type: Application,Frais dispenséss: Montant - Type de frais: Présentation,Q30R2C3
Q6Row2Cell4,6,Section 6: Fees,Section 6 : Frais,,N/A,N/A,Fee Waived: Amount - Fee Type: Other fees,Frais dispenséss: Montant - Type de frais: Autres frais,Q30R2C4
Q6Row3Cell4,6,Section 6: Fees,Section 6 : Frais,,N/A,N/A,Fee Waived: Amount - Fee Type: Total,Frais dispenséss: Montant - Type de frais: Total,Q30R2C5
Q6Row1Cell5,6,Section 6: Fees,Section 6 : Frais,,N/A,N/A,Fee Refunded: Number of requests - Fee Type: Application,Frais remboursés: Nombre de demandes - Type de frais: Présentation,Q30R2C6
Q6Row2Cell5,6,Section 6: Fees,Section 6 : Frais,,N/A,N/A,Fee Refunded: Number of requests - Fee Type: Other fees,Frais remboursés: Nombre de demandes - Type de frais: Autres frais,Q30R2C7
Q6Row3Cell5,6,Section 6: Fees,Section 6 : Frais,,N/A,N/A,Fee Refunded: Number of requests - Fee Type: Total,Frais remboursés: Nombre de demandes - Type de frais: Total,Q30R3C1
Q6Row1Cell6,6,Section 6: Fees,Section 6 : Frais,,N/A,N/A,Fee Refunded: Amount - Fee Type: Application,Frais remboursés: Montant - Type de frais: Présentation,Q30R3C2
Q6Row2Cell6,6,Section 6: Fees,Section 6 : Frais,,N/A,N/A,Fee Refunded: Amount - Fee Type: Other fees,Frais remboursés: Montant - Type de frais: Autres frais,Q30R3C3
Q6Row3Cell6,6,Section 6: Fees,Section 6 : Frais,,N/A,N/A,Fee Refunded: Amount - Fee Type: Total,Frais remboursés: Montant - Type de frais: Total,Q30R3C4
Q7_1Row1Cell1,7,Section 7: Consultations received from other institutions and organizations,Section 7 : Demandes de consultation reçues d’autres institutions et organisations,7.1,7.1 Consultations received from other Government of Canada institutions and other organizations,7.1 Demandes de consultation reçues d’autres institutions du gouvernement du Canada et autres organisations,Other government of Canada institutions - Consultations: Received during reporting period,Autres institutions du gouvernement du Canada - Consultations : Reçues pendant la période d’établissement de rapport,Q30R3C5
Q7_1Row2Cell1,7,Section 7: Consultations received from other institutions and organizations,Section 7 : Demandes de consultation reçues d’autres institutions et organisations,7.1,7.1 Consultations received from other Government of Canada institutions and other organizations,7.1 Demandes de consultation reçues d’autres institutions du gouvernement du Canada et autres organisations,Other government of Canada institutions - Consultations: Outstanding from the previous reporting period,Autres institutions du gouvernement du Canada - Consultations : En suspens à la fin de la période d’établissement de rapport précédente,Q30R3C6
Q7_1Row3Cell1,7,Section 7: Consultations received from other institutions and organizations,Section 7 : Demandes de consultation reçues d’autres institutions et organisations,7.1,7.1 Consultations received from other Government of Canada institutions and other organizations,7.1 Demandes de consultation reçues d’autres institutions du gouvernement du Canada et autres organisations,Other government of Canada institutions - Consultations: Total,Autres institutions du gouvernement du Canada - Consultations : Total,Q30R3C7
Q7_1Row4Cell1,7,Section 7: Consultations received from other institutions and organizations,Section 7 : Demandes de consultation reçues d’autres institutions et organisations,7.1,7.1 Consultations received from other Government of Canada institutions and other organizations,7.1 Demandes de consultation reçues d’autres institutions du gouvernement du Canada et autres organisations,Other government of Canada institutions - Consultations: Closed during the reporting period,Autres institutions du gouvernement du Canada - Consultations : Fermées pendant la période d’établissement de rapport,Q30R4C1
Q7_1Row5Cell1,7,Section 7: Consultations received from other institutions and organizations,Section 7 : Demandes de consultation reçues d’autres institutions et organisations,7.1,7.1 Consultations received from other Government of Canada institutions and other organizations,7.1 Demandes de consultation reçues d’autres institutions du gouvernement du Canada et autres organisations,Other government of Canada institutions - Consultations: Carried over within negotiated timelines,Autres institutions du gouvernement du Canada - Consultations : Reportées à l’intérieur des délais négociés à la prochaine période d’établissement de rapport,Q30R4C2
Q7_1Row6Cell1,7,Section 7: Consultations received from other institutions and organizations,Section 7 : Demandes de consultation reçues d’autres institutions et organisations,7.1,7.1 Consultations received from other Government of Canada institutions and other organizations,7.1 Demandes de consultation reçues d’autres institutions du gouvernement du Canada et autres organisations,Other government of Canada institutions - Consultations: Carried over beyond negotiated timelines,Autres institutions du gouvernement du Canada - Consultations : Reportées au-delà des délais négociés à la prochaine période d’établissement de rapport,Q30R4C3
Q7_1Row1Cell2,7,Section 7: Consultations received from other institutions and organizations,Section 7 : Demandes de consultation reçues d’autres institutions et organisations,7.1,7.1 Consultations received from other Government of Canada institutions and other organizations,7.1 Demandes de consultation reçues d’autres institutions du gouvernement du Canada et autres organisations,Number of pages to review - Consultations: Received during reporting period,Nombre de pages à traiter - Consultations : Reçues pendant la période d’établissement de rapport,Q30R4C4
Q7_1Row2Cell2,7,Section 7: Consultations received from other institutions and organizations,Section 7 : Demandes de consultation reçues d’autres institutions et organisations,7.1,7.1 Consultations received from other Government of Canada institutions and other organizations,7.1 Demandes de consultation reçues d’autres institutions du gouvernement du Canada et autres organisations,Number of pages to review - Consultations: Outstanding from the previous reporting period,Nombre de pages à traiter - Consultations : En suspens à la fin de la période d’établissement de rapport précédente,Q30R4C5
Q7_1Row3Cell2,7,Section 7: Consultations received from other institutions and organizations,Section 7 : Demandes de consultation reçues d’autres institutions et organisations,7.1,7.1 Consultations received from other Government of Canada institutions and other organizations,7.1 Demandes de consultation reçues d’autres institutions du gouvernement du Canada et autres organisations,Number of pages to review - Consultations: Total,Nombre de pages à traiter - Consultations : Total,Q30R4C6
Q7_1Row4Cell2,7,Section 7: Consultations received from other institutions and organizations,Section 7 : Demandes de consultation reçues d’autres institutions et organisations,7.1,7.1 Consultations received from other Government of Canada institutions and other organizations,7.1 Demandes de consultation reçues d’autres institutions du gouvernement du Canada et autres organisations,Number of pages to review - Consultations: Closed during the reporting period,Nombre de pages à traiter - Consultations : Fermées pendant la période d’établissement de rapport,Q30R4C7
Q7_1Row5Cell2,7,Section 7: Consultations received from other institutions and organizations,Section 7 : Demandes de consultation reçues d’autres institutions et organisations,7.1,7.1 Consultations received from other Government of Canada institutions and other organizations,7.1 Demandes de consultation reçues d’autres institutions du gouvernement du Canada et autres organisations,Number of pages to review - Consultations: Carried over within negotiated timelines,Nombre de pages à traiter - Consultations : Reportées à l’intérieur des délais négociés à la prochaine période d’établissement de rapport,Q30R5C1
Q7_1Row6Cell2,7,Section 7: Consultations received from other institutions and organizations,Section 7 : Demandes de consultation reçues d’autres institutions et organisations,7.1,7.1 Consultations received from other Government of Canada institutions and other organizations,7.1 Demandes de consultation reçues d’autres institutions du gouvernement du Canada et autres organisations,Number of pages to review - Consultations: Carried over beyond negotiated timelines,Nombre de pages à traiter - Consultations : Reportées au-delà des délais négociés à la prochaine période d’établissement de rapport,Q30R5C2
Q7_1Row1Cell3,7,Section 7: Consultations received from other institutions and organizations,Section 7 : Demandes de consultation reçues d’autres institutions et organisations,7.1,7.1 Consultations received from other Government of Canada institutions and other organizations,7.1 Demandes de consultation reçues d’autres institutions du gouvernement du Canada et autres organisations,Other organizations - Consultations: Received during reporting period,Autres organismes - Consultations : Reçues pendant la période d’établissement de rapport,Q30R5C3
Q7_1Row2Cell3,7,Section 7: Consultations received from other institutions and organizations,Section 7 : Demandes de consultation reçues d’autres institutions et organisations,7.1,7.1 Consultations received from other Government of Canada institutions and other organizations,7.1 Demandes de consultation reçues d’autres institutions du gouvernement du Canada et autres organisations,Other organizations - Consultations: Outstanding from the previous reporting period,Autres organismes - Consultations : En suspens à la fin de la période d’établissement de rapport précédente,Q30R5C4
Q7_1Row3Cell3,7,Section 7: Consultations received from other institutions and organizations,Section 7 : Demandes de consultation reçues d’autres institutions et organisations,7.1,7.1 Consultations received from other Government of Canada institutions and other organizations,7.1 Demandes de consultation reçues d’autres institutions du gouvernement du Canada et autres organisations,Other organizations - Consultations: Total,Autres organismes - Consultations : Total,Q30R5C5
Q7_1Row4Cell3,7,Section 7: Consultations received from other institutions and organizations,Section 7 : Demandes de consultation reçues d’autres institutions et organisations,7.1,7.1 Consultations received from other Government of Canada institutions and other organizations,7.1 Demandes de consultation reçues d’autres institutions du gouvernement du Canada et autres organisations,Other organizations - Consultations: Closed during the reporting period,Autres organismes - Consultations : Fermées pendant la période d’établissement de rapport,Q30R5C6
Q7_1Row5Cell3,7,Section 7: Consultations received from other institutions and organizations,Section 7 : Demandes de consultation reçues d’autres institutions et organisations,7.1,7.1 Consultations received from other Government of Canada institutions and other organizations,7.1 Demandes de consultation reçues d’autres institutions du gouvernement du Canada et autres organisations,Other organizations - Consultations: Carried over within negotiated timelines,Autres organismes - Consultations : Reportées à l’intérieur des délais négociés à la prochaine période d’établissement de rapport,Q30R5C7
Q7_1Row6Cell3,7,Section 7: Consultations received from other institutions and organizations,Section 7 : Demandes de consultation reçues d’autres institutions et organisations,7.1,7.1 Consultations received from other Government of Canada institutions and other organizations,7.1 Demandes de consultation reçues d’autres institutions du gouvernement du Canada et autres organisations,Other organizations - Consultations: Carried over beyond negotiated timelines,Autres organismes - Consultations : Reportées au-delà des délais négociés à la prochaine période d’établissement de rapport,Q30R6C1
Q7_1Row1Cell4,7,Section 7: Consultations received from other institutions and organizations,Section 7 : Demandes de consultation reçues d’autres institutions et organisations,7.1,7.1 Consultations received from other Government of Canada institutions and other organizations,7.1 Demandes de consultation reçues d’autres institutions du gouvernement du Canada et autres organisations,Number of pages to review - Consultations: Received during reporting period,Nombre de pages à traiter - Consultations : Reçues pendant la période d’établissement de rapport,Q30R6C2
Q7_1Row2Cell4,7,Section 7: Consultations received from other institutions and organizations,Section 7 : Demandes de consultation reçues d’autres institutions et organisations,7.1,7.1 Consultations received from other Government of Canada institutions and other organizations,7.1 Demandes de consultation reçues d’autres institutions du gouvernement du Canada et autres organisations,Number of pages to review - Consultations: Outstanding from the previous reporting period,Nombre de pages à traiter - Consultations : En suspens à la fin de la période d’établissement de rapport précédente,Q30R6C3
Q7_1Row3Cell4,7,Section 7: Consultations received from other institutions and organizations,Section 7 : Demandes de consultation reçues d’autres institutions et organisations,7.1,7.1 Consultations received from other Government of Canada institutions and other organizations,7.1 Demandes de consultation reçues d’autres institutions du gouvernement du Canada et autres organisations,Number of pages to review - Consultations: Total,Nombre de pages à traiter - Consultations : Total,Q30R6C4
Q7_1Row4Cell4,7,Section 7: Consultations received from other institutions and organizations,Section 7 : Demandes de consultation reçues d’autres institutions et organisations,7.1,7.1 Consultations received from other Government of Canada institutions and other organizations,7.1 Demandes de consultation reçues d’autres institutions du gouvernement du Canada et autres organisations,Number of pages to review - Consultations: Closed during the reporting period,Nombre de pages à traiter - Consultations : Fermées pendant la période d’établissement de rapport,Q30R6C5
Q7_1Row5Cell4,7,Section 7: Consultations received from other institutions and organizations,Section 7 : Demandes de consultation reçues d’autres institutions et organisations,7.1,7.1 Consultations received from other Government of Canada institutions and other organizations,7.1 Demandes de consultation reçues d’autres institutions du gouvernement du Canada et autres organisations,Number of pages to review - Consultations: Carried over within negotiated timelines,Nombre de pages à traiter - Consultations : Reportées à l’intérieur des délais négociés à la prochaine période d’établissement de rapport,Q30R6C6
Q7_1Row6Cell4,7,Section 7: Consultations received from other institutions and organizations,Section 7 : Demandes de consultation reçues d’autres institutions et organisations,7.1,7.1 Consultations received from other Government of Canada institutions and other organizations,7.1 Demandes de consultation reçues d’autres institutions du gouvernement du Canada et autres organisations,Number of pages to review - Consultations: Carried over beyond negotiated timelines,Nombre de pages à traiter - Consultations : Reportées au-delà des délais négociés à la prochaine période d’établissement de rapport,Q30R6C7
Q7_2Row1Cell1,7,Section 7: Consultations received from other institutions and organizations,Section 7 : Demandes de consultation reçues d’autres institutions et organisations,7.2,7.2 Recommendations and completion time for consultations received from other Government of Canada institutions,7.2 Recommandation et délai de traitement pour les demandes de consultation reçues d’autres institutions du gouvernement du Canada,Number of days required to complete consultation requests: 1 to 15 days - Recommendation: Disclose entirely,Nombre de jours requis pour traiter les demandes de consultation : 1 à 15 jours - Recommandation : Communiquer en entier,Q31R1C1
Q7_2Row2Cell1,7,Section 7: Consultations received from other institutions and organizations,Section 7 : Demandes de consultation reçues d’autres institutions et organisations,7.2,7.2 Recommendations and completion time for consultations received from other Government of Canada institutions,7.2 Recommandation et délai de traitement pour les demandes de consultation reçues d’autres institutions du gouvernement du Canada,Number of days required to complete consultation requests: 1 to 15 days - Recommendation: Disclosed in part,Nombre de jours requis pour traiter les demandes de consultation : 1 à 15 jours - Recommandation : Communiquer en partie,Q31R1C2
Q7_2Row3Cell1,7,Section 7: Consultations received from other institutions and organizations,Section 7 : Demandes de consultation reçues d’autres institutions et organisations,7.2,7.2 Recommendations and completion time for consultations received from other Government of Canada institutions,7.2 Recommandation et délai de traitement pour les demandes de consultation reçues d’autres institutions du gouvernement du Canada,Number of days required to complete consultation requests: 1 to 15 days - Recommendation: Exempt entirely,Nombre de jours requis pour traiter les demandes de consultation : 1 à 15 jours - Recommandation : Exempter en entier,Q31R1C3
Q7_2Row4Cell1,7,Section 7: Consultations received from other institutions and organizations,Section 7 : Demandes de consultation reçues d’autres institutions et organisations,7.2,7.2 Recommendations and completion time for consultations received from other Government of Canada institutions,7.2 Recommandation et délai de traitement pour les demandes de consultation reçues d’autres institutions du gouvernement du Canada,Number of days required to complete consultation requests: 1 to 15 days - Recommendation: Exclude entirely,Nombre de jours requis pour traiter les demandes de consultation : 1 à 15 jours - Recommandation : Exclure en entier,Q31R1C4
Q7_2Row5Cell1,7,Section 7: Consultations received from other institutions and organizations,Section 7 : Demandes de consultation reçues d’autres institutions et organisations,7.2,7.2 Recommendations and completion time for consultations received from other Government of Canada institutions,7.2 Recommandation et délai de traitement pour les demandes de consultation reçues d’autres institutions du gouvernement du Canada,Number of days required to complete consultation requests: 1 to 15 days - Recommendation: Consult other institution,Nombre de jours requis pour traiter les demandes de consultation : 1 à 15 jours - Recommandation : Consulter une autre institution,Q31R1C5
Q7_2Row6Cell1,7,Section 7: Consultations received from other institutions and organizations,Section 7 : Demandes de consultation reçues d’autres institutions et organisations,7.2,7.2 Recommendations and completion time for consultations received from other Government of Canada institutions,7.2 Recommandation et délai de traitement pour les demandes de consultation reçues d’autres institutions du gouvernement du Canada,Number of days required to complete consultation requests: 1 to 15 days - Recommendation: Other,Nombre de jours requis pour traiter les demandes de consultation : 1 à 15 jours - Recommandation : Autre,Q31R1C6
Q7_2Row7Cell1,7,Section 7: Consultations received from other institutions and organizations,Section 7 : Demandes de consultation reçues d’autres institutions et organisations,7.2,7.2 Recommendations and completion time for consultations received from other Government of Canada institutions,7.2 Recommandation et délai de traitement pour les demandes de consultation reçues d’autres institutions du gouvernement du Canada,Number of days required to complete consultation requests: 1 to 15 days - Recommendation: Total,Nombre de jours requis pour traiter les demandes de consultation : 1 à 15 jours - Recommandation : Total,Q31R1C7
Q7_2Row1Cell2,7,Section 7: Consultations received from other institutions and organizations,Section 7 : Demandes de consultation reçues d’autres institutions et organisations,7.2,7.2 Recommendations and completion time for consultations received from other Government of Canada institutions,7.2 Recommandation et délai de traitement pour les demandes de consultation reçues d’autres institutions du gouvernement du Canada,Number of days required to complete consultation requests: 16 to 30 days - Recommendation: Disclose entirely,Nombre de jours requis pour traiter les demandes de consultation : 16 à 30 jours - Recommandation : Communiquer en entier,Q31R1C8
Q7_2Row2Cell2,7,Section 7: Consultations received from other institutions and organizations,Section 7 : Demandes de consultation reçues d’autres institutions et organisations,7.2,7.2 Recommendations and completion time for consultations received from other Government of Canada institutions,7.2 Recommandation et délai de traitement pour les demandes de consultation reçues d’autres institutions du gouvernement du Canada,Number of days required to complete consultation requests: 16 to 30 days - Recommendation: Disclosed in part,Nombre de jours requis pour traiter les demandes de consultation : 16 à 30 jours - Recommandation : Communiquer en partie,Q31R1C9
Q7_2Row3Cell2,7,Section 7: Consultations received from other institutions and organizations,Section 7 : Demandes de consultation reçues d’autres institutions et organisations,7.2,7.2 Recommendations and completion time for consultations received from other Government of Canada institutions,7.2 Recommandation et délai de traitement pour les demandes de consultation reçues d’autres institutions du gouvernement du Canada,Number of days required to complete consultation requests: 16 to 30 days - Recommendation: Exempt entirely,Nombre de jours requis pour traiter les demandes de consultation : 16 à 30 jours - Recommandation : Exempter en entier,Q31R1C10
Q7_2Row4Cell2,7,Section 7: Consultations received from other institutions and organizations,Section 7 : Demandes de consultation reçues d’autres institutions et organisations,7.2,7.2 Recommendations and completion time for consultations received from other Government of Canada institutions,7.2 Recommandation et délai de traitement pour les demandes de consultation reçues d’autres institutions du gouvernement du Canada,Number of days required to complete consultation requests: 16 to 30 days - Recommendation: Exclude entirely,Nombre de jours requis pour traiter les demandes de consultation : 16 à 30 jours - Recommandation : Exclure en entier,Q31R2C1
Q7_2Row5Cell2,7,Section 7: Consultations received from other institutions and organizations,Section 7 : Demandes de consultation reçues d’autres institutions et organisations,7.2,7.2 Recommendations and completion time for consultations received from other Government of Canada institutions,7.2 Recommandation et délai de traitement pour les demandes de consultation reçues d’autres institutions du gouvernement du Canada,Number of days required to complete consultation requests: 16 to 30 days - Recommendation: Consult other institution,Nombre de jours requis pour traiter les demandes de consultation : 16 à 30 jours - Recommandation : Consulter une autre institution,Q31R2C2
Q7_2Row6Cell2,7,Section 7: Consultations received from other institutions and organizations,Section 7 : Demandes de consultation reçues d’autres institutions et organisations,7.2,7.2 Recommendations and completion time for consultations received from other Government of Canada institutions,7.2 Recommandation et délai de traitement pour les demandes de consultation reçues d’autres institutions du gouvernement du Canada,Number of days required to complete consultation requests: 16 to 30 days - Recommendation: Other,Nombre de jours requis pour traiter les demandes de consultation : 16 à 30 jours - Recommandation : Autre,Q31R2C3
Q7_2Row7Cell2,7,Section 7: Consultations received from other institutions and organizations,Section 7 : Demandes de consultation reçues d’autres institutions et organisations,7.2,7.2 Recommendations and completion time for consultations received from other Government of Canada institutions,7.2 Recommandation et délai de traitement pour les demandes de consultation reçues d’autres institutions du gouvernement du Canada,Number of days required to complete consultation requests: 16 to 30 days - Recommendation: Total,Nombre de jours requis pour traiter les demandes de consultation : 16 à 30 jours - Recommandation : Total,Q31R2C4
Q7_2Row1Cell3,7,Section 7: Consultations received from other institutions and organizations,Section 7 : Demandes de consultation reçues d’autres institutions et organisations,7.2,7.2 Recommendations and completion time for consultations received from other Government of Canada institutions,7.2 Recommandation et délai de traitement pour les demandes de consultation reçues d’autres institutions du gouvernement du Canada,Number of days required to complete consultation requests: 31 to 60 days - Recommendation: Disclose entirely,Nombre de jours requis pour traiter les demandes de consultation : 31 à 60 jours - Recommandation : Communiquer en entier,Q31R2C5
Q7_2Row2Cell3,7,Section 7: Consultations received from other institutions and organizations,Section 7 : Demandes de consultation reçues d’autres institutions et organisations,7.2,7.2 Recommendations and completion time for consultations received from other Government of Canada institutions,7.2 Recommandation et délai de traitement pour les demandes de consultation reçues d’autres institutions du gouvernement du Canada,Number of days required to complete consultation requests: 31 to 60 days - Recommendation: Disclosed in part,Nombre de jours requis pour traiter les demandes de consultation : 31 à 60 jours - Recommandation : Communiquer en partie,Q31R2C6
Q7_2Row3Cell3,7,Section 7: Consultations received from other institutions and organizations,Section 7 : Demandes de consultation reçues d’autres institutions et organisations,7.2,7.2 Recommendations and completion time for consultations received from other Government of Canada institutions,7.2 Recommandation et délai de traitement pour les demandes de consultation reçues d’autres institutions du gouvernement du Canada,Number of days required to complete consultation requests: 31 to 60 days - Recommendation: Exempt entirely,Nombre de jours requis pour traiter les demandes de consultation : 31 à 60 jours - Recommandation : Exempter en entier,Q31R2C7
Q7_2Row4Cell3,7,Section 7: Consultations received from other institutions and organizations,Section 7 : Demandes de consultation reçues d’autres institutions et organisations,7.2,7.2 Recommendations and completion time for consultations received from other Government of Canada institutions,7.2 Recommandation et délai de traitement pour les demandes de consultation reçues d’autres institutions du gouvernement du Canada,Number of days required to complete consultation requests: 31 to 60 days - Recommendation: Exclude entirely,Nombre de jours requis pour traiter les demandes de consultation : 31 à 60 jours - Recommandation : Exclure en entier,Q31R2C8
Q7_2Row5Cell3,7,Section 7: Consultations received from other institutions and organizations,Section 7 : Demandes de consultation reçues d’autres institutions et organisations,7.2,7.2 Recommendations and completion time for consultations received from other Government of Canada institutions,7.2 Recommandation et délai de traitement pour les demandes de consultation reçues d’autres institutions du gouvernement du Canada,Number of days required to complete consultation requests: 31 to 60 days - Recommendation: Consult other institution,Nombre de jours requis pour traiter les demandes de consultation : 31 à 60 jours - Recommandation : Consulter une autre institution,Q31R2C9
Q7_2Row6Cell3,7,Section 7: Consultations received from other institutions and organizations,Section 7 : Demandes de consultation reçues d’autres institutions et organisations,7.2,7.2 Recommendations and completion time for consultations received from other Government of Canada institutions,7.2 Recommandation et délai de traitement pour les demandes de consultation reçues d’autres institutions du gouvernement du Canada,Number of days required to complete consultation requests: 31 to 60 days - Recommendation: Other,Nombre de jours requis pour traiter les demandes de consultation : 31 à 60 jours - Recommandation : Autre,Q31R2C10
Q7_2Row7Cell3,7,Section 7: Consultations received from other institutions and organizations,Section 7 : Demandes de consultation reçues d’autres institutions et organisations,7.2,7.2 Recommendations and completion time for consultations received from other Government of Canada institutions,7.2 Recommandation et délai de traitement pour les demandes de consultation reçues d’autres institutions du gouvernement du Canada,Number of days required to complete consultation requests: 31 to 60 days - Recommendation: Total,Nombre de jours requis pour traiter les demandes de consultation : 31 à 60 jours - Recommandation : Total,Q31R3C1
Q7_2Row1Cell4,7,Section 7: Consultations received from other institutions and organizations,Section 7 : Demandes de consultation reçues d’autres institutions et organisations,7.2,7.2 Recommendations and completion time for consultations received from other Government of Canada institutions,7.2 Recommandation et délai de traitement pour les demandes de consultation reçues d’autres institutions du gouvernement du Canada,Number of days required to complete consultation requests: 61 to 120 days - Recommendation: Disclose entirely,Nombre de jours requis pour traiter les demandes de consultation : 61 à 120 jours - Recommandation : Communiquer en entier,Q31R3C2
Q7_2Row2Cell4,7,Section 7: Consultations received from other institutions and organizations,Section 7 : Demandes de consultation reçues d’autres institutions et organisations,7.2,7.2 Recommendations and completion time for consultations received from other Government of Canada institutions,7.2 Recommandation et délai de traitement pour les demandes de consultation reçues d’autres institutions du gouvernement du Canada,Number of days required to complete consultation requests: 61 to 120 days - Recommendation: Disclosed in part,Nombre de jours requis pour traiter les demandes de consultation : 61 à 120 jours - Recommandation : Communiquer en partie,Q31R3C3
Q7_2Row3Cell4,7,Section 7: Consultations received from other institutions and organizations,Section 7 : Demandes de consultation reçues d’autres institutions et organisations,7.2,7.2 Recommendations and completion time for consultations received from other Government of Canada institutions,7.2 Recommandation et délai de traitement pour les demandes de consultation reçues d’autres institutions du gouvernement du Canada,Number of days required to complete consultation requests: 61 to 120 days - Recommendation: Exempt entirely,Nombre de jours requis pour traiter les demandes de consultation : 61 à 120 jours - Recommandation : Exempter en entier,Q31R3C4
Q7_2Row4Cell4,7,Section 7: Consultations received from other institutions and organizations,Section 7 : Demandes de consultation reçues d’autres institutions et organisations,7.2,7.2 Recommendations and completion time for consultations received from other Government of Canada institutions,7.2 Recommandation et délai de traitement pour les demandes de consultation reçues d’autres institutions du gouvernement du Canada,Number of days required to complete consultation requests: 61 to 120 days - Recommendation: Exclude entirely,Nombre de jours requis pour traiter les demandes de consultation : 61 à 120 jours - Recommandation : Exclure en entier,Q31R3C5
Q7_2Row5Cell4,7,Section 7: Consultations received from other institutions and organizations,Section 7 : Demandes de consultation reçues d’autres institutions et organisations,7.2,7.2 Recommendations and completion time for consultations received from other Government of Canada institutions,7.2 Recommandation et délai de traitement pour les demandes de consultation reçues d’autres institutions du gouvernement du Canada,Number of days required to complete consultation requests: 61 to 120 days - Recommendation: Consult other institution,Nombre de jours requis pour traiter les demandes de consultation : 61 à 120 jours - Recommandation : Consulter une autre institution,Q31R3C6
Q7_2Row6Cell4,7,Section 7: Consultations received from other institutions and organizations,Section 7 : Demandes de consultation reçues d’autres institutions et organisations,7.2,7.2 Recommendations and completion time for consultations received from other Government of Canada institutions,7.2 Recommandation et délai de traitement pour les demandes de consultation reçues d’autres institutions du gouvernement du Canada,Number of days required to complete consultation requests: 61 to 120 days - Recommendation: Other,Nombre de jours requis pour traiter les demandes de consultation : 61 à 120 jours - Recommandation : Autre,Q31R3C7
Q7_2Row7Cell4,7,Section 7: Consultations received from other institutions and organizations,Section 7 : Demandes de consultation reçues d’autres institutions et organisations,7.2,7.2 Recommendations and completion time for consultations received from other Government of Canada institutions,7.2 Recommandation et délai de traitement pour les demandes de consultation reçues d’autres institutions du gouvernement du Canada,Number of days required to complete consultation requests: 61 to 120 days - Recommendation: Total,Nombre de jours requis pour traiter les demandes de consultation : 61 à 120 jours - Recommandation : Total,Q31R3C8
Q7_2Row1Cell5,7,Section 7: Consultations received from other institutions and organizations,Section 7 : Demandes de consultation reçues d’autres institutions et organisations,7.2,7.2 Recommendations and completion time for consultations received from other Government of Canada institutions,7.2 Recommandation et délai de traitement pour les demandes de consultation reçues d’autres institutions du gouvernement du Canada,Number of days required to complete consultation requests: 121 to 180 days - Recommendation: Disclose entirely,Nombre de jours requis pour traiter les demandes de consultation : 121 à 180 jours - Recommandation : Communiquer en entier,Q31R3C9
Q7_2Row2Cell5,7,Section 7: Consultations received from other institutions and organizations,Section 7 : Demandes de consultation reçues d’autres institutions et organisations,7.2,7.2 Recommendations and completion time for consultations received from other Government of Canada institutions,7.2 Recommandation et délai de traitement pour les demandes de consultation reçues d’autres institutions du gouvernement du Canada,Number of days required to complete consultation requests: 121 to 180 days - Recommendation: Disclosed in part,Nombre de jours requis pour traiter les demandes de consultation : 121 à 180 jours - Recommandation : Communiquer en partie,Q31R3C10
Q7_2Row3Cell5,7,Section 7: Consultations received from other institutions and organizations,Section 7 : Demandes de consultation reçues d’autres institutions et organisations,7.2,7.2 Recommendations and completion time for consultations received from other Government of Canada institutions,7.2 Recommandation et délai de traitement pour les demandes de consultation reçues d’autres institutions du gouvernement du Canada,Number of days required to complete consultation requests: 121 to 180 days - Recommendation: Exempt entirely,Nombre de jours requis pour traiter les demandes de consultation : 121 à 180 jours - Recommandation : Exempter en entier,Q31R4C1
Q7_2Row4Cell5,7,Section 7: Consultations received from other institutions and organizations,Section 7 : Demandes de consultation reçues d’autres institutions et organisations,7.2,7.2 Recommendations and completion time for consultations received from other Government of Canada institutions,7.2 Recommandation et délai de traitement pour les demandes de consultation reçues d’autres institutions du gouvernement du Canada,Number of days required to complete consultation requests: 121 to 180 days - Recommendation: Exclude entirely,Nombre de jours requis pour traiter les demandes de consultation : 121 à 180 jours - Recommandation : Exclure en entier,Q31R4C2
Q7_2Row5Cell5,7,Section 7: Consultations received from other institutions and organizations,Section 7 : Demandes de consultation reçues d’autres institutions et organisations,7.2,7.2 Recommendations and completion time for consultations received from other Government of Canada institutions,7.2 Recommandation et délai de traitement pour les demandes de consultation reçues d’autres institutions du gouvernement du Canada,Number of days required to complete consultation requests: 121 to 180 days - Recommendation: Consult other institution,Nombre de jours requis pour traiter les demandes de consultation : 121 à 180 jours - Recommandation : Consulter une autre institution,Q31R4C3
Q7_2Row6Cell5,7,Section 7: Consultations received from other institutions and organizations,Section 7 : Demandes de consultation reçues d’autres institutions et organisations,7.2,7.2 Recommendations and completion time for consultations received from other Government of Canada institutions,7.2 Recommandation et délai de traitement pour les demandes de consultation reçues d’autres institutions du gouvernement du Canada,Number of days required to complete consultation requests: 121 to 180 days - Recommendation: Other,Nombre de jours requis pour traiter les demandes de consultation : 121 à 180 jours - Recommandation : Autre,Q31R4C4
Q7_2Row7Cell5,7,Section 7: Consultations received from other institutions and organizations,Section 7 : Demandes de consultation reçues d’autres institutions et organisations,7.2,7.2 Recommendations and completion time for consultations received from other Government of Canada institutions,7.2 Recommandation et délai de traitement pour les demandes de consultation reçues d’autres institutions du gouvernement du Canada,Number of days required to complete consultation requests: 121 to 180 days - Recommendation: Total,Nombre de jours requis pour traiter les demandes de consultation : 121 à 180 jours - Recommandation : Total,Q31R4C5
Q7_2Row1Cell6,7,Section 7: Consultations received from other institutions and organizations,Section 7 : Demandes de consultation reçues d’autres institutions et organisations,7.2,7.2 Recommendations and completion time for consultations received from other Government of Canada institutions,7.2 Recommandation et délai de traitement pour les demandes de consultation reçues d’autres institutions du gouvernement du Canada,Number of days required to complete consultation requests: 181 to 365 days - Recommendation: Disclose entirely,Nombre de jours requis pour traiter les demandes de consultation : 181 à 365 jours - Recommandation : Communiquer en entier,Q31R4C6
Q7_2Row2Cell6,7,Section 7: Consultations received from other institutions and organizations,Section 7 : Demandes de consultation reçues d’autres institutions et organisations,7.2,7.2 Recommendations and completion time for consultations received from other Government of Canada institutions,7.2 Recommandation et délai de traitement pour les demandes de consultation reçues d’autres institutions du gouvernement du Canada,Number of days required to complete consultation requests: 181 to 365 days - Recommendation: Disclosed in part,Nombre de jours requis pour traiter les demandes de consultation : 181 à 365 jours - Recommandation : Communiquer en partie,Q31R4C7
Q7_2Row3Cell6,7,Section 7: Consultations received from other institutions and organizations,Section 7 : Demandes de consultation reçues d’autres institutions et organisations,7.2,7.2 Recommendations and completion time for consultations received from other Government of Canada institutions,7.2 Recommandation et délai de traitement pour les demandes de consultation reçues d’autres institutions du gouvernement du Canada,Number of days required to complete consultation requests: 181 to 365 days - Recommendation: Exempt entirely,Nombre de jours requis pour traiter les demandes de consultation : 181 à 365 jours - Recommandation : Exempter en entier,Q31R4C8
Q7_2Row4Cell6,7,Section 7: Consultations received from other institutions and organizations,Section 7 : Demandes de consultation reçues d’autres institutions et organisations,7.2,7.2 Recommendations and completion time for consultations received from other Government of Canada institutions,7.2 Recommandation et délai de traitement pour les demandes de consultation reçues d’autres institutions du gouvernement du Canada,Number of days required to complete consultation requests: 181 to 365 days - Recommendation: Exclude entirely,Nombre de jours requis pour traiter les demandes de consultation : 181 à 365 jours - Recommandation : Exclure en entier,Q31R4C9
Q7_2Row5Cell6,7,Section 7: Consultations received from other institutions and organizations,Section 7 : Demandes de consultation reçues d’autres institutions et organisations,7.2,7.2 Recommendations and completion time for consultations received from other Government of Canada institutions,7.2 Recommandation et délai de traitement pour les demandes de consultation reçues d’autres institutions du gouvernement du Canada,Number of days required to complete consultation requests: 181 to 365 days - Recommendation: Consult other institution,Nombre de jours requis pour traiter les demandes de consultation : 181 à 365 jours - Recommandation : Consulter une autre institution,Q31R4C10
Q7_2Row6Cell6,7,Section 7: Consultations received from other institutions and organizations,Section 7 : Demandes de consultation reçues d’autres institutions et organisations,7.2,7.2 Recommendations and completion time for consultations received from other Government of Canada institutions,7.2 Recommandation et délai de traitement pour les demandes de consultation reçues d’autres institutions du gouvernement du Canada,Number of days required to complete consultation requests: 181 to 365 days - Recommendation: Other,Nombre de jours requis pour traiter les demandes de consultation : 181 à 365 jours - Recommandation : Autre,Q31R5C1
Q7_2Row7Cell6,7,Section 7: Consultations received from other institutions and organizations,Section 7 : Demandes de consultation reçues d’autres institutions et organisations,7.2,7.2 Recommendations and completion time for consultations received from other Government of Canada institutions,7.2 Recommandation et délai de traitement pour les demandes de consultation reçues d’autres institutions du gouvernement du Canada,Number of days required to complete consultation requests: 181 to 365 days - Recommendation: Total,Nombre de jours requis pour traiter les demandes de consultation : 181 à 365 jours - Recommandation : Total,Q31R5C2
Q7_2Row1Cell7,7,Section 7: Consultations received from other institutions and organizations,Section 7 : Demandes de consultation reçues d’autres institutions et organisations,7.2,7.2 Recommendations and completion time for consultations received from other Government of Canada institutions,7.2 Recommandation et délai de traitement pour les demandes de consultation reçues d’autres institutions du gouvernement du Canada,Number of days required to complete consultation requests: More than 365 days - Recommendation: Disclose entirely,Nombre de jours requis pour traiter les demandes de consultation : Plus de 365 jours - Recommandation : Communiquer en entier,Q31R5C3
Q7_2Row2Cell7,7,Section 7: Consultations received from other institutions and organizations,Section 7 : Demandes de consultation reçues d’autres institutions et organisations,7.2,7.2 Recommendations and completion time for consultations received from other Government of Canada institutions,7.2 Recommandation et délai de traitement pour les demandes de consultation reçues d’autres institutions du gouvernement du Canada,Number of days required to complete consultation requests: More than 365 days - Recommendation: Disclosed in part,Nombre de jours requis pour traiter les demandes de consultation : Plus de 365 jours - Recommandation : Communiquer en partie,Q31R5C4
Q7_2Row3Cell7,7,Section 7: Consultations received from other institutions and organizations,Section 7 : Demandes de consultation reçues d’autres institutions et organisations,7.2,7.2 Recommendations and completion time for consultations received from other Government of Canada institutions,7.2 Recommandation et délai de traitement pour les demandes de consultation reçues d’autres institutions du gouvernement du Canada,Number of days required to complete consultation requests: More than 365 days - Recommendation: Exempt entirely,Nombre de jours requis pour traiter les demandes de consultation : Plus de 365 jours - Recommandation : Exempter en entier,Q31R5C5
Q7_2Row4Cell7,7,Section 7: Consultations received from other institutions and organizations,Section 7 : Demandes de consultation reçues d’autres institutions et organisations,7.2,7.2 Recommendations and completion time for consultations received from other Government of Canada institutions,7.2 Recommandation et délai de traitement pour les demandes de consultation reçues d’autres institutions du gouvernement du Canada,Number of days required to complete consultation requests: More than 365 days - Recommendation: Exclude entirely,Nombre de jours requis pour traiter les demandes de consultation : Plus de 365 jours - Recommandation : Exclure en entier,Q31R5C6
Q7_2Row5Cell7,7,Section 7: Consultations received from other institutions and organizations,Section 7 : Demandes de consultation reçues d’autres institutions et organisations,7.2,7.2 Recommendations and completion time for consultations received from other Government of Canada institutions,7.2 Recommandation et délai de traitement pour les demandes de consultation reçues d’autres institutions du gouvernement du Canada,Number of days required to complete consultation requests: More than 365 days - Recommendation: Consult other institution,Nombre de jours requis pour traiter les demandes de consultation : Plus de 365 jours - Recommandation : Consulter une autre institution,Q31R5C7
Q7_2Row6Cell7,7,Section 7: Consultations received from other institutions and organizations,Section 7 : Demandes de consultation reçues d’autres institutions et organisations,7.2,7.2 Recommendations and completion time for consultations received from other Government of Canada institutions,7.2 Recommandation et délai de traitement pour les demandes de consultation reçues d’autres institutions du gouvernement du Canada,Number of days required to complete consultation requests: More than 365 days - Recommendation: Other,Nombre de jours requis pour traiter les demandes de consultation : Plus de 365 jours - Recommandation : Autre,Q31R5C8
Q7_2Row7Cell7,7,Section 7: Consultations received from other institutions and organizations,Section 7 : Demandes de consultation reçues d’autres institutions et organisations,7.2,7.2 Recommendations and completion time for consultations received from other Government of Canada institutions,7.2 Recommandation et délai de traitement pour les demandes de consultation reçues d’autres institutions du gouvernement du Canada,Number of days required to complete consultation requests: More than 365 days - Recommendation: Total,Nombre de jours requis pour traiter les demandes de consultation : Plus de 365 jours - Recommandation : Total,Q31R5C9
Q7_2Row1Cell8,7,Section 7: Consultations received from other institutions and organizations,Section 7 : Demandes de consultation reçues d’autres institutions et organisations,7.2,7.2 Recommendations and completion time for consultations received from other Government of Canada institutions,7.2 Recommandation et délai de traitement pour les demandes de consultation reçues d’autres institutions du gouvernement du Canada,Number of days required to complete consultation requests: Total - Recommendation: Disclose entirely,Nombre de jours requis pour traiter les demandes de consultation : Total - Recommandation : Communiquer en entier,Q31R5C10
Q7_2Row2Cell8,7,Section 7: Consultations received from other institutions and organizations,Section 7 : Demandes de consultation reçues d’autres institutions et organisations,7.2,7.2 Recommendations and completion time for consultations received from other Government of Canada institutions,7.2 Recommandation et délai de traitement pour les demandes de consultation reçues d’autres institutions du gouvernement du Canada,Number of days required to complete consultation requests: Total - Recommendation: Disclosed in part,Nombre de jours requis pour traiter les demandes de consultation : Total - Recommandation : Communiquer en partie,Q31R6C1
Q7_2Row3Cell8,7,Section 7: Consultations received from other institutions and organizations,Section 7 : Demandes de consultation reçues d’autres institutions et organisations,7.2,7.2 Recommendations and completion time for consultations received from other Government of Canada institutions,7.2 Recommandation et délai de traitement pour les demandes de consultation reçues d’autres institutions du gouvernement du Canada,Number of days required to complete consultation requests: Total - Recommendation: Exempt entirely,Nombre de jours requis pour traiter les demandes de consultation : Total - Recommandation : Exempter en entier,Q31R6C2
Q7_2Row4Cell8,7,Section 7: Consultations received from other institutions and organizations,Section 7 : Demandes de consultation reçues d’autres institutions et organisations,7.2,7.2 Recommendations and completion time for consultations received from other Government of Canada institutions,7.2 Recommandation et délai de traitement pour les demandes de consultation reçues d’autres institutions du gouvernement du Canada,Number of days required to complete consultation requests: Total - Recommendation: Exclude entirely,Nombre de jours requis pour traiter les demandes de consultation : Total - Recommandation : Exclure en entier,Q31R6C3
Q7_2Row5Cell8,7,Section 7: Consultations received from other institutions and organizations,Section 7 : Demandes de consultation reçues d’autres institutions et organisations,7.2,7.2 Recommendations and completion time for consultations received from other Government of Canada institutions,7.2 Recommandation et délai de traitement pour les demandes de consultation reçues d’autres institutions du gouvernement du Canada,Number of days required to complete consultation requests: Total - Recommendation: Consult other institution,Nombre de jours requis pour traiter les demandes de consultation : Total - Recommandation : Consulter une autre institution,Q31R6C4
Q7_2Row6Cell8,7,Section 7: Consultations received from other institutions and organizations,Section 7 : Demandes de consultation reçues d’autres institutions et organisations,7.2,7.2 Recommendations and completion time for consultations received from other Government of Canada institutions,7.2 Recommandation et délai de traitement pour les demandes de consultation reçues d’autres institutions du gouvernement du Canada,Number of days required to complete consultation requests: Total - Recommendation: Other,Nombre de jours requis pour traiter les demandes de consultation : Total - Recommandation : Autre,Q31R6C5
Q7_2Row7Cell8,7,Section 7: Consultations received from other institutions and organizations,Section 7 : Demandes de consultation reçues d’autres institutions et organisations,7.2,7.2 Recommendations and completion time for consultations received from other Government of Canada institutions,7.2 Recommandation et délai de traitement pour les demandes de consultation reçues d’autres institutions du gouvernement du Canada,Number of days required to complete consultation requests: Total - Recommendation: Total,Nombre de jours requis pour traiter les demandes de consultation : Total - Recommandation : Total,Q31R6C6
Q7_3Row1Cell1,7,Section 7: Consultations received from other institutions and organizations,Section 7 : Demandes de consultation reçues d’autres institutions et organisations,7.3,7.3 Recommendations and completion time for consultations received from other organizations outside the Government of Canada,7.3 Recommandations et délai de traitement pour les demandes de consultation reçues d’autres organisations à l’extérieur du gouvernement du Canada,Number of days required to complete consultation requests: 1 to 15 days - Recommendation: Disclose entirely,Nombre de jours requis pour traiter les demandes de consultation : 1 à 15 jours - Recommandation : Communiquer en entier,Q31R6C7
Q7_3Row2Cell1,7,Section 7: Consultations received from other institutions and organizations,Section 7 : Demandes de consultation reçues d’autres institutions et organisations,7.3,7.3 Recommendations and completion time for consultations received from other organizations outside the Government of Canada,7.3 Recommandations et délai de traitement pour les demandes de consultation reçues d’autres organisations à l’extérieur du gouvernement du Canada,Number of days required to complete consultation requests: 1 to 15 days - Recommendation: Disclosed in part,Nombre de jours requis pour traiter les demandes de consultation : 1 à 15 jours - Recommandation : Communiquer en partie,Q31R6C8
Q7_3Row3Cell1,7,Section 7: Consultations received from other institutions and organizations,Section 7 : Demandes de consultation reçues d’autres institutions et organisations,7.3,7.3 Recommendations and completion time for consultations received from other organizations outside the Government of Canada,7.3 Recommandations et délai de traitement pour les demandes de consultation reçues d’autres organisations à l’extérieur du gouvernement du Canada,Number of days required to complete consultation requests: 1 to 15 days - Recommendation: Exempt entirely,Nombre de jours requis pour traiter les demandes de consultation : 1 à 15 jours - Recommandation : Exempter en entier,Q31R6C9
Q7_3Row4Cell1,7,Section 7: Consultations received from other institutions and organizations,Section 7 : Demandes de consultation reçues d’autres institutions et organisations,7.3,7.3 Recommendations and completion time for consultations received from other organizations outside the Government of Canada,7.3 Recommandations et délai de traitement pour les demandes de consultation reçues d’autres organisations à l’extérieur du gouvernement du Canada,Number of days required to complete consultation requests: 1 to 15 days - Recommendation: Exclude entirely,Nombre de jours requis pour traiter les demandes de consultation : 1 à 15 jours - Recommandation : Exclure en entier,Q31R6C10
Q7_3Row5Cell1,7,Section 7: Consultations received from other institutions and organizations,Section 7 : Demandes de consultation reçues d’autres institutions et organisations,7.3,7.3 Recommendations and completion time for consultations received from other organizations outside the Government of Canada,7.3 Recommandations et délai de traitement pour les demandes de consultation reçues d’autres organisations à l’extérieur du gouvernement du Canada,Number of days required to complete consultation requests: 1 to 15 days - Recommendation: Consult other institution,Nombre de jours requis pour traiter les demandes de consultation : 1 à 15 jours - Recommandation : Consulter une autre institution,Q31R7C1
Q7_3Row6Cell1,7,Section 7: Consultations received from other institutions and organizations,Section 7 : Demandes de consultation reçues d’autres institutions et organisations,7.3,7.3 Recommendations and completion time for consultations received from other organizations outside the Government of Canada,7.3 Recommandations et délai de traitement pour les demandes de consultation reçues d’autres organisations à l’extérieur du gouvernement du Canada,Number of days required to complete consultation requests: 1 to 15 days - Recommendation: Other,Nombre de jours requis pour traiter les demandes de consultation : 1 à 15 jours - Recommandation : Autre,Q31R7C2
Q7_3Row7Cell1,7,Section 7: Consultations received from other institutions and organizations,Section 7 : Demandes de consultation reçues d’autres institutions et organisations,7.3,7.3 Recommendations and completion time for consultations received from other organizations outside the Government of Canada,7.3 Recommandations et délai de traitement pour les demandes de consultation reçues d’autres organisations à l’extérieur du gouvernement du Canada,Number of days required to complete consultation requests: 1 to 15 days - Recommendation: Total,Nombre de jours requis pour traiter les demandes de consultation : 1 à 15 jours - Recommandation : Total,Q31R7C3
Q7_3Row1Cell2,7,Section 7: Consultations received from other institutions and organizations,Section 7 : Demandes de consultation reçues d’autres institutions et organisations,7.3,7.3 Recommendations and completion time for consultations received from other organizations outside the Government of Canada,7.3 Recommandations et délai de traitement pour les demandes de consultation reçues d’autres organisations à l’extérieur du gouvernement du Canada,Number of days required to complete consultation requests: 16 to 30 days - Recommendation: Disclose entirely,Nombre de jours requis pour traiter les demandes de consultation : 16 à 30 jours - Recommandation : Communiquer en entier,Q31R7C4
Q7_3Row2Cell2,7,Section 7: Consultations received from other institutions and organizations,Section 7 : Demandes de consultation reçues d’autres institutions et organisations,7.3,7.3 Recommendations and completion time for consultations received from other organizations outside the Government of Canada,7.3 Recommandations et délai de traitement pour les demandes de consultation reçues d’autres organisations à l’extérieur du gouvernement du Canada,Number of days required to complete consultation requests: 16 to 30 days - Recommendation: Disclosed in part,Nombre de jours requis pour traiter les demandes de consultation : 16 à 30 jours - Recommandation : Communiquer en partie,Q31R7C5
Q7_3Row3Cell2,7,Section 7: Consultations received from other institutions and organizations,Section 7 : Demandes de consultation reçues d’autres institutions et organisations,7.3,7.3 Recommendations and completion time for consultations received from other organizations outside the Government of Canada,7.3 Recommandations et délai de traitement pour les demandes de consultation reçues d’autres organisations à l’extérieur du gouvernement du Canada,Number of days required to complete consultation requests: 16 to 30 days - Recommendation: Exempt entirely,Nombre de jours requis pour traiter les demandes de consultation : 16 à 30 jours - Recommandation : Exempter en entier,Q31R7C6
Q7_3Row4Cell2,7,Section 7: Consultations received from other institutions and organizations,Section 7 : Demandes de consultation reçues d’autres institutions et organisations,7.3,7.3 Recommendations and completion time for consultations received from other organizations outside the Government of Canada,7.3 Recommandations et délai de traitement pour les demandes de consultation reçues d’autres organisations à l’extérieur du gouvernement du Canada,Number of days required to complete consultation requests: 16 to 30 days - Recommendation: Exclude entirely,Nombre de jours requis pour traiter les demandes de consultation : 16 à 30 jours - Recommandation : Exclure en entier,Q31R7C7
Q7_3Row5Cell2,7,Section 7: Consultations received from other institutions and organizations,Section 7 : Demandes de consultation reçues d’autres institutions et organisations,7.3,7.3 Recommendations and completion time for consultations received from other organizations outside the Government of Canada,7.3 Recommandations et délai de traitement pour les demandes de consultation reçues d’autres organisations à l’extérieur du gouvernement du Canada,Number of days required to complete consultation requests: 16 to 30 days - Recommendation: Consult other institution,Nombre de jours requis pour traiter les demandes de consultation : 16 à 30 jours - Recommandation : Consulter une autre institution,Q31R7C8
Q7_3Row6Cell2,7,Section 7: Consultations received from other institutions and organizations,Section 7 : Demandes de consultation reçues d’autres institutions et organisations,7.3,7.3 Recommendations and completion time for consultations received from other organizations outside the Government of Canada,7.3 Recommandations et délai de traitement pour les demandes de consultation reçues d’autres organisations à l’extérieur du gouvernement du Canada,Number of days required to complete consultation requests: 16 to 30 days - Recommendation: Other,Nombre de jours requis pour traiter les demandes de consultation : 16 à 30 jours - Recommandation : Autre,Q31R7C9
Q7_3Row7Cell2,7,Section 7: Consultations received from other institutions and organizations,Section 7 : Demandes de consultation reçues d’autres institutions et organisations,7.3,7.3 Recommendations and completion time for consultations received from other organizations outside the Government of Canada,7.3 Recommandations et délai de traitement pour les demandes de consultation reçues d’autres organisations à l’extérieur du gouvernement du Canada,Number of days required to complete consultation requests: 16 to 30 days - Recommendation: Total,Nombre de jours requis pour traiter les demandes de consultation : 16 à 30 jours - Recommandation : Total,Q31R7C10
Q7_3Row1Cell3,7,Section 7: Consultations received from other institutions and organizations,Section 7 : Demandes de consultation reçues d’autres institutions et organisations,7.3,7.3 Recommendations and completion time for consultations received from other organizations outside the Government of Canada,7.3 Recommandations et délai de traitement pour les demandes de consultation reçues d’autres organisations à l’extérieur du gouvernement du Canada,Number of days required to complete consultation requests: 31 to 60 days - Recommendation: Disclose entirely,Nombre de jours requis pour traiter les demandes de consultation : 31 à 60 jours - Recommandation : Communiquer en entier,Q32R1C1
Q7_3Row2Cell3,7,Section 7: Consultations received from other institutions and organizations,Section 7 : Demandes de consultation reçues d’autres institutions et organisations,7.3,7.3 Recommendations and completion time for consultations received from other organizations outside the Government of Canada,7.3 Recommandations et délai de traitement pour les demandes de consultation reçues d’autres organisations à l’extérieur du gouvernement du Canada,Number of days required to complete consultation requests: 31 to 60 days - Recommendation: Disclosed in part,Nombre de jours requis pour traiter les demandes de consultation : 31 à 60 jours - Recommandation : Communiquer en partie,Q32R1C2
Q7_3Row3Cell3,7,Section 7: Consultations received from other institutions and organizations,Section 7 : Demandes de consultation reçues d’autres institutions et organisations,7.3,7.3 Recommendations and completion time for consultations received from other organizations outside the Government of Canada,7.3 Recommandations et délai de traitement pour les demandes de consultation reçues d’autres organisations à l’extérieur du gouvernement du Canada,Number of days required to complete consultation requests: 31 to 60 days - Recommendation: Exempt entirely,Nombre de jours requis pour traiter les demandes de consultation : 31 à 60 jours - Recommandation : Exempter en entier,Q32R1C3
Q7_3Row4Cell3,7,Section 7: Consultations received from other institutions and organizations,Section 7 : Demandes de consultation reçues d’autres institutions et organisations,7.3,7.3 Recommendations and completion time for consultations received from other organizations outside the Government of Canada,7.3 Recommandations et délai de traitement pour les demandes de consultation reçues d’autres organisations à l’extérieur du gouvernement du Canada,Number of days required to complete consultation requests: 31 to 60 days - Recommendation: Exclude entirely,Nombre de jours requis pour traiter les demandes de consultation : 31 à 60 jours - Recommandation : Exclure en entier,Q32R1C4
Q7_3Row5Cell3,7,Section 7: Consultations received from other institutions and organizations,Section 7 : Demandes de consultation reçues d’autres institutions et organisations,7.3,7.3 Recommendations and completion time for consultations received from other organizations outside the Government of Canada,7.3 Recommandations et délai de traitement pour les demandes de consultation reçues d’autres organisations à l’extérieur du gouvernement du Canada,Number of days required to complete consultation requests: 31 to 60 days - Recommendation: Consult other institution,Nombre de jours requis pour traiter les demandes de consultation : 31 à 60 jours - Recommandation : Consulter une autre institution,Q32R1C5
Q7_3Row6Cell3,7,Section 7: Consultations received from other institutions and organizations,Section 7 : Demandes de consultation reçues d’autres institutions et organisations,7.3,7.3 Recommendations and completion time for consultations received from other organizations outside the Government of Canada,7.3 Recommandations et délai de traitement pour les demandes de consultation reçues d’autres organisations à l’extérieur du gouvernement du Canada,Number of days required to complete consultation requests: 31 to 60 days - Recommendation: Other,Nombre de jours requis pour traiter les demandes de consultation : 31 à 60 jours - Recommandation : Autre,Q32R1C6
Q7_3Row7Cell3,7,Section 7: Consultations received from other institutions and organizations,Section 7 : Demandes de consultation reçues d’autres institutions et organisations,7.3,7.3 Recommendations and completion time for consultations received from other organizations outside the Government of Canada,7.3 Recommandations et délai de traitement pour les demandes de consultation reçues d’autres organisations à l’extérieur du gouvernement du Canada,Number of days required to complete consultation requests: 31 to 60 days - Recommendation: Total,Nombre de jours requis pour traiter les demandes de consultation : 31 à 60 jours - Recommandation : Total,Q32R1C7
Q7_3Row1Cell4,7,Section 7: Consultations received from other institutions and organizations,Section 7 : Demandes de consultation reçues d’autres institutions et organisations,7.3,7.3 Recommendations and completion time for consultations received from other organizations outside the Government of Canada,7.3 Recommandations et délai de traitement pour les demandes de consultation reçues d’autres organisations à l’extérieur du gouvernement du Canada,Number of days required to complete consultation requests: 61 to 120 days - Recommendation: Disclose entirely,Nombre de jours requis pour traiter les demandes de consultation : 61 à 120 jours - Recommandation : Communiquer en entier,Q32R1C8
Q7_3Row2Cell4,7,Section 7: Consultations received from other institutions and organizations,Section 7 : Demandes de consultation reçues d’autres institutions et organisations,7.3,7.3 Recommendations and completion time for consultations received from other organizations outside the Government of Canada,7.3 Recommandations et délai de traitement pour les demandes de consultation reçues d’autres organisations à l’extérieur du gouvernement du Canada,Number of days required to complete consultation requests: 61 to 120 days - Recommendation: Disclosed in part,Nombre de jours requis pour traiter les demandes de consultation : 61 à 120 jours - Recommandation : Communiquer en partie,Q32R1C9
Q7_3Row3Cell4,7,Section 7: Consultations received from other institutions and organizations,Section 7 : Demandes de consultation reçues d’autres institutions et organisations,7.3,7.3 Recommendations and completion time for consultations received from other organizations outside the Government of Canada,7.3 Recommandations et délai de traitement pour les demandes de consultation reçues d’autres organisations à l’extérieur du gouvernement du Canada,Number of days required to complete consultation requests: 61 to 120 days - Recommendation: Exempt entirely,Nombre de jours requis pour traiter les demandes de consultation : 61 à 120 jours - Recommandation : Exempter en entier,Q32R1C10
Q7_3Row4Cell4,7,Section 7: Consultations received from other institutions and organizations,Section 7 : Demandes de consultation reçues d’autres institutions et organisations,7.3,7.3 Recommendations and completion time for consultations received from other organizations outside the Government of Canada,7.3 Recommandations et délai de traitement pour les demandes de consultation reçues d’autres organisations à l’extérieur du gouvernement du Canada,Number of days required to complete consultation requests: 61 to 120 days - Recommendation: Exclude entirely,Nombre de jours requis pour traiter les demandes de consultation : 61 à 120 jours - Recommandation : Exclure en entier,Q32R2C1
Q7_3Row5Cell4,7,Section 7: Consultations received from other institutions and organizations,Section 7 : Demandes de consultation reçues d’autres institutions et organisations,7.3,7.3 Recommendations and completion time for consultations received from other organizations outside the Government of Canada,7.3 Recommandations et délai de traitement pour les demandes de consultation reçues d’autres organisations à l’extérieur du gouvernement du Canada,Number of days required to complete consultation requests: 61 to 120 days - Recommendation: Consult other institution,Nombre de jours requis pour traiter les demandes de consultation : 61 à 120 jours - Recommandation : Consulter une autre institution,Q32R2C2
Q7_3Row6Cell4,7,Section 7: Consultations received from other institutions and organizations,Section 7 : Demandes de consultation reçues d’autres institutions et organisations,7.3,7.3 Recommendations and completion time for consultations received from other organizations outside the Government of Canada,7.3 Recommandations et délai de traitement pour les demandes de consultation reçues d’autres organisations à l’extérieur du gouvernement du Canada,Number of days required to complete consultation requests: 61 to 120 days - Recommendation: Other,Nombre de jours requis pour traiter les demandes de consultation : 61 à 120 jours - Recommandation : Autre,Q32R2C3
Q7_3Row7Cell4,7,Section 7: Consultations received from other institutions and organizations,Section 7 : Demandes de consultation reçues d’autres institutions et organisations,7.3,7.3 Recommendations and completion time for consultations received from other organizations outside the Government of Canada,7.3 Recommandations et délai de traitement pour les demandes de consultation reçues d’autres organisations à l’extérieur du gouvernement du Canada,Number of days required to complete consultation requests: 61 to 120 days - Recommendation: Total,Nombre de jours requis pour traiter les demandes de consultation : 61 à 120 jours - Recommandation : Total,Q32R2C4
Q7_3Row1Cell5,7,Section 7: Consultations received from other institutions and organizations,Section 7 : Demandes de consultation reçues d’autres institutions et organisations,7.3,7.3 Recommendations and completion time for consultations received from other organizations outside the Government of Canada,7.3 Recommandations et délai de traitement pour les demandes de consultation reçues d’autres organisations à l’extérieur du gouvernement du Canada,Number of days required to complete consultation requests: 121 to 180 days - Recommendation: Disclose entirely,Nombre de jours requis pour traiter les demandes de consultation : 121 à 180 jours - Recommandation : Communiquer en entier,Q32R2C5
Q7_3Row2Cell5,7,Section 7: Consultations received from other institutions and organizations,Section 7 : Demandes de consultation reçues d’autres institutions et organisations,7.3,7.3 Recommendations and completion time for consultations received from other organizations outside the Government of Canada,7.3 Recommandations et délai de traitement pour les demandes de consultation reçues d’autres organisations à l’extérieur du gouvernement du Canada,Number of days required to complete consultation requests: 121 to 180 days - Recommendation: Disclosed in part,Nombre de jours requis pour traiter les demandes de consultation : 121 à 180 jours - Recommandation : Communiquer en partie,Q32R2C6
Q7_3Row3Cell5,7,Section 7: Consultations received from other institutions and organizations,Section 7 : Demandes de consultation reçues d’autres institutions et organisations,7.3,7.3 Recommendations and completion time for consultations received from other organizations outside the Government of Canada,7.3 Recommandations et délai de traitement pour les demandes de consultation reçues d’autres organisations à l’extérieur du gouvernement du Canada,Number of days required to complete consultation requests: 121 to 180 days - Recommendation: Exempt entirely,Nombre de jours requis pour traiter les demandes de consultation : 121 à 180 jours - Recommandation : Exempter en entier,Q32R2C7
Q7_3Row4Cell5,7,Section 7: Consultations received from other institutions and organizations,Section 7 : Demandes de consultation reçues d’autres institutions et organisations,7.3,7.3 Recommendations and completion time for consultations received from other organizations outside the Government of Canada,7.3 Recommandations et délai de traitement pour les demandes de consultation reçues d’autres organisations à l’extérieur du gouvernement du Canada,Number of days required to complete consultation requests: 121 to 180 days - Recommendation: Exclude entirely,Nombre de jours requis pour traiter les demandes de consultation : 121 à 180 jours - Recommandation : Exclure en entier,Q32R2C8
Q7_3Row5Cell5,7,Section 7: Consultations received from other institutions and organizations,Section 7 : Demandes de consultation reçues d’autres institutions et organisations,7.3,7.3 Recommendations and completion time for consultations received from other organizations outside the Government of Canada,7.3 Recommandations et délai de traitement pour les demandes de consultation reçues d’autres organisations à l’extérieur du gouvernement du Canada,Number of days required to complete consultation requests: 121 to 180 days - Recommendation: Consult other institution,Nombre de jours requis pour traiter les demandes de consultation : 121 à 180 jours - Recommandation : Consulter une autre institution,Q32R2C9
Q7_3Row6Cell5,7,Section 7: Consultations received from other institutions and organizations,Section 7 : Demandes de consultation reçues d’autres institutions et organisations,7.3,7.3 Recommendations and completion time for consultations received from other organizations outside the Government of Canada,7.3 Recommandations et délai de traitement pour les demandes de consultation reçues d’autres organisations à l’extérieur du gouvernement du Canada,Number of days required to complete consultation requests: 121 to 180 days - Recommendation: Other,Nombre de jours requis pour traiter les demandes de consultation : 121 à 180 jours - Recommandation : Autre,Q32R2C10
Q7_3Row7Cell5,7,Section 7: Consultations received from other institutions and organizations,Section 7 : Demandes de consultation reçues d’autres institutions et organisations,7.3,7.3 Recommendations and completion time for consultations received from other organizations outside the Government of Canada,7.3 Recommandations et délai de traitement pour les demandes de consultation reçues d’autres organisations à l’extérieur du gouvernement du Canada,Number of days required to complete consultation requests: 121 to 180 days - Recommendation: Total,Nombre de jours requis pour traiter les demandes de consultation : 121 à 180 jours - Recommandation : Total,Q32R3C1
Q7_3Row1Cell6,7,Section 7: Consultations received from other institutions and organizations,Section 7 : Demandes de consultation reçues d’autres institutions et organisations,7.3,7.3 Recommendations and completion time for consultations received from other organizations outside the Government of Canada,7.3 Recommandations et délai de traitement pour les demandes de consultation reçues d’autres organisations à l’extérieur du gouvernement du Canada,Number of days required to complete consultation requests: 181 to 365 days - Recommendation: Disclose entirely,Nombre de jours requis pour traiter les demandes de consultation : 181 à 365 jours - Recommandation : Communiquer en entier,Q32R3C2
Q7_3Row2Cell6,7,Section 7: Consultations received from other institutions and organizations,Section 7 : Demandes de consultation reçues d’autres institutions et organisations,7.3,7.3 Recommendations and completion time for consultations received from other organizations outside the Government of Canada,7.3 Recommandations et délai de traitement pour les demandes de consultation reçues d’autres organisations à l’extérieur du gouvernement du Canada,Number of days required to complete consultation requests: 181 to 365 days - Recommendation: Disclosed in part,Nombre de jours requis pour traiter les demandes de consultation : 181 à 365 jours - Recommandation : Communiquer en partie,Q32R3C3
Q7_3Row3Cell6,7,Section 7: Consultations received from other institutions and organizations,Section 7 : Demandes de consultation reçues d’autres institutions et organisations,7.3,7.3 Recommendations and completion time for consultations received from other organizations outside the Government of Canada,7.3 Recommandations et délai de traitement pour les demandes de consultation reçues d’autres organisations à l’extérieur du gouvernement du Canada,Number of days required to complete consultation requests: 181 to 365 days - Recommendation: Exempt entirely,Nombre de jours requis pour traiter les demandes de consultation : 181 à 365 jours - Recommandation : Exempter en entier,Q32R3C4
Q7_3Row4Cell6,7,Section 7: Consultations received from other institutions and organizations,Section 7 : Demandes de consultation reçues d’autres institutions et organisations,7.3,7.3 Recommendations and completion time for consultations received from other organizations outside the Government of Canada,7.3 Recommandations et délai de traitement pour les demandes de consultation reçues d’autres organisations à l’extérieur du gouvernement du Canada,Number of days required to complete consultation requests: 181 to 365 days - Recommendation:Exclude entirely ,Nombre de jours requis pour traiter les demandes de consultation : 181 à 365 jours - Recommandation:Exclure en entier ,Q32R3C5
Q7_3Row5Cell6,7,Section 7: Consultations received from other institutions and organizations,Section 7 : Demandes de consultation reçues d’autres institutions et organisations,7.3,7.3 Recommendations and completion time for consultations received from other organizations outside the Government of Canada,7.3 Recommandations et délai de traitement pour les demandes de consultation reçues d’autres organisations à l’extérieur du gouvernement du Canada,Number of days required to complete consultation requests: 181 to 365 days - Recommendation: Consult other institution,Nombre de jours requis pour traiter les demandes de consultation : 181 à 365 jours - Recommandation : Consulter une autre institution,Q32R3C6
Q7_3Row6Cell6,7,Section 7: Consultations received from other institutions and organizations,Section 7 : Demandes de consultation reçues d’autres institutions et organisations,7.3,7.3 Recommendations and completion time for consultations received from other organizations outside the Government of Canada,7.3 Recommandations et délai de traitement pour les demandes de consultation reçues d’autres organisations à l’extérieur du gouvernement du Canada,Number of days required to complete consultation requests: 181 to 365 days - Recommendation: Other,Nombre de jours requis pour traiter les demandes de consultation : 181 à 365 jours - Recommandation : Autre,Q32R3C7
Q7_3Row7Cell6,7,Section 7: Consultations received from other institutions and organizations,Section 7 : Demandes de consultation reçues d’autres institutions et organisations,7.3,7.3 Recommendations and completion time for consultations received from other organizations outside the Government of Canada,7.3 Recommandations et délai de traitement pour les demandes de consultation reçues d’autres organisations à l’extérieur du gouvernement du Canada,Number of days required to complete consultation requests: 181 to 365 days - Recommendation: Total,Nombre de jours requis pour traiter les demandes de consultation : 181 à 365 jours - Recommandation : Total,Q32R3C8
Q7_3Row1Cell7,7,Section 7: Consultations received from other institutions and organizations,Section 7 : Demandes de consultation reçues d’autres institutions et organisations,7.3,7.3 Recommendations and completion time for consultations received from other organizations outside the Government of Canada,7.3 Recommandations et délai de traitement pour les demandes de consultation reçues d’autres organisations à l’extérieur du gouvernement du Canada,Number of days required to complete consultation requests: More than 365 days - Recommendation: Disclose entirely,Nombre de jours requis pour traiter les demandes de consultation : Plus de 365 jours - Recommandation : Communiquer en entier,Q32R3C9
Q7_3Row2Cell7,7,Section 7: Consultations received from other institutions and organizations,Section 7 : Demandes de consultation reçues d’autres institutions et organisations,7.3,7.3 Recommendations and completion time for consultations received from other organizations outside the Government of Canada,7.3 Recommandations et délai de traitement pour les demandes de consultation reçues d’autres organisations à l’extérieur du gouvernement du Canada,Number of days required to complete consultation requests: More than 365 days - Recommendation: Disclosed in part,Nombre de jours requis pour traiter les demandes de consultation : Plus de 365 jours - Recommandation : Communiquer en partie,Q32R3C10
Q7_3Row3Cell7,7,Section 7: Consultations received from other institutions and organizations,Section 7 : Demandes de consultation reçues d’autres institutions et organisations,7.3,7.3 Recommendations and completion time for consultations received from other organizations outside the Government of Canada,7.3 Recommandations et délai de traitement pour les demandes de consultation reçues d’autres organisations à l’extérieur du gouvernement du Canada,Number of days required to complete consultation requests: More than 365 days - Recommendation: Exempt entirely,Nombre de jours requis pour traiter les demandes de consultation : Plus de 365 jours - Recommandation : Exempter en entier,Q32R4C1
Q7_3Row4Cell7,7,Section 7: Consultations received from other institutions and organizations,Section 7 : Demandes de consultation reçues d’autres institutions et organisations,7.3,7.3 Recommendations and completion time for consultations received from other organizations outside the Government of Canada,7.3 Recommandations et délai de traitement pour les demandes de consultation reçues d’autres organisations à l’extérieur du gouvernement du Canada,Number of days required to complete consultation requests: More than 365 days - Recommendation: Exclude entirely,Nombre de jours requis pour traiter les demandes de consultation : Plus de 365 jours - Recommandation : Exclure en entier,Q32R4C2
Q7_3Row5Cell7,7,Section 7: Consultations received from other institutions and organizations,Section 7 : Demandes de consultation reçues d’autres institutions et organisations,7.3,7.3 Recommendations and completion time for consultations received from other organizations outside the Government of Canada,7.3 Recommandations et délai de traitement pour les demandes de consultation reçues d’autres organisations à l’extérieur du gouvernement du Canada,Number of days required to complete consultation requests: More than 365 days - Recommendation: Consult other institution,Nombre de jours requis pour traiter les demandes de consultation : Plus de 365 jours - Recommandation : Consulter une autre institution,Q32R4C3
Q7_3Row6Cell7,7,Section 7: Consultations received from other institutions and organizations,Section 7 : Demandes de consultation reçues d’autres institutions et organisations,7.3,7.3 Recommendations and completion time for consultations received from other organizations outside the Government of Canada,7.3 Recommandations et délai de traitement pour les demandes de consultation reçues d’autres organisations à l’extérieur du gouvernement du Canada,Number of days required to complete consultation requests: More than 365 days - Recommendation: Other,Nombre de jours requis pour traiter les demandes de consultation : Plus de 365 jours - Recommandation : Autre,Q32R4C4
Q7_3Row7Cell7,7,Section 7: Consultations received from other institutions and organizations,Section 7 : Demandes de consultation reçues d’autres institutions et organisations,7.3,7.3 Recommendations and completion time for consultations received from other organizations outside the Government of Canada,7.3 Recommandations et délai de traitement pour les demandes de consultation reçues d’autres organisations à l’extérieur du gouvernement du Canada,Number of days required to complete consultation requests: More than 365 days - Recommendation: Total,Nombre de jours requis pour traiter les demandes de consultation : Plus de 365 jours - Recommandation : Total,Q32R4C5
Q7_3Row1Cell8,7,Section 7: Consultations received from other institutions and organizations,Section 7 : Demandes de consultation reçues d’autres institutions et organisations,7.3,7.3 Recommendations and completion time for consultations received from other organizations outside the Government of Canada,7.3 Recommandations et délai de traitement pour les demandes de consultation reçues d’autres organisations à l’extérieur du gouvernement du Canada,Number of days required to complete consultation requests: Total - Recommendation: Disclose entirely,Nombre de jours requis pour traiter les demandes de consultation : Total - Recommandation : Communiquer en entier,Q32R4C6
Q7_3Row2Cell8,7,Section 7: Consultations received from other institutions and organizations,Section 7 : Demandes de consultation reçues d’autres institutions et organisations,7.3,7.3 Recommendations and completion time for consultations received from other organizations outside the Government of Canada,7.3 Recommandations et délai de traitement pour les demandes de consultation reçues d’autres organisations à l’extérieur du gouvernement du Canada,Number of days required to complete consultation requests: Total - Recommendation: Disclosed in part,Nombre de jours requis pour traiter les demandes de consultation : Total - Recommandation : Communiquer en partie,Q32R4C7
Q7_3Row3Cell8,7,Section 7: Consultations received from other institutions and organizations,Section 7 : Demandes de consultation reçues d’autres institutions et organisations,7.3,7.3 Recommendations and completion time for consultations received from other organizations outside the Government of Canada,7.3 Recommandations et délai de traitement pour les demandes de consultation reçues d’autres organisations à l’extérieur du gouvernement du Canada,Number of days required to complete consultation requests: Total - Recommendation: Exempt entirely,Nombre de jours requis pour traiter les demandes de consultation : Total - Recommandation : Exempter en entier,Q32R4C8
Q7_3Row4Cell8,7,Section 7: Consultations received from other institutions and organizations,Section 7 : Demandes de consultation reçues d’autres institutions et organisations,7.3,7.3 Recommendations and completion time for consultations received from other organizations outside the Government of Canada,7.3 Recommandations et délai de traitement pour les demandes de consultation reçues d’autres organisations à l’extérieur du gouvernement du Canada,Number of days required to complete consultation requests: Total - Recommendation: Exclude entirely,Nombre de jours requis pour traiter les demandes de consultation : Total - Recommandation : Exclure en entier,Q32R4C9
Q7_3Row5Cell8,7,Section 7: Consultations received from other institutions and organizations,Section 7 : Demandes de consultation reçues d’autres institutions et organisations,7.3,7.3 Recommendations and completion time for consultations received from other organizations outside the Government of Canada,7.3 Recommandations et délai de traitement pour les demandes de consultation reçues d’autres organisations à l’extérieur du gouvernement du Canada,Number of days required to complete consultation requests: Total - Recommendation: Consult other institution,Nombre de jours requis pour traiter les demandes de consultation : Total - Recommandation : Consulter une autre institution,Q32R4C10
Q7_3Row6Cell8,7,Section 7: Consultations received from other institutions and organizations,Section 7 : Demandes de consultation reçues d’autres institutions et organisations,7.3,7.3 Recommendations and completion time for consultations received from other organizations outside the Government of Canada,7.3 Recommandations et délai de traitement pour les demandes de consultation reçues d’autres organisations à l’extérieur du gouvernement du Canada,Number of days required to complete consultation requests: Total - Recommendation: Other,Nombre de jours requis pour traiter les demandes de consultation : Total - Recommandation : Autre,Q32R5C1
Q7_3Row7Cell8,7,Section 7: Consultations received from other institutions and organizations,Section 7 : Demandes de consultation reçues d’autres institutions et organisations,7.3,7.3 Recommendations and completion time for consultations received from other organizations outside the Government of Canada,7.3 Recommandations et délai de traitement pour les demandes de consultation reçues d’autres organisations à l’extérieur du gouvernement du Canada,Number of days required to complete consultation requests: Total - Recommendation: Total,Nombre de jours requis pour traiter les demandes de consultation : Total - Recommandation : Total,Q32R5C2
Q8_1Row1Cell1,8,Section 8: Completion time of consultations on Cabinet confidences,Section 8 : Délais de traitement des demandes de consultation sur les documents confidentiels du Cabinet,8.1,8.1 Requests with Legal Services,8.1 Demandes auprès des services juridiques,Requests with legal services - Fewer than 100 pages processed: Number of requests - Number of days: 1 to 15 days,Demandes auprès des services juridiques - Moins de 100 pages traitées : Nombre de demandes - Nombre de jours : 1 à 15,Q32R5C3
Q8_1Row2Cell1,8,Section 8: Completion time of consultations on Cabinet confidences,Section 8 : Délais de traitement des demandes de consultation sur les documents confidentiels du Cabinet,8.1,8.1 Requests with Legal Services,8.1 Demandes auprès des services juridiques,Requests with legal services - Fewer than 100 pages processed: Number of requests - Number of days: 16 to 30 days,Demandes auprès des services juridiques - Moins de 100 pages traitées : Nombre de demandes - Nombre de jours : 16 à 30,Q32R5C4
Q8_1Row3Cell1,8,Section 8: Completion time of consultations on Cabinet confidences,Section 8 : Délais de traitement des demandes de consultation sur les documents confidentiels du Cabinet,8.1,8.1 Requests with Legal Services,8.1 Demandes auprès des services juridiques,Requests with legal services - Fewer than 100 pages processed: Number of requests - Number of days: 31 to 60 days,Demandes auprès des services juridiques - Moins de 100 pages traitées : Nombre de demandes - Nombre de jours : 31 à 60,Q32R5C5
Q8_1Row4Cell1,8,Section 8: Completion time of consultations on Cabinet confidences,Section 8 : Délais de traitement des demandes de consultation sur les documents confidentiels du Cabinet,8.1,8.1 Requests with Legal Services,8.1 Demandes auprès des services juridiques,Requests with legal services - Fewer than 100 pages processed: Number of requests - Number of days: 61 to 120 days,Demandes auprès des services juridiques - Moins de 100 pages traitées : Nombre de demandes - Nombre de jours : 61 à 120,Q32R5C6
Q8_1Row5Cell1,8,Section 8: Completion time of consultations on Cabinet confidences,Section 8 : Délais de traitement des demandes de consultation sur les documents confidentiels du Cabinet,8.1,8.1 Requests with Legal Services,8.1 Demandes auprès des services juridiques,Requests with legal services - Fewer than 100 pages processed: Number of requests - Number of days: 121 to 180 days,Demandes auprès des services juridiques - Moins de 100 pages traitées : Nombre de demandes - Nombre de jours : 121 à 180,Q32R5C7
Q8_1Row6Cell1,8,Section 8: Completion time of consultations on Cabinet confidences,Section 8 : Délais de traitement des demandes de consultation sur les documents confidentiels du Cabinet,8.1,8.1 Requests with Legal Services,8.1 Demandes auprès des services juridiques,Requests with legal services - Fewer than 100 pages processed: Number of requests - Number of days: 181 to 365 days,Demandes auprès des services juridiques - Moins de 100 pages traitées : Nombre de demandes - Nombre de jours : 181 à 365,Q32R5C8
Q8_1Row7Cell1,8,Section 8: Completion time of consultations on Cabinet confidences,Section 8 : Délais de traitement des demandes de consultation sur les documents confidentiels du Cabinet,8.1,8.1 Requests with Legal Services,8.1 Demandes auprès des services juridiques,Requests with legal services - Fewer than 100 pages processed: Number of requests - Number of days: more than 365 days,Demandes auprès des services juridiques - Moins de 100 pages traitées : Nombre de demandes - Nombre de jours : Plus de 365,Q32R5C9
Q8_1Row8Cell1,8,Section 8: Completion time of consultations on Cabinet confidences,Section 8 : Délais de traitement des demandes de consultation sur les documents confidentiels du Cabinet,8.1,8.1 Requests with Legal Services,8.1 Demandes auprès des services juridiques,Requests with legal services - Total of fewer Than 100 Pages Processed - Number of requests,Demandes auprès des services juridiques - Total de Moins de 100 pages traitées : Nombre de demandes,Q32R5C10
Q8_1Row1Cell2,8,Section 8: Completion time of consultations on Cabinet confidences,Section 8 : Délais de traitement des demandes de consultation sur les documents confidentiels du Cabinet,8.1,8.1 Requests with Legal Services,8.1 Demandes auprès des services juridiques,Requests with legal services - Fewer than 100 pages processed: Pages disclosed - Number of days: 1 to 15 days,Demandes auprès des services juridiques - Moins de 100 pages traitées : Pages communiquées - Nombre de jours : 1 à 15,Q32R6C1
Q8_1Row2Cell2,8,Section 8: Completion time of consultations on Cabinet confidences,Section 8 : Délais de traitement des demandes de consultation sur les documents confidentiels du Cabinet,8.1,8.1 Requests with Legal Services,8.1 Demandes auprès des services juridiques,Requests with legal services - Fewer than 100 pages processed: Pages disclosed - Number of days: 16 to 30 days,Demandes auprès des services juridiques - Moins de 100 pages traitées : Pages communiquées - Nombre de jours : 16 à 30,Q32R6C2
Q8_1Row3Cell2,8,Section 8: Completion time of consultations on Cabinet confidences,Section 8 : Délais de traitement des demandes de consultation sur les documents confidentiels du Cabinet,8.1,8.1 Requests with Legal Services,8.1 Demandes auprès des services juridiques,Requests with legal services - Fewer than 100 pages processed: Pages disclosed - Number of days: 31 to 60 days,Demandes auprès des services juridiques - Moins de 100 pages traitées : Pages communiquées - Nombre de jours : 31 à 60,Q32R6C3
Q8_1Row4Cell2,8,Section 8: Completion time of consultations on Cabinet confidences,Section 8 : Délais de traitement des demandes de consultation sur les documents confidentiels du Cabinet,8.1,8.1 Requests with Legal Services,8.1 Demandes auprès des services juridiques,Requests with legal services - Fewer than 100 pages processed: Pages disclosed - Number of days: 61 to 120 days,Demandes auprès des services juridiques - Moins de 100 pages traitées : Pages communiquées - Nombre de jours : 61 à 120,Q32R6C4
Q8_1Row5Cell2,8,Section 8: Completion time of consultations on Cabinet confidences,Section 8 : Délais de traitement des demandes de consultation sur les documents confidentiels du Cabinet,8.1,8.1 Requests with Legal Services,8.1 Demandes auprès des services juridiques,Requests with legal services - Fewer than 100 pages processed: Pages disclosed - Number of days: 121 to 180 days,Demandes auprès des services juridiques - Moins de 100 pages traitées : Pages communiquées - Nombre de jours : 121 à 180,Q32R6C5
Q8_1Row6Cell2,8,Section 8: Completion time of consultations on Cabinet confidences,Section 8 : Délais de traitement des demandes de consultation sur les documents confidentiels du Cabinet,8.1,8.1 Requests with Legal Services,8.1 Demandes auprès des services juridiques,Requests with legal services - Fewer than 100 pages processed: Pages disclosed - Number of days: 181 to 365 days,Demandes auprès des services juridiques - Moins de 100 pages traitées : Pages communiquées - Nombre de jours : 181 à 365,Q32R6C6
Q8_1Row7Cell2,8,Section 8: Completion time of consultations on Cabinet confidences,Section 8 : Délais de traitement des demandes de consultation sur les documents confidentiels du Cabinet,8.1,8.1 Requests with Legal Services,8.1 Demandes auprès des services juridiques,Requests with legal services - Fewer than 100 pages processed: Pages disclosed - Number of days: more than 365 days,Demandes auprès des services juridiques - Moins de 100 pages traitées : Pages communiquées - Nombre de jours : Plus de 365,Q32R6C7
Q8_1Row8Cell2,8,Section 8: Completion time of consultations on Cabinet confidences,Section 8 : Délais de traitement des demandes de consultation sur les documents confidentiels du Cabinet,8.1,8.1 Requests with Legal Services,8.1 Demandes auprès des services juridiques,Requests with legal services - Total of fewer Than 100 Pages Processed - Pages disclosed,Demandes auprès des services juridiques - Total de Moins de 100 pages traitées : Pages communiquées,Q32R6C8
Q8_1Row1Cell3,8,Section 8: Completion time of consultations on Cabinet confidences,Section 8 : Délais de traitement des demandes de consultation sur les documents confidentiels du Cabinet,8.1,8.1 Requests with Legal Services,8.1 Demandes auprès des services juridiques,Requests with legal services - 100-500 pages processed: Number of requests - Number of days: 1 to 15 days,Demandes auprès des services juridiques - De 100 à 500 pages traitées : Nombre de demandes - Nombre de jours : 1 à 15,Q32R6C9
Q8_1Row2Cell3,8,Section 8: Completion time of consultations on Cabinet confidences,Section 8 : Délais de traitement des demandes de consultation sur les documents confidentiels du Cabinet,8.1,8.1 Requests with Legal Services,8.1 Demandes auprès des services juridiques,Requests with legal services - 100-500 pages processed: Number of requests - Number of days: 16 to 30 days,Demandes auprès des services juridiques - De 100 à 500 pages traitées : Nombre de demandes - Nombre de jours : 16 à 30,Q32R6C10
Q8_1Row3Cell3,8,Section 8: Completion time of consultations on Cabinet confidences,Section 8 : Délais de traitement des demandes de consultation sur les documents confidentiels du Cabinet,8.1,8.1 Requests with Legal Services,8.1 Demandes auprès des services juridiques,Requests with legal services - 100-500 pages processed: Number of requests - Number of days: 31 to 60 days,Demandes auprès des services juridiques - De 100 à 500 pages traitées : Nombre de demandes - Nombre de jours : 31 à 60,Q32R7C1
Q8_1Row4Cell3,8,Section 8: Completion time of consultations on Cabinet confidences,Section 8 : Délais de traitement des demandes de consultation sur les documents confidentiels du Cabinet,8.1,8.1 Requests with Legal Services,8.1 Demandes auprès des services juridiques,Requests with legal services - 100-500 pages processed: Number of requests - Number of days: 61 to 120 days,Demandes auprès des services juridiques - De 100 à 500 pages traitées : Nombre de demandes - Nombre de jours : 61 à 120,Q32R7C2
Q8_1Row5Cell3,8,Section 8: Completion time of consultations on Cabinet confidences,Section 8 : Délais de traitement des demandes de consultation sur les documents confidentiels du Cabinet,8.1,8.1 Requests with Legal Services,8.1 Demandes auprès des services juridiques,Requests with legal services - 100-500 pages processed: Number of requests - Number of days: 121 to 180 days,Demandes auprès des services juridiques - De 100 à 500 pages traitées : Nombre de demandes - Nombre de jours : 121 à 180,Q32R7C3
Q8_1Row6Cell3,8,Section 8: Completion time of consultations on Cabinet confidences,Section 8 : Délais de traitement des demandes de consultation sur les documents confidentiels du Cabinet,8.1,8.1 Requests with Legal Services,8.1 Demandes auprès des services juridiques,Requests with legal services - 100-500 pages processed: Number of requests - Number of days: 181 to 365 days,Demandes auprès des services juridiques - De 100 à 500 pages traitées : Nombre de demandes - Nombre de jours : 181 à 365,Q32R7C4
Q8_1Row7Cell3,8,Section 8: Completion time of consultations on Cabinet confidences,Section 8 : Délais de traitement des demandes de consultation sur les documents confidentiels du Cabinet,8.1,8.1 Requests with Legal Services,8.1 Demandes auprès des services juridiques,Requests with legal services - 100-500 pages processed: Number of requests - Number of days: more than 365 days,Demandes auprès des services juridiques - De 100 à 500 pages traitées : Nombre de demandes - Nombre de jours : Plus de 365,Q32R7C5
Q8_1Row8Cell3,8,Section 8: Completion time of consultations on Cabinet confidences,Section 8 : Délais de traitement des demandes de consultation sur les documents confidentiels du Cabinet,8.1,8.1 Requests with Legal Services,8.1 Demandes auprès des services juridiques,Requests with legal services - Total of 101-500 pages processed - Number of requests,Demandes auprès des services juridiques - Total De 100 à 500 pages traitées : Nombre de demandes,Q32R7C6
Q8_1Row1Cell4,8,Section 8: Completion time of consultations on Cabinet confidences,Section 8 : Délais de traitement des demandes de consultation sur les documents confidentiels du Cabinet,8.1,8.1 Requests with Legal Services,8.1 Demandes auprès des services juridiques,Requests with legal services - 100-500 pages processed: Pages disclosed - Number of days: 1 to 15 days,Demandes auprès des services juridiques - De 100 à 500 pages traitées : Pages communiquées - Nombre de jours : 1 à 15,Q32R7C7
Q8_1Row2Cell4,8,Section 8: Completion time of consultations on Cabinet confidences,Section 8 : Délais de traitement des demandes de consultation sur les documents confidentiels du Cabinet,8.1,8.1 Requests with Legal Services,8.1 Demandes auprès des services juridiques,Requests with legal services - 100-500 pages processed: Pages disclosed - Number of days: 16 to 30 days,Demandes auprès des services juridiques - De 100 à 500 pages traitées : Pages communiquées - Nombre de jours : 16 à 30,Q32R7C8
Q8_1Row3Cell4,8,Section 8: Completion time of consultations on Cabinet confidences,Section 8 : Délais de traitement des demandes de consultation sur les documents confidentiels du Cabinet,8.1,8.1 Requests with Legal Services,8.1 Demandes auprès des services juridiques,Requests with legal services - 100-500 pages processed: Pages disclosed - Number of days: 31 to 60 days,Demandes auprès des services juridiques - De 100 à 500 pages traitées : Pages communiquées - Nombre de jours : 31 à 60,Q32R7C9
Q8_1Row4Cell4,8,Section 8: Completion time of consultations on Cabinet confidences,Section 8 : Délais de traitement des demandes de consultation sur les documents confidentiels du Cabinet,8.1,8.1 Requests with Legal Services,8.1 Demandes auprès des services juridiques,Requests with legal services - 100-500 pages processed: Pages disclosed - Number of days: 61 to 120 days,Demandes auprès des services juridiques - De 100 à 500 pages traitées : Pages communiquées - Nombre de jours : 61 à 120,Q32R7C10
Q8_1Row5Cell4,8,Section 8: Completion time of consultations on Cabinet confidences,Section 8 : Délais de traitement des demandes de consultation sur les documents confidentiels du Cabinet,8.1,8.1 Requests with Legal Services,8.1 Demandes auprès des services juridiques,Requests with legal services - 100-500 pages processed: Pages disclosed - Number of days: 121 to 180 days,Demandes auprès des services juridiques - De 100 à 500 pages traitées : Pages communiquées - Nombre de jours : 121 à 180,Q33R1C1
Q8_1Row6Cell4,8,Section 8: Completion time of consultations on Cabinet confidences,Section 8 : Délais de traitement des demandes de consultation sur les documents confidentiels du Cabinet,8.1,8.1 Requests with Legal Services,8.1 Demandes auprès des services juridiques,Requests with legal services - 100-500 pages processed: Pages disclosed - Number of days: 181 to 365 days,Demandes auprès des services juridiques - De 100 à 500 pages traitées : Pages communiquées - Nombre de jours : 181 à 365,Q33R1C2
Q8_1Row7Cell4,8,Section 8: Completion time of consultations on Cabinet confidences,Section 8 : Délais de traitement des demandes de consultation sur les documents confidentiels du Cabinet,8.1,8.1 Requests with Legal Services,8.1 Demandes auprès des services juridiques,Requests with legal services - 100-500 pages processed: Pages disclosed - Number of days: more than 365 days,Demandes auprès des services juridiques - De 100 à 500 pages traitées : Pages communiquées - Nombre de jours : Plus de 365,Q33R1C3
Q8_1Row8Cell4,8,Section 8: Completion time of consultations on Cabinet confidences,Section 8 : Délais de traitement des demandes de consultation sur les documents confidentiels du Cabinet,8.1,8.1 Requests with Legal Services,8.1 Demandes auprès des services juridiques,Requests with legal services - Total of 101-500 pages processed - Pages disclosed,Demandes auprès des services juridiques - Total De 100 à 500 pages traitées : Pages communiquées,Q34R1C1
Q8_1Row1Cell5,8,Section 8: Completion time of consultations on Cabinet confidences,Section 8 : Délais de traitement des demandes de consultation sur les documents confidentiels du Cabinet,8.1,8.1 Requests with Legal Services,8.1 Demandes auprès des services juridiques,Requests with legal services - 501-1000 pages processed: Number of requests - Number of days: 1 to 15 days,Demandes auprès des services juridiques - 501-1000 pages traitées : Nombre de demandes - Nombre de jours : 1 à 15,Q34R1C2
Q8_1Row2Cell5,8,Section 8: Completion time of consultations on Cabinet confidences,Section 8 : Délais de traitement des demandes de consultation sur les documents confidentiels du Cabinet,8.1,8.1 Requests with Legal Services,8.1 Demandes auprès des services juridiques,Requests with legal services - 501-1000 pages processed: Number of requests - Number of days: 16 to 30 days,Demandes auprès des services juridiques - 501-1000 pages traitées : Nombre de demandes - Nombre de jours : 16 à 30,Q34R1C3
Q8_1Row3Cell5,8,Section 8: Completion time of consultations on Cabinet confidences,Section 8 : Délais de traitement des demandes de consultation sur les documents confidentiels du Cabinet,8.1,8.1 Requests with Legal Services,8.1 Demandes auprès des services juridiques,Requests with legal services - 501-1000 pages processed: Number of requests - Number of days: 31 to 60 days,Demandes auprès des services juridiques - 501-1000 pages traitées : Nombre de demandes - Nombre de jours : 31 à 60,Q34R1C4
Q8_1Row4Cell5,8,Section 8: Completion time of consultations on Cabinet confidences,Section 8 : Délais de traitement des demandes de consultation sur les documents confidentiels du Cabinet,8.1,8.1 Requests with Legal Services,8.1 Demandes auprès des services juridiques,Requests with legal services - 501-1000 pages processed: Number of requests - Number of days: 61 to 120 days,Demandes auprès des services juridiques - 501-1000 pages traitées : Nombre de demandes - Nombre de jours : 61 à 120,Q34R1C5
Q8_1Row5Cell5,8,Section 8: Completion time of consultations on Cabinet confidences,Section 8 : Délais de traitement des demandes de consultation sur les documents confidentiels du Cabinet,8.1,8.1 Requests with Legal Services,8.1 Demandes auprès des services juridiques,Requests with legal services - 501-1000 pages processed: Number of requests - Number of days: 121 to 180 days,Demandes auprès des services juridiques - 501-1000 pages traitées : Nombre de demandes - Nombre de jours : 121 à 180,Q34R1C6
Q8_1Row6Cell5,8,Section 8: Completion time of consultations on Cabinet confidences,Section 8 : Délais de traitement des demandes de consultation sur les documents confidentiels du Cabinet,8.1,8.1 Requests with Legal Services,8.1 Demandes auprès des services juridiques,Requests with legal services - 501-1000 pages processed: Number of requests - Number of days: 181 to 365 days,Demandes auprès des services juridiques - 501-1000 pages traitées : Nombre de demandes - Nombre de jours : 181 à 365,Q35R1C1
Q8_1Row7Cell5,8,Section 8: Completion time of consultations on Cabinet confidences,Section 8 : Délais de traitement des demandes de consultation sur les documents confidentiels du Cabinet,8.1,8.1 Requests with Legal Services,8.1 Demandes auprès des services juridiques,Requests with legal services - 501-1000 pages processed: Number of requests - Number of days: more than 365 days,Demandes auprès des services juridiques - 501-1000 pages traitées : Nombre de demandes - Nombre de jours : Plus de 365,Q35R1C2
Q8_1Row8Cell5,8,Section 8: Completion time of consultations on Cabinet confidences,Section 8 : Délais de traitement des demandes de consultation sur les documents confidentiels du Cabinet,8.1,8.1 Requests with Legal Services,8.1 Demandes auprès des services juridiques,Requests with legal services - Total of 501-1000 pages processed - Number of requests,Demandes auprès des services juridiques - Total de 501-1000 pages traitées : Nombre de demandes,Q35R1C3
Q8_1Row1Cell6,8,Section 8: Completion time of consultations on Cabinet confidences,Section 8 : Délais de traitement des demandes de consultation sur les documents confidentiels du Cabinet,8.1,8.1 Requests with Legal Services,8.1 Demandes auprès des services juridiques,Requests with legal services - 501-1000 pages processed: Pages disclosed - Number of days: 1 to 15 days,Demandes auprès des services juridiques - 501-1000 pages traitées : Pages communiquées - Nombre de jours : 1 à 15,Q35R1C4
Q8_1Row2Cell6,8,Section 8: Completion time of consultations on Cabinet confidences,Section 8 : Délais de traitement des demandes de consultation sur les documents confidentiels du Cabinet,8.1,8.1 Requests with Legal Services,8.1 Demandes auprès des services juridiques,Requests with legal services - 501-1000 pages processed: Pages disclosed - Number of days: 16 to 30 days,Demandes auprès des services juridiques - 501-1000 pages traitées : Pages communiquées - Nombre de jours : 16 à 30,Q36R1C1
Q8_1Row3Cell6,8,Section 8: Completion time of consultations on Cabinet confidences,Section 8 : Délais de traitement des demandes de consultation sur les documents confidentiels du Cabinet,8.1,8.1 Requests with Legal Services,8.1 Demandes auprès des services juridiques,Requests with legal services - 501-1000 pages processed: Pages disclosed - Number of days: 31 to 60 days,Demandes auprès des services juridiques - 501-1000 pages traitées : Pages communiquées - Nombre de jours : 31 à 60,Q37R1C1
Q8_1Row4Cell6,8,Section 8: Completion time of consultations on Cabinet confidences,Section 8 : Délais de traitement des demandes de consultation sur les documents confidentiels du Cabinet,8.1,8.1 Requests with Legal Services,8.1 Demandes auprès des services juridiques,Requests with legal services - 501-1000 pages processed: Pages disclosed - Number of days: 61 to 120 days,Demandes auprès des services juridiques - 501-1000 pages traitées : Pages communiquées - Nombre de jours : 61 à 120,Q37R2C1
Q8_1Row5Cell6,8,Section 8: Completion time of consultations on Cabinet confidences,Section 8 : Délais de traitement des demandes de consultation sur les documents confidentiels du Cabinet,8.1,8.1 Requests with Legal Services,8.1 Demandes auprès des services juridiques,Requests with legal services - 501-1000 pages processed: Pages disclosed - Number of days: 121 to 180 days,Demandes auprès des services juridiques - 501-1000 pages traitées : Pages communiquées - Nombre de jours : 121 à 180,Q37R3C1
Q8_1Row6Cell6,8,Section 8: Completion time of consultations on Cabinet confidences,Section 8 : Délais de traitement des demandes de consultation sur les documents confidentiels du Cabinet,8.1,8.1 Requests with Legal Services,8.1 Demandes auprès des services juridiques,Requests with legal services - 501-1000 pages processed: Pages disclosed - Number of days: 181 to 365 days,Demandes auprès des services juridiques - 501-1000 pages traitées : Pages communiquées - Nombre de jours : 181 à 365,Q37R4C1
Q8_1Row7Cell6,8,Section 8: Completion time of consultations on Cabinet confidences,Section 8 : Délais de traitement des demandes de consultation sur les documents confidentiels du Cabinet,8.1,8.1 Requests with Legal Services,8.1 Demandes auprès des services juridiques,Requests with legal services - 501-1000 pages processed: Pages disclosed - Number of days: more than 365 days,Demandes auprès des services juridiques - 501-1000 pages traitées : Pages communiquées - Nombre de jours : Plus de 365,Q37R5C1
Q8_1Row8Cell6,8,Section 8: Completion time of consultations on Cabinet confidences,Section 8 : Délais de traitement des demandes de consultation sur les documents confidentiels du Cabinet,8.1,8.1 Requests with Legal Services,8.1 Demandes auprès des services juridiques,Requests with legal services - Total of 501-1000 pages processed - Pages disclosed,Demandes auprès des services juridiques - Total de 501-1000 pages traitées : Pages communiquées,Q38R1C1
Q8_1Row1Cell7,8,Section 8: Completion time of consultations on Cabinet confidences,Section 8 : Délais de traitement des demandes de consultation sur les documents confidentiels du Cabinet,8.1,8.1 Requests with Legal Services,8.1 Demandes auprès des services juridiques,Requests with legal services - 1001-5000 pages processed: Number of requests - Number of days: 1 to 15 days,Demandes auprès des services juridiques - 1001-5000 pages traitées : Nombre de demandes - Nombre de jours : 1 à 15,Q38R2C1
Q8_1Row2Cell7,8,Section 8: Completion time of consultations on Cabinet confidences,Section 8 : Délais de traitement des demandes de consultation sur les documents confidentiels du Cabinet,8.1,8.1 Requests with Legal Services,8.1 Demandes auprès des services juridiques,Requests with legal services - 1001-5000 pages processed: Number of requests - Number of days: 16 to 30 days,Demandes auprès des services juridiques - 1001-5000 pages traitées : Nombre de demandes - Nombre de jours : 16 à 30,Q38R3C1
Q8_1Row3Cell7,8,Section 8: Completion time of consultations on Cabinet confidences,Section 8 : Délais de traitement des demandes de consultation sur les documents confidentiels du Cabinet,8.1,8.1 Requests with Legal Services,8.1 Demandes auprès des services juridiques,Requests with legal services - 1001-5000 pages processed: Number of requests - Number of days: 31 to 60 days,Demandes auprès des services juridiques - 1001-5000 pages traitées : Nombre de demandes - Nombre de jours : 31 à 60,Q38R4C1
Q8_1Row4Cell7,8,Section 8: Completion time of consultations on Cabinet confidences,Section 8 : Délais de traitement des demandes de consultation sur les documents confidentiels du Cabinet,8.1,8.1 Requests with Legal Services,8.1 Demandes auprès des services juridiques,Requests with legal services - 1001-5000 pages processed: Number of requests - Number of days: 61 to 120 days,Demandes auprès des services juridiques - 1001-5000 pages traitées : Nombre de demandes - Nombre de jours : 61 à 120,Q38R5C1
Q8_1Row5Cell7,8,Section 8: Completion time of consultations on Cabinet confidences,Section 8 : Délais de traitement des demandes de consultation sur les documents confidentiels du Cabinet,8.1,8.1 Requests with Legal Services,8.1 Demandes auprès des services juridiques,Requests with legal services - 1001-5000 pages processed: Number of requests - Number of days: 121 to 180 days,Demandes auprès des services juridiques - 1001-5000 pages traitées : Nombre de demandes - Nombre de jours : 121 à 180,
Q8_1Row6Cell7,8,Section 8: Completion time of consultations on Cabinet confidences,Section 8 : Délais de traitement des demandes de consultation sur les documents confidentiels du Cabinet,8.1,8.1 Requests with Legal Services,8.1 Demandes auprès des services juridiques,Requests with legal services - 1001-5000 pages processed: Number of requests - Number of days: 181 to 365 days,Demandes auprès des services juridiques - 1001-5000 pages traitées : Nombre de demandes - Nombre de jours : 181 à 365,
Q8_1Row7Cell7,8,Section 8: Completion time of consultations on Cabinet confidences,Section 8 : Délais de traitement des demandes de consultation sur les documents confidentiels du Cabinet,8.1,8.1 Requests with Legal Services,8.1 Demandes auprès des services juridiques,Requests with legal services - 1001-5000 pages processed: Number of requests - Number of days: more than 365 days,Demandes auprès des services juridiques - 1001-5000 pages traitées : Nombre de demandes - Nombre de jours : Plus de 365,
Q8_1Row8Cell7,8,Section 8: Completion time of consultations on Cabinet confidences,Section 8 : Délais de traitement des demandes de consultation sur les documents confidentiels du Cabinet,8.1,8.1 Requests with Legal Services,8.1 Demandes auprès des services juridiques,Requests with legal services - Total of 1001-5000 pages processed - Number of requests,Demandes auprès des services juridiques - Total de 1001-5000 pages traitées : Nombre de demandes,
Q8_1Row1Cell8,8,Section 8: Completion time of consultations on Cabinet confidences,Section 8 : Délais de traitement des demandes de consultation sur les documents confidentiels du Cabinet,8.1,8.1 Requests with Legal Services,8.1 Demandes auprès des services juridiques,Requests with legal services - 1001-5000 pages processed: Pages disclosed - Number of days: 1 to 15 days,Demandes auprès des services juridiques - 1001-5000 pages traitées : Pages communiquées - Nombre de jours : 1 à 15,
Q8_1Row2Cell8,8,Section 8: Completion time of consultations on Cabinet confidences,Section 8 : Délais de traitement des demandes de consultation sur les documents confidentiels du Cabinet,8.1,8.1 Requests with Legal Services,8.1 Demandes auprès des services juridiques,Requests with legal services - 1001-5000 pages processed: Pages disclosed - Number of days: 16 to 30 days,Demandes auprès des services juridiques - 1001-5000 pages traitées : Pages communiquées - Nombre de jours : 16 à 30,
Q8_1Row3Cell8,8,Section 8: Completion time of consultations on Cabinet confidences,Section 8 : Délais de traitement des demandes de consultation sur les documents confidentiels du Cabinet,8.1,8.1 Requests with Legal Services,8.1 Demandes auprès des services juridiques,Requests with legal services - 1001-5000 pages processed: Pages disclosed - Number of days: 31 to 60 days,Demandes auprès des services juridiques - 1001-5000 pages traitées : Pages communiquées - Nombre de jours : 31 à 60,
Q8_1Row4Cell8,8,Section 8: Completion time of consultations on Cabinet confidences,Section 8 : Délais de traitement des demandes de consultation sur les documents confidentiels du Cabinet,8.1,8.1 Requests with Legal Services,8.1 Demandes auprès des services juridiques,Requests with legal services - 1001-5000 pages processed: Pages disclosed - Number of days: 61 to 120 days,Demandes auprès des services juridiques - 1001-5000 pages traitées : Pages communiquées - Nombre de jours : 61 à 120,
Q8_1Row5Cell8,8,Section 8: Completion time of consultations on Cabinet confidences,Section 8 : Délais de traitement des demandes de consultation sur les documents confidentiels du Cabinet,8.1,8.1 Requests with Legal Services,8.1 Demandes auprès des services juridiques,Requests with legal services - 1001-5000 pages processed: Pages disclosed - Number of days: 121 to 180 days,Demandes auprès des services juridiques - 1001-5000 pages traitées : Pages communiquées - Nombre de jours : 121 à 180,
Q8_1Row6Cell8,8,Section 8: Completion time of consultations on Cabinet confidences,Section 8 : Délais de traitement des demandes de consultation sur les documents confidentiels du Cabinet,8.1,8.1 Requests with Legal Services,8.1 Demandes auprès des services juridiques,Requests with legal services - 1001-5000 pages processed: Pages disclosed - Number of days: 181 to 365 days,Demandes auprès des services juridiques - 1001-5000 pages traitées : Pages communiquées - Nombre de jours : 181 à 365,
Q8_1Row7Cell8,8,Section 8: Completion time of consultations on Cabinet confidences,Section 8 : Délais de traitement des demandes de consultation sur les documents confidentiels du Cabinet,8.1,8.1 Requests with Legal Services,8.1 Demandes auprès des services juridiques,Requests with legal services - 1001-5000 pages processed: Pages disclosed - Number of days: more than 365 days,Demandes auprès des services juridiques - 1001-5000 pages traitées : Pages communiquées - Nombre de jours : Plus de 365,
Q8_1Row8Cell8,8,Section 8: Completion time of consultations on Cabinet confidences,Section 8 : Délais de traitement des demandes de consultation sur les documents confidentiels du Cabinet,8.1,8.1 Requests with Legal Services,8.1 Demandes auprès des services juridiques,Requests with legal services - Total of 1001-5000 pages processed - Pages disclosed,Demandes auprès des services juridiques - Total de 1001-5000 pages traitées : Pages communiquées,
Q8_1Row1Cell9,8,Section 8: Completion time of consultations on Cabinet confidences,Section 8 : Délais de traitement des demandes de consultation sur les documents confidentiels du Cabinet,8.1,8.1 Requests with Legal Services,8.1 Demandes auprès des services juridiques,Requests with legal services - More than 5000 pages processed: Number of requests - Number of days: 1 to 15 days,Demandes auprès des services juridiques - Plus de 5 000 pages traitées : Nombre de demandes - Nombre de jours : 1 à 15,
Q8_1Row2Cell9,8,Section 8: Completion time of consultations on Cabinet confidences,Section 8 : Délais de traitement des demandes de consultation sur les documents confidentiels du Cabinet,8.1,8.1 Requests with Legal Services,8.1 Demandes auprès des services juridiques,Requests with legal services - More than 5000 pages processed: Number of requests - Number of days: 16 to 30 days,Demandes auprès des services juridiques - Plus de 5 000 pages traitées : Nombre de demandes - Nombre de jours : 16 à 30,
Q8_1Row3Cell9,8,Section 8: Completion time of consultations on Cabinet confidences,Section 8 : Délais de traitement des demandes de consultation sur les documents confidentiels du Cabinet,8.1,8.1 Requests with Legal Services,8.1 Demandes auprès des services juridiques,Requests with legal services - More than 5000 pages processed: Number of requests - Number of days: 31 to 60 days,Demandes auprès des services juridiques - Plus de 5 000 pages traitées : Nombre de demandes - Nombre de jours : 31 à 60,
Q8_1Row4Cell9,8,Section 8: Completion time of consultations on Cabinet confidences,Section 8 : Délais de traitement des demandes de consultation sur les documents confidentiels du Cabinet,8.1,8.1 Requests with Legal Services,8.1 Demandes auprès des services juridiques,Requests with legal services - More than 5000 pages processed: Number of requests - Number of days: 61 to 120 days,Demandes auprès des services juridiques - Plus de 5 000 pages traitées : Nombre de demandes - Nombre de jours : 61 à 120,
Q8_1Row5Cell9,8,Section 8: Completion time of consultations on Cabinet confidences,Section 8 : Délais de traitement des demandes de consultation sur les documents confidentiels du Cabinet,8.1,8.1 Requests with Legal Services,8.1 Demandes auprès des services juridiques,Requests with legal services - More than 5000 pages processed: Number of requests - Number of days: 121 to 180 days,Demandes auprès des services juridiques - Plus de 5 000 pages traitées : Nombre de demandes - Nombre de jours : 121 à 180,
Q8_1Row6Cell9,8,Section 8: Completion time of consultations on Cabinet confidences,Section 8 : Délais de traitement des demandes de consultation sur les documents confidentiels du Cabinet,8.1,8.1 Requests with Legal Services,8.1 Demandes auprès des services juridiques,Requests with legal services - More than 5000 pages processed: Number of requests - Number of days: 181 to 365 days,Demandes auprès des services juridiques - Plus de 5 000 pages traitées : Nombre de demandes - Nombre de jours : 181 à 365,
Q8_1Row7Cell9,8,Section 8: Completion time of consultations on Cabinet confidences,Section 8 : Délais de traitement des demandes de consultation sur les documents confidentiels du Cabinet,8.1,8.1 Requests with Legal Services,8.1 Demandes auprès des services juridiques,Requests with legal services - More than 5000 pages processed: Number of requests - Number of days: more than 365 days,Demandes auprès des services juridiques - Plus de 5 000 pages traitées : Nombre de demandes - Nombre de jours : Plus de 365,
Q8_1Row8Cell9,8,Section 8: Completion time of consultations on Cabinet confidences,Section 8 : Délais de traitement des demandes de consultation sur les documents confidentiels du Cabinet,8.1,8.1 Requests with Legal Services,8.1 Demandes auprès des services juridiques,Requests with legal services - Total of More than 5000 pages processed - Number of requests,Demandes auprès des services juridiques - Total de Plus de 5 000 pages traitées : Nombre de demandes,
Q8_1Row1Cell10,8,Section 8: Completion time of consultations on Cabinet confidences,Section 8 : Délais de traitement des demandes de consultation sur les documents confidentiels du Cabinet,8.1,8.1 Requests with Legal Services,8.1 Demandes auprès des services juridiques,Requests with legal services - More than 5000 pages processed: Pages disclosed - Number of days: 1 to 15 days,Demandes auprès des services juridiques - Plus de 5 000 pages traitées : Pages communiquées - Nombre de jours : 1 à 15,
Q8_1Row2Cell10,8,Section 8: Completion time of consultations on Cabinet confidences,Section 8 : Délais de traitement des demandes de consultation sur les documents confidentiels du Cabinet,8.1,8.1 Requests with Legal Services,8.1 Demandes auprès des services juridiques,Requests with legal services - More than 5000 pages processed: Pages disclosed - Number of days: 16 to 30 days,Demandes auprès des services juridiques - Plus de 5 000 pages traitées : Pages communiquées - Nombre de jours : 16 à 30,
Q8_1Row3Cell10,8,Section 8: Completion time of consultations on Cabinet confidences,Section 8 : Délais de traitement des demandes de consultation sur les documents confidentiels du Cabinet,8.1,8.1 Requests with Legal Services,8.1 Demandes auprès des services juridiques,Requests with legal services - More than 5000 pages processed: Pages disclosed - Number of days: 31 to 60 days,Demandes auprès des services juridiques - Plus de 5 000 pages traitées : Pages communiquées - Nombre de jours : 31 à 60,
Q8_1Row4Cell10,8,Section 8: Completion time of consultations on Cabinet confidences,Section 8 : Délais de traitement des demandes de consultation sur les documents confidentiels du Cabinet,8.1,8.1 Requests with Legal Services,8.1 Demandes auprès des services juridiques,Requests with legal services - More than 5000 pages processed: Pages disclosed - Number of days: 61 to 120 days,Demandes auprès des services juridiques - Plus de 5 000 pages traitées : Pages communiquées - Nombre de jours : 61 à 120,
Q8_1Row5Cell10,8,Section 8: Completion time of consultations on Cabinet confidences,Section 8 : Délais de traitement des demandes de consultation sur les documents confidentiels du Cabinet,8.1,8.1 Requests with Legal Services,8.1 Demandes auprès des services juridiques,Requests with legal services - More than 5000 pages processed: Pages disclosed - Number of days: 121 to 180 days,Demandes auprès des services juridiques - Plus de 5 000 pages traitées : Pages communiquées - Nombre de jours : 121 à 180,
Q8_1Row6Cell10,8,Section 8: Completion time of consultations on Cabinet confidences,Section 8 : Délais de traitement des demandes de consultation sur les documents confidentiels du Cabinet,8.1,8.1 Requests with Legal Services,8.1 Demandes auprès des services juridiques,Requests with legal services - More than 5000 pages processed: Pages disclosed - Number of days: 181 to 365 days,Demandes auprès des services juridiques - Plus de 5 000 pages traitées : Pages communiquées - Nombre de jours : 181 à 365,
Q8_1Row7Cell10,8,Section 8: Completion time of consultations on Cabinet confidences,Section 8 : Délais de traitement des demandes de consultation sur les documents confidentiels du Cabinet,8.1,8.1 Requests with Legal Services,8.1 Demandes auprès des services juridiques,Requests with legal services - More than 5000 pages processed: Pages disclosed - Number of days: more than 365 days,Demandes auprès des services juridiques - Plus de 5 000 pages traitées : Pages communiquées - Nombre de jours : Plus de 365,
Q8_1Row8Cell10,8,Section 8: Completion time of consultations on Cabinet confidences,Section 8 : Délais de traitement des demandes de consultation sur les documents confidentiels du Cabinet,8.1,8.1 Requests with Legal Services,8.1 Demandes auprès des services juridiques,Requests with legal services - Total of More than 5000 pages processed - Pages disclosed,Demandes auprès des services juridiques - Total of Plus de 5 000 pages traitées : Pages communiquées,
Q8_2Row1Cell1,8,Section 8: Completion time of consultations on Cabinet confidences,Section 8 : Délais de traitement des demandes de consultation sur les documents confidentiels du Cabinet,8.2,8.2 Requests with Privy Council Office,8.2 Demandes auprès du Bureau du Conseil privé,Requests with Privy Council Office - Fewer than 100 pages processed: Number of requests - Number of days: 1 to 15 days,Demandes auprès du Bureau du Conseil privé - Moins de 100 pages traitées : Nombre de demandes - Nombre de jours : 1 à 15,
Q8_2Row2Cell1,8,Section 8: Completion time of consultations on Cabinet confidences,Section 8 : Délais de traitement des demandes de consultation sur les documents confidentiels du Cabinet,8.2,8.2 Requests with Privy Council Office,8.2 Demandes auprès du Bureau du Conseil privé,Requests with Privy Council Office - Fewer Than 100 Pages Processed - Number of requests for 16 to 30 days,Demandes auprès du Bureau du Conseil privé - Moins de 100 pages traitées : Nombre de demandes - Nombre de jours : 16 à 30,
Q8_2Row3Cell1,8,Section 8: Completion time of consultations on Cabinet confidences,Section 8 : Délais de traitement des demandes de consultation sur les documents confidentiels du Cabinet,8.2,8.2 Requests with Privy Council Office,8.2 Demandes auprès du Bureau du Conseil privé,Requests with Privy Council Office - Fewer Than 100 Pages Processed - Number of requests for 31 to 60 days,Demandes auprès du Bureau du Conseil privé - Moins de 100 pages traitées : Nombre de demandes - Nombre de jours : 31 à 60,
Q8_2Row4Cell1,8,Section 8: Completion time of consultations on Cabinet confidences,Section 8 : Délais de traitement des demandes de consultation sur les documents confidentiels du Cabinet,8.2,8.2 Requests with Privy Council Office,8.2 Demandes auprès du Bureau du Conseil privé,Requests with Privy Council Office - Fewer Than 100 Pages Processed - Number of requests for 61 to 120 days,Demandes auprès du Bureau du Conseil privé - Moins de 100 pages traitées : Nombre de demandes - Nombre de jours : 61 à 120,
Q8_2Row5Cell1,8,Section 8: Completion time of consultations on Cabinet confidences,Section 8 : Délais de traitement des demandes de consultation sur les documents confidentiels du Cabinet,8.2,8.2 Requests with Privy Council Office,8.2 Demandes auprès du Bureau du Conseil privé,Requests with Privy Council Office - Fewer Than 100 Pages Processed - Number of requests for 121 to 180 days,Demandes auprès du Bureau du Conseil privé - Moins de 100 pages traitées : Nombre de demandes - Nombre de jours : 121 à 180,
Q8_2Row6Cell1,8,Section 8: Completion time of consultations on Cabinet confidences,Section 8 : Délais de traitement des demandes de consultation sur les documents confidentiels du Cabinet,8.2,8.2 Requests with Privy Council Office,8.2 Demandes auprès du Bureau du Conseil privé,Requests with Privy Council Office - Fewer Than 100 Pages Processed - Number of requests for 181 to 365 days,Demandes auprès du Bureau du Conseil privé - Moins de 100 pages traitées : Nombre de demandes de 181 à 365 jours,
Q8_2Row7Cell1,8,Section 8: Completion time of consultations on Cabinet confidences,Section 8 : Délais de traitement des demandes de consultation sur les documents confidentiels du Cabinet,8.2,8.2 Requests with Privy Council Office,8.2 Demandes auprès du Bureau du Conseil privé,Requests with Privy Council Office - Fewer Than 100 Pages Processed - Number of requests for more than 365 days,Demandes auprès du Bureau du Conseil privé - Moins de 100 pages traitées : Nombre de demandes - Nombre de jours : plus de 365,
Q8_2Row8Cell1,8,Section 8: Completion time of consultations on Cabinet confidences,Section 8 : Délais de traitement des demandes de consultation sur les documents confidentiels du Cabinet,8.2,8.2 Requests with Privy Council Office,8.2 Demandes auprès du Bureau du Conseil privé,Requests with Privy Council Office - Total of fewer Than 100 Pages Processed - Number of requests,Demandes auprès du Bureau du Conseil privé - Total Moins de 100 pages traitées : Nombre de demandes,
Q8_2Row1Cell2,8,Section 8: Completion time of consultations on Cabinet confidences,Section 8 : Délais de traitement des demandes de consultation sur les documents confidentiels du Cabinet,8.2,8.2 Requests with Privy Council Office,8.2 Demandes auprès du Bureau du Conseil privé,Requests with Privy Council Office - Fewer than 100 pages processed: Pages disclosed - Number of days: 1 to 15 days,Demandes auprès du Bureau du Conseil privé - Moins de 100 pages traitées : Pages communiquées - Nombre de jours : 1 à 15,
Q8_2Row2Cell2,8,Section 8: Completion time of consultations on Cabinet confidences,Section 8 : Délais de traitement des demandes de consultation sur les documents confidentiels du Cabinet,8.2,8.2 Requests with Privy Council Office,8.2 Demandes auprès du Bureau du Conseil privé,Requests with Privy Council Office - Fewer than 100 pages processed: Pages disclosed - Number of days: 16 to 30 days,Demandes auprès du Bureau du Conseil privé - Moins de 100 pages traitées : Pages communiquées - Nombre de jours : 16 à 30,
Q8_2Row3Cell2,8,Section 8: Completion time of consultations on Cabinet confidences,Section 8 : Délais de traitement des demandes de consultation sur les documents confidentiels du Cabinet,8.2,8.2 Requests with Privy Council Office,8.2 Demandes auprès du Bureau du Conseil privé,Requests with Privy Council Office - Fewer than 100 pages processed: Pages disclosed - Number of days: 31 to 60 days,Demandes auprès du Bureau du Conseil privé - Moins de 100 pages traitées : Pages communiquées - Nombre de jours : 31 à 60,
Q8_2Row4Cell2,8,Section 8: Completion time of consultations on Cabinet confidences,Section 8 : Délais de traitement des demandes de consultation sur les documents confidentiels du Cabinet,8.2,8.2 Requests with Privy Council Office,8.2 Demandes auprès du Bureau du Conseil privé,Requests with Privy Council Office - Fewer than 100 pages processed: Pages disclosed - Number of days: 61 to 120 days,Demandes auprès du Bureau du Conseil privé - Moins de 100 pages traitées : Pages communiquées - Nombre de jours : 61 à 120,
Q8_2Row5Cell2,8,Section 8: Completion time of consultations on Cabinet confidences,Section 8 : Délais de traitement des demandes de consultation sur les documents confidentiels du Cabinet,8.2,8.2 Requests with Privy Council Office,8.2 Demandes auprès du Bureau du Conseil privé,Requests with Privy Council Office - Fewer than 100 pages processed: Pages disclosed - Number of days: 121 to 180 days,Demandes auprès du Bureau du Conseil privé - Moins de 100 pages traitées : Pages communiquées - Nombre de jours : 121 à 180,
Q8_2Row6Cell2,8,Section 8: Completion time of consultations on Cabinet confidences,Section 8 : Délais de traitement des demandes de consultation sur les documents confidentiels du Cabinet,8.2,8.2 Requests with Privy Council Office,8.2 Demandes auprès du Bureau du Conseil privé,Requests with Privy Council Office - Fewer than 100 pages processed: Pages disclosed - Number of days: 181 to 365 days,Demandes auprès du Bureau du Conseil privé - Moins de 100 pages traitées : Pages communiquées de 181 à 365 jours,
Q8_2Row7Cell2,8,Section 8: Completion time of consultations on Cabinet confidences,Section 8 : Délais de traitement des demandes de consultation sur les documents confidentiels du Cabinet,8.2,8.2 Requests with Privy Council Office,8.2 Demandes auprès du Bureau du Conseil privé,Requests with Privy Council Office - Fewer than 100 pages processed: Pages disclosed - Number of days: more than 365 days,Demandes auprès du Bureau du Conseil privé - Moins de 100 pages traitées : Pages communiquées - Nombre de jours : plus de 365,
Q8_2Row8Cell2,8,Section 8: Completion time of consultations on Cabinet confidences,Section 8 : Délais de traitement des demandes de consultation sur les documents confidentiels du Cabinet,8.2,8.2 Requests with Privy Council Office,8.2 Demandes auprès du Bureau du Conseil privé,Requests with Privy Council Office - Total of fewer Than 100 Pages Processed - Pages disclosed,Demandes auprès du Bureau du Conseil privé - Total Moins de 100 pages traitées : Pages communiquées,
Q8_2Row1Cell3,8,Section 8: Completion time of consultations on Cabinet confidences,Section 8 : Délais de traitement des demandes de consultation sur les documents confidentiels du Cabinet,8.2,8.2 Requests with Privy Council Office,8.2 Demandes auprès du Bureau du Conseil privé,Requests with Privy Council Office - 100-500 pages processed: Number of requests - Number of days: 1 to 15 days,Demandes auprès du Bureau du Conseil privé - De 100 à 500 pages traitées : Nombre de demandes - Nombre de jours : 1 à 15,
Q8_2Row2Cell3,8,Section 8: Completion time of consultations on Cabinet confidences,Section 8 : Délais de traitement des demandes de consultation sur les documents confidentiels du Cabinet,8.2,8.2 Requests with Privy Council Office,8.2 Demandes auprès du Bureau du Conseil privé,Requests with Privy Council Office - 100-500 pages processed: Number of requests - Number of days: 16 to 30 days,Demandes auprès du Bureau du Conseil privé - De 100 à 500 pages traitées : Nombre de demandes - Nombre de jours : 16 à 30,
Q8_2Row3Cell3,8,Section 8: Completion time of consultations on Cabinet confidences,Section 8 : Délais de traitement des demandes de consultation sur les documents confidentiels du Cabinet,8.2,8.2 Requests with Privy Council Office,8.2 Demandes auprès du Bureau du Conseil privé,Requests with Privy Council Office - 100-500 pages processed: Number of requests - Number of days: 31 to 60 days,Demandes auprès du Bureau du Conseil privé - De 100 à 500 pages traitées : Nombre de demandes - Nombre de jours : 31 à 60,
Q8_2Row4Cell3,8,Section 8: Completion time of consultations on Cabinet confidences,Section 8 : Délais de traitement des demandes de consultation sur les documents confidentiels du Cabinet,8.2,8.2 Requests with Privy Council Office,8.2 Demandes auprès du Bureau du Conseil privé,Requests with Privy Council Office - 100-500 pages processed: Number of requests - Number of days: 61 to 120 days,Demandes auprès du Bureau du Conseil privé - De 100 à 500 pages traitées : Nombre de demandes - Nombre de jours : 61 à 120,
Q8_2Row5Cell3,8,Section 8: Completion time of consultations on Cabinet confidences,Section 8 : Délais de traitement des demandes de consultation sur les documents confidentiels du Cabinet,8.2,8.2 Requests with Privy Council Office,8.2 Demandes auprès du Bureau du Conseil privé,Requests with Privy Council Office - 100-500 pages processed: Number of requests - Number of days: 121 to 180 days,Demandes auprès du Bureau du Conseil privé - De 100 à 500 pages traitées : Nombre de demandes - Nombre de jours : 121 à 180,
Q8_2Row6Cell3,8,Section 8: Completion time of consultations on Cabinet confidences,Section 8 : Délais de traitement des demandes de consultation sur les documents confidentiels du Cabinet,8.2,8.2 Requests with Privy Council Office,8.2 Demandes auprès du Bureau du Conseil privé,Requests with Privy Council Office - 100-500 pages processed: Number of requests - Number of days: 181 to 365 days,Demandes auprès du Bureau du Conseil privé - De 100 à 500 pages traitées : Nombre de demandes de 181 à 365 jours,
Q8_2Row7Cell3,8,Section 8: Completion time of consultations on Cabinet confidences,Section 8 : Délais de traitement des demandes de consultation sur les documents confidentiels du Cabinet,8.2,8.2 Requests with Privy Council Office,8.2 Demandes auprès du Bureau du Conseil privé,Requests with Privy Council Office - 100-500 pages processed: Number of requests - Number of days: more than 365 days,Demandes auprès du Bureau du Conseil privé - De 100 à 500 pages traitées : Nombre de demandes - Nombre de jours : plus de 365,
Q8_2Row8Cell3,8,Section 8: Completion time of consultations on Cabinet confidences,Section 8 : Délais de traitement des demandes de consultation sur les documents confidentiels du Cabinet,8.2,8.2 Requests with Privy Council Office,8.2 Demandes auprès du Bureau du Conseil privé,Requests with Privy Council Office - Total of 100-500 pages processed - Number of requests,Demandes auprès du Bureau du Conseil privé - Total De 100 à 500 pages traitées : Nombre de demandes,
Q8_2Row1Cell4,8,Section 8: Completion time of consultations on Cabinet confidences,Section 8 : Délais de traitement des demandes de consultation sur les documents confidentiels du Cabinet,8.2,8.2 Requests with Privy Council Office,8.2 Demandes auprès du Bureau du Conseil privé,Requests with Privy Council Office - 100-500 pages processed: Pages disclosed - Number of days: 1 to 15 days,Demandes auprès du Bureau du Conseil privé - De 100 à 500 pages traitées : Pages communiquées - Nombre de jours : 1 à 15,
Q8_2Row2Cell4,8,Section 8: Completion time of consultations on Cabinet confidences,Section 8 : Délais de traitement des demandes de consultation sur les documents confidentiels du Cabinet,8.2,8.2 Requests with Privy Council Office,8.2 Demandes auprès du Bureau du Conseil privé,Requests with Privy Council Office - 100-500 pages processed: Pages disclosed - Number of days: 16 to 30 days,Demandes auprès du Bureau du Conseil privé - De 100 à 500 pages traitées : Pages communiquées - Nombre de jours : 16 à 30,
Q8_2Row3Cell4,8,Section 8: Completion time of consultations on Cabinet confidences,Section 8 : Délais de traitement des demandes de consultation sur les documents confidentiels du Cabinet,8.2,8.2 Requests with Privy Council Office,8.2 Demandes auprès du Bureau du Conseil privé,Requests with Privy Council Office - 100-500 pages processed: Pages disclosed - Number of days: 31 to 60 days,Demandes auprès du Bureau du Conseil privé - De 100 à 500 pages traitées : Pages communiquées - Nombre de jours : 31 à 60,
Q8_2Row4Cell4,8,Section 8: Completion time of consultations on Cabinet confidences,Section 8 : Délais de traitement des demandes de consultation sur les documents confidentiels du Cabinet,8.2,8.2 Requests with Privy Council Office,8.2 Demandes auprès du Bureau du Conseil privé,Requests with Privy Council Office - 100-500 pages processed: Pages disclosed - Number of days: 61 to 120 days,Demandes auprès du Bureau du Conseil privé - De 100 à 500 pages traitées : Pages communiquées - Nombre de jours : 61 à 120,
Q8_2Row5Cell4,8,Section 8: Completion time of consultations on Cabinet confidences,Section 8 : Délais de traitement des demandes de consultation sur les documents confidentiels du Cabinet,8.2,8.2 Requests with Privy Council Office,8.2 Demandes auprès du Bureau du Conseil privé,Requests with Privy Council Office - 100-500 pages processed: Pages disclosed - Number of days: 121 to 180 days,Demandes auprès du Bureau du Conseil privé - De 100 à 500 pages traitées : Pages communiquées - Nombre de jours : 121 à 180,
Q8_2Row6Cell4,8,Section 8: Completion time of consultations on Cabinet confidences,Section 8 : Délais de traitement des demandes de consultation sur les documents confidentiels du Cabinet,8.2,8.2 Requests with Privy Council Office,8.2 Demandes auprès du Bureau du Conseil privé,Requests with Privy Council Office - 100-500 pages processed: Pages disclosed - Number of days: 181 to 365 days,Demandes auprès du Bureau du Conseil privé - De 100 à 500 pages traitées : Pages communiquées de 181 à 365 jours,
Q8_2Row7Cell4,8,Section 8: Completion time of consultations on Cabinet confidences,Section 8 : Délais de traitement des demandes de consultation sur les documents confidentiels du Cabinet,8.2,8.2 Requests with Privy Council Office,8.2 Demandes auprès du Bureau du Conseil privé,Requests with Privy Council Office - 100-500 pages processed: Pages disclosed - Number of days: more than 365 days,Demandes auprès du Bureau du Conseil privé - De 100 à 500 pages traitées : Pages communiquées - Nombre de jours : plus de 365,
Q8_2Row8Cell4,8,Section 8: Completion time of consultations on Cabinet confidences,Section 8 : Délais de traitement des demandes de consultation sur les documents confidentiels du Cabinet,8.2,8.2 Requests with Privy Council Office,8.2 Demandes auprès du Bureau du Conseil privé,Requests with Privy Council Office - Total of 100-500 pages processed - Pages disclosed,Demandes auprès du Bureau du Conseil privé - Total De 100 à 500 pages traitées : Pages communiquées,
Q8_2Row1Cell5,8,Section 8: Completion time of consultations on Cabinet confidences,Section 8 : Délais de traitement des demandes de consultation sur les documents confidentiels du Cabinet,8.2,8.2 Requests with Privy Council Office,8.2 Demandes auprès du Bureau du Conseil privé,Requests with Privy Council Office - 501-1000 pages processed: Number of requests - Number of days: 1 to 15 days,Demandes auprès du Bureau du Conseil privé - De 501 à 1 000 pages traitées : Nombre de demandes - Nombre de jours : 1 à 15,
Q8_2Row2Cell5,8,Section 8: Completion time of consultations on Cabinet confidences,Section 8 : Délais de traitement des demandes de consultation sur les documents confidentiels du Cabinet,8.2,8.2 Requests with Privy Council Office,8.2 Demandes auprès du Bureau du Conseil privé,Requests with Privy Council Office - 501-1000 pages processed: Number of requests - Number of days: 16 to 30 days,Demandes auprès du Bureau du Conseil privé - De 501 à 1 000 pages traitées : Nombre de demandes - Nombre de jours : 16 à 30,
Q8_2Row3Cell5,8,Section 8: Completion time of consultations on Cabinet confidences,Section 8 : Délais de traitement des demandes de consultation sur les documents confidentiels du Cabinet,8.2,8.2 Requests with Privy Council Office,8.2 Demandes auprès du Bureau du Conseil privé,Requests with Privy Council Office - 501-1000 pages processed: Number of requests - Number of days: 31 to 60 days,Demandes auprès du Bureau du Conseil privé - De 501 à 1 000 pages traitées : Nombre de demandes - Nombre de jours : 31 à 60,
Q8_2Row4Cell5,8,Section 8: Completion time of consultations on Cabinet confidences,Section 8 : Délais de traitement des demandes de consultation sur les documents confidentiels du Cabinet,8.2,8.2 Requests with Privy Council Office,8.2 Demandes auprès du Bureau du Conseil privé,Requests with Privy Council Office - 501-1000 pages processed: Number of requests - Number of days: 61 to 120 days,Demandes auprès du Bureau du Conseil privé - De 501 à 1 000 pages traitées : Nombre de demandes - Nombre de jours : 61 à 120,
Q8_2Row5Cell5,8,Section 8: Completion time of consultations on Cabinet confidences,Section 8 : Délais de traitement des demandes de consultation sur les documents confidentiels du Cabinet,8.2,8.2 Requests with Privy Council Office,8.2 Demandes auprès du Bureau du Conseil privé,Requests with Privy Council Office - 501-1000 pages processed: Number of requests - Number of days: 121 to 180 days,Demandes auprès du Bureau du Conseil privé - De 501 à 1 000 pages traitées : Nombre de demandes - Nombre de jours : 121 à 180,
Q8_2Row6Cell5,8,Section 8: Completion time of consultations on Cabinet confidences,Section 8 : Délais de traitement des demandes de consultation sur les documents confidentiels du Cabinet,8.2,8.2 Requests with Privy Council Office,8.2 Demandes auprès du Bureau du Conseil privé,Requests with Privy Council Office - 501-1000 pages processed: Number of requests - Number of days: 181 to 365 days,Demandes auprès du Bureau du Conseil privé - De 501 à 1 000 pages traitées : Nombre de demandes de 181 à 365 jours,
Q8_2Row7Cell5,8,Section 8: Completion time of consultations on Cabinet confidences,Section 8 : Délais de traitement des demandes de consultation sur les documents confidentiels du Cabinet,8.2,8.2 Requests with Privy Council Office,8.2 Demandes auprès du Bureau du Conseil privé,Requests with Privy Council Office - 501-1000 pages processed: Number of requests - Number of days: more than 365 days,Demandes auprès du Bureau du Conseil privé - De 501 à 1 000 pages traitées : Nombre de demandes - Nombre de jours : plus de 365,
Q8_2Row8Cell5,8,Section 8: Completion time of consultations on Cabinet confidences,Section 8 : Délais de traitement des demandes de consultation sur les documents confidentiels du Cabinet,8.2,8.2 Requests with Privy Council Office,8.2 Demandes auprès du Bureau du Conseil privé,Requests with Privy Council Office - Total of 501-1000 pages processed - Number of requests,Demandes auprès du Bureau du Conseil privé - Total De 501 à 1 000 pages traitées : Nombre de demandes,
Q8_2Row1Cell6,8,Section 8: Completion time of consultations on Cabinet confidences,Section 8 : Délais de traitement des demandes de consultation sur les documents confidentiels du Cabinet,8.2,8.2 Requests with Privy Council Office,8.2 Demandes auprès du Bureau du Conseil privé,Requests with Privy Council Office - 501-1000 pages processed: Pages disclosed - Number of days: 1 to 15 days,Demandes auprès du Bureau du Conseil privé - De 501 à 1 000 pages traitées : Pages communiquées - Nombre de jours : 1 à 15,
Q8_2Row2Cell6,8,Section 8: Completion time of consultations on Cabinet confidences,Section 8 : Délais de traitement des demandes de consultation sur les documents confidentiels du Cabinet,8.2,8.2 Requests with Privy Council Office,8.2 Demandes auprès du Bureau du Conseil privé,Requests with Privy Council Office - 501-1000 pages processed: Pages disclosed - Number of days: 16 to 30 days,Demandes auprès du Bureau du Conseil privé - De 501 à 1 000 pages traitées : Pages communiquées - Nombre de jours : 16 à 30,
Q8_2Row3Cell6,8,Section 8: Completion time of consultations on Cabinet confidences,Section 8 : Délais de traitement des demandes de consultation sur les documents confidentiels du Cabinet,8.2,8.2 Requests with Privy Council Office,8.2 Demandes auprès du Bureau du Conseil privé,Requests with Privy Council Office - 501-1000 pages processed: Pages disclosed - Number of days: 31 to 60 days,Demandes auprès du Bureau du Conseil privé - De 501 à 1 000 pages traitées : Pages communiquées - Nombre de jours : 31 à 60,
Q8_2Row4Cell6,8,Section 8: Completion time of consultations on Cabinet confidences,Section 8 : Délais de traitement des demandes de consultation sur les documents confidentiels du Cabinet,8.2,8.2 Requests with Privy Council Office,8.2 Demandes auprès du Bureau du Conseil privé,Requests with Privy Council Office - 501-1000 pages processed: Pages disclosed - Number of days: 61 to 120 days,Demandes auprès du Bureau du Conseil privé - De 501 à 1 000 pages traitées : Pages communiquées - Nombre de jours : 61 à 120,
Q8_2Row5Cell6,8,Section 8: Completion time of consultations on Cabinet confidences,Section 8 : Délais de traitement des demandes de consultation sur les documents confidentiels du Cabinet,8.2,8.2 Requests with Privy Council Office,8.2 Demandes auprès du Bureau du Conseil privé,Requests with Privy Council Office - 501-1000 pages processed: Pages disclosed - Number of days: 121 to 180 days,Demandes auprès du Bureau du Conseil privé - De 501 à 1 000 pages traitées : Pages communiquées - Nombre de jours : 121 à 180,
Q8_2Row6Cell6,8,Section 8: Completion time of consultations on Cabinet confidences,Section 8 : Délais de traitement des demandes de consultation sur les documents confidentiels du Cabinet,8.2,8.2 Requests with Privy Council Office,8.2 Demandes auprès du Bureau du Conseil privé,Requests with Privy Council Office - 501-1000 pages processed: Pages disclosed - Number of days: 181 to 365 days,Demandes auprès du Bureau du Conseil privé - De 501 à 1 000 pages traitées : Pages communiquées de 181 à 365 jours,
Q8_2Row7Cell6,8,Section 8: Completion time of consultations on Cabinet confidences,Section 8 : Délais de traitement des demandes de consultation sur les documents confidentiels du Cabinet,8.2,8.2 Requests with Privy Council Office,8.2 Demandes auprès du Bureau du Conseil privé,Requests with Privy Council Office - 501-1000 pages processed: Pages disclosed - Number of days: more than 365 days,Demandes auprès du Bureau du Conseil privé - De 501 à 1 000 pages traitées : Pages communiquées - Nombre de jours : plus de 365,
Q8_2Row8Cell6,8,Section 8: Completion time of consultations on Cabinet confidences,Section 8 : Délais de traitement des demandes de consultation sur les documents confidentiels du Cabinet,8.2,8.2 Requests with Privy Council Office,8.2 Demandes auprès du Bureau du Conseil privé,Requests with Privy Council Office - Total of 501-1000 pages processed - Pages disclosed,Demandes auprès du Bureau du Conseil privé - Total De 501 à 1 000 pages traitées : Pages communiquées,
Q8_2Row1Cell7,8,Section 8: Completion time of consultations on Cabinet confidences,Section 8 : Délais de traitement des demandes de consultation sur les documents confidentiels du Cabinet,8.2,8.2 Requests with Privy Council Office,8.2 Demandes auprès du Bureau du Conseil privé,Requests with Privy Council Office - 1001-5000 pages processed: Number of requests - Number of days: 1 to 15 days,Demandes auprès du Bureau du Conseil privé - De 1 001 à 5 000 pages traitées : Nombre de demandes - Nombre de jours : 1 à 15,
Q8_2Row2Cell7,8,Section 8: Completion time of consultations on Cabinet confidences,Section 8 : Délais de traitement des demandes de consultation sur les documents confidentiels du Cabinet,8.2,8.2 Requests with Privy Council Office,8.2 Demandes auprès du Bureau du Conseil privé,Requests with Privy Council Office - 1001-5000 pages processed: Number of requests - Number of days: 16 to 30 days,Demandes auprès du Bureau du Conseil privé - De 1 001 à 5 000 pages traitées : Nombre de demandes - Nombre de jours : 16 à 30,
Q8_2Row3Cell7,8,Section 8: Completion time of consultations on Cabinet confidences,Section 8 : Délais de traitement des demandes de consultation sur les documents confidentiels du Cabinet,8.2,8.2 Requests with Privy Council Office,8.2 Demandes auprès du Bureau du Conseil privé,Requests with Privy Council Office - 1001-5000 pages processed: Number of requests - Number of days: 31 to 60 days,Demandes auprès du Bureau du Conseil privé - De 1 001 à 5 000 pages traitées : Nombre de demandes - Nombre de jours : 31 à 60,
Q8_2Row4Cell7,8,Section 8: Completion time of consultations on Cabinet confidences,Section 8 : Délais de traitement des demandes de consultation sur les documents confidentiels du Cabinet,8.2,8.2 Requests with Privy Council Office,8.2 Demandes auprès du Bureau du Conseil privé,Requests with Privy Council Office - 1001-5000 pages processed: Number of requests - Number of days: 61 to 120 days,Demandes auprès du Bureau du Conseil privé - De 1 001 à 5 000 pages traitées : Nombre de demandes - Nombre de jours : 61 à 120,
Q8_2Row5Cell7,8,Section 8: Completion time of consultations on Cabinet confidences,Section 8 : Délais de traitement des demandes de consultation sur les documents confidentiels du Cabinet,8.2,8.2 Requests with Privy Council Office,8.2 Demandes auprès du Bureau du Conseil privé,Requests with Privy Council Office - 1001-5000 pages processed: Number of requests - Number of days: 121 to 180 days,Demandes auprès du Bureau du Conseil privé - De 1 001 à 5 000 pages traitées : Nombre de demandes - Nombre de jours : 121 à 180,
Q8_2Row6Cell7,8,Section 8: Completion time of consultations on Cabinet confidences,Section 8 : Délais de traitement des demandes de consultation sur les documents confidentiels du Cabinet,8.2,8.2 Requests with Privy Council Office,8.2 Demandes auprès du Bureau du Conseil privé,Requests with Privy Council Office - 1001-5000 pages processed: Number of requests - Number of days: 181 to 365 days,Demandes auprès du Bureau du Conseil privé - De 1 001 à 5 000 pages traitées : Nombre de demandes de 181 à 365 jours,
Q8_2Row7Cell7,8,Section 8: Completion time of consultations on Cabinet confidences,Section 8 : Délais de traitement des demandes de consultation sur les documents confidentiels du Cabinet,8.2,8.2 Requests with Privy Council Office,8.2 Demandes auprès du Bureau du Conseil privé,Requests with Privy Council Office - 1001-5000 pages processed: Number of requests - Number of days: more than 365 days,Demandes auprès du Bureau du Conseil privé - De 1 001 à 5 000 pages traitées : Nombre de demandes - Nombre de jours : plus de 365,
Q8_2Row8Cell7,8,Section 8: Completion time of consultations on Cabinet confidences,Section 8 : Délais de traitement des demandes de consultation sur les documents confidentiels du Cabinet,8.2,8.2 Requests with Privy Council Office,8.2 Demandes auprès du Bureau du Conseil privé,Requests with Privy Council Office - Total of 1001-5000 pages processed - Number of requests,Demandes auprès du Bureau du Conseil privé - Total De 1 001 à 5 000 pages traitées : Nombre de demandes,
Q8_2Row1Cell8,8,Section 8: Completion time of consultations on Cabinet confidences,Section 8 : Délais de traitement des demandes de consultation sur les documents confidentiels du Cabinet,8.2,8.2 Requests with Privy Council Office,8.2 Demandes auprès du Bureau du Conseil privé,Requests with Privy Council Office - 1001-5000 pages processed: Pages disclosed - Number of days: 1 to 15 days,Demandes auprès du Bureau du Conseil privé - De 1 001 à 5 000 pages traitées : Pages communiquées - Nombre de jours : 1 à 15,
Q8_2Row2Cell8,8,Section 8: Completion time of consultations on Cabinet confidences,Section 8 : Délais de traitement des demandes de consultation sur les documents confidentiels du Cabinet,8.2,8.2 Requests with Privy Council Office,8.2 Demandes auprès du Bureau du Conseil privé,Requests with Privy Council Office - 1001-5000 pages processed: Pages disclosed - Number of days: 16 to 30 days,Demandes auprès du Bureau du Conseil privé - De 1 001 à 5 000 pages traitées : Pages communiquées - Nombre de jours : 16 à 30,
Q8_2Row3Cell8,8,Section 8: Completion time of consultations on Cabinet confidences,Section 8 : Délais de traitement des demandes de consultation sur les documents confidentiels du Cabinet,8.2,8.2 Requests with Privy Council Office,8.2 Demandes auprès du Bureau du Conseil privé,Requests with Privy Council Office - 1001-5000 pages processed: Pages disclosed - Number of days: 31 to 60 days,Demandes auprès du Bureau du Conseil privé - De 1 001 à 5 000 pages traitées : Pages communiquées - Nombre de jours : 31 à 60,
Q8_2Row4Cell8,8,Section 8: Completion time of consultations on Cabinet confidences,Section 8 : Délais de traitement des demandes de consultation sur les documents confidentiels du Cabinet,8.2,8.2 Requests with Privy Council Office,8.2 Demandes auprès du Bureau du Conseil privé,Requests with Privy Council Office - 1001-5000 pages processed: Pages disclosed - Number of days: 61 to 120 days,Demandes auprès du Bureau du Conseil privé - De 1 001 à 5 000 pages traitées : Pages communiquées - Nombre de jours : 61 à 120,
Q8_2Row5Cell8,8,Section 8: Completion time of consultations on Cabinet confidences,Section 8 : Délais de traitement des demandes de consultation sur les documents confidentiels du Cabinet,8.2,8.2 Requests with Privy Council Office,8.2 Demandes auprès du Bureau du Conseil privé,Requests with Privy Council Office - 1001-5000 pages processed: Pages disclosed - Number of days: 121 to 180 days,Demandes auprès du Bureau du Conseil privé - De 1 001 à 5 000 pages traitées : Pages communiquées - Nombre de jours : 121 à 180,
Q8_2Row6Cell8,8,Section 8: Completion time of consultations on Cabinet confidences,Section 8 : Délais de traitement des demandes de consultation sur les documents confidentiels du Cabinet,8.2,8.2 Requests with Privy Council Office,8.2 Demandes auprès du Bureau du Conseil privé,Requests with Privy Council Office - 1001-5000 pages processed: Pages disclosed - Number of days: 181 to 365 days,Demandes auprès du Bureau du Conseil privé - De 1 001 à 5 000 pages traitées : Pages communiquées de 181 à 365 jours,
Q8_2Row7Cell8,8,Section 8: Completion time of consultations on Cabinet confidences,Section 8 : Délais de traitement des demandes de consultation sur les documents confidentiels du Cabinet,8.2,8.2 Requests with Privy Council Office,8.2 Demandes auprès du Bureau du Conseil privé,Requests with Privy Council Office - 1001-5000 pages processed: Pages disclosed - Number of days: more than 365 days,Demandes auprès du Bureau du Conseil privé - De 1 001 à 5 000 pages traitées : Pages communiquées - Nombre de jours : plus de 365 jours,
Q8_2Row8Cell8,8,Section 8: Completion time of consultations on Cabinet confidences,Section 8 : Délais de traitement des demandes de consultation sur les documents confidentiels du Cabinet,8.2,8.2 Requests with Privy Council Office,8.2 Demandes auprès du Bureau du Conseil privé,Requests with Privy Council Office - Total of 1001-5000 pages processed - Pages disclosed,Demandes auprès du Bureau du Conseil privé - Total De 1 001 à 5 000 pages traitées : Pages communiquées,
Q8_2Row1Cell9,8,Section 8: Completion time of consultations on Cabinet confidences,Section 8 : Délais de traitement des demandes de consultation sur les documents confidentiels du Cabinet,8.2,8.2 Requests with Privy Council Office,8.2 Demandes auprès du Bureau du Conseil privé,Requests with Privy Council Office - More than 5000 pages processed: Number of requests - Number of days: 1 to 15 days,Demandes auprès du Bureau du Conseil privé - Plus de 5 000 pages traitées : Nombre de demandes - Nombre de jours : 1 à 15,
Q8_2Row2Cell9,8,Section 8: Completion time of consultations on Cabinet confidences,Section 8 : Délais de traitement des demandes de consultation sur les documents confidentiels du Cabinet,8.2,8.2 Requests with Privy Council Office,8.2 Demandes auprès du Bureau du Conseil privé,Requests with Privy Council Office - More than 5000 pages processed: Number of requests - Number of days: 16 to 30 days,Demandes auprès du Bureau du Conseil privé - Plus de 5 000 pages traitées : Nombre de demandes - Nombre de jours : 16 à 30,
Q8_2Row3Cell9,8,Section 8: Completion time of consultations on Cabinet confidences,Section 8 : Délais de traitement des demandes de consultation sur les documents confidentiels du Cabinet,8.2,8.2 Requests with Privy Council Office,8.2 Demandes auprès du Bureau du Conseil privé,Requests with Privy Council Office - More than 5000 pages processed: Number of requests - Number of days: 31 to 60 days,Demandes auprès du Bureau du Conseil privé - Plus de 5 000 pages traitées : Nombre de demandes - Nombre de jours : 31 à 60,
Q8_2Row4Cell9,8,Section 8: Completion time of consultations on Cabinet confidences,Section 8 : Délais de traitement des demandes de consultation sur les documents confidentiels du Cabinet,8.2,8.2 Requests with Privy Council Office,8.2 Demandes auprès du Bureau du Conseil privé,Requests with Privy Council Office - More than 5000 pages processed: Number of requests - Number of days: 61 to 120 days,Demandes auprès du Bureau du Conseil privé - Plus de 5 000 pages traitées : Nombre de demandes - Nombre de jours : 61 à 120,
Q8_2Row5Cell9,8,Section 8: Completion time of consultations on Cabinet confidences,Section 8 : Délais de traitement des demandes de consultation sur les documents confidentiels du Cabinet,8.2,8.2 Requests with Privy Council Office,8.2 Demandes auprès du Bureau du Conseil privé,Requests with Privy Council Office - More than 5000 pages processed: Number of requests - Number of days: 121 to 180 days,Demandes auprès du Bureau du Conseil privé - Plus de 5 000 pages traitées : Nombre de demandes - Nombre de jours : 121 à 180,
Q8_2Row6Cell9,8,Section 8: Completion time of consultations on Cabinet confidences,Section 8 : Délais de traitement des demandes de consultation sur les documents confidentiels du Cabinet,8.2,8.2 Requests with Privy Council Office,8.2 Demandes auprès du Bureau du Conseil privé,Requests with Privy Council Office - More than 5000 pages processed: Number of requests - Number of days: 181 to 365 days,Demandes auprès du Bureau du Conseil privé - Plus de 5 000 pages traitées : Nombre de demandes de 181 à 365 jours,
Q8_2Row7Cell9,8,Section 8: Completion time of consultations on Cabinet confidences,Section 8 : Délais de traitement des demandes de consultation sur les documents confidentiels du Cabinet,8.2,8.2 Requests with Privy Council Office,8.2 Demandes auprès du Bureau du Conseil privé,Requests with Privy Council Office - More than 5000 pages processed: Number of requests - Number of days: more than 365 days,Demandes auprès du Bureau du Conseil privé - Plus de 5 000 pages traitées : Nombre de demandes - Nombre de jours : plus de 365,
Q8_2Row8Cell9,8,Section 8: Completion time of consultations on Cabinet confidences,Section 8 : Délais de traitement des demandes de consultation sur les documents confidentiels du Cabinet,8.2,8.2 Requests with Privy Council Office,8.2 Demandes auprès du Bureau du Conseil privé,Requests with Privy Council Office - Total of More than 5000 pages processed - Number of requests,Demandes auprès du Bureau du Conseil privé - Total Plus de 5 000 pages traitées : Nombre de demandes,
Q8_2Row1Cell10,8,Section 8: Completion time of consultations on Cabinet confidences,Section 8 : Délais de traitement des demandes de consultation sur les documents confidentiels du Cabinet,8.2,8.2 Requests with Privy Council Office,8.2 Demandes auprès du Bureau du Conseil privé,Requests with Privy Council Office - More than 5000 pages processed: Pages disclosed - Number of days: 1 to 15 days,Demandes auprès du Bureau du Conseil privé - Plus de 5 000 pages traitées : Pages communiquées - Nombre de jours : 1 à 15,
Q8_2Row2Cell10,8,Section 8: Completion time of consultations on Cabinet confidences,Section 8 : Délais de traitement des demandes de consultation sur les documents confidentiels du Cabinet,8.2,8.2 Requests with Privy Council Office,8.2 Demandes auprès du Bureau du Conseil privé,Requests with Privy Council Office - More than 5000 pages processed: Pages disclosed - Number of days: 16 to 30 days,Demandes auprès du Bureau du Conseil privé - Plus de 5 000 pages traitées : Pages communiquées - Nombre de jours : 16 à 30,
Q8_2Row3Cell10,8,Section 8: Completion time of consultations on Cabinet confidences,Section 8 : Délais de traitement des demandes de consultation sur les documents confidentiels du Cabinet,8.2,8.2 Requests with Privy Council Office,8.2 Demandes auprès du Bureau du Conseil privé,Requests with Privy Council Office - More than 5000 pages processed: Pages disclosed - Number of days: 31 to 60 days,Demandes auprès du Bureau du Conseil privé - Plus de 5 000 pages traitées : Pages communiquées - Nombre de jours : 31 à 60,
Q8_2Row4Cell10,8,Section 8: Completion time of consultations on Cabinet confidences,Section 8 : Délais de traitement des demandes de consultation sur les documents confidentiels du Cabinet,8.2,8.2 Requests with Privy Council Office,8.2 Demandes auprès du Bureau du Conseil privé,Requests with Privy Council Office - More than 5000 pages processed: Pages disclosed - Number of days: 61 to 120 days,Demandes auprès du Bureau du Conseil privé - Plus de 5 000 pages traitées : Pages communiquées - Nombre de jours : 61 à 120,
Q8_2Row5Cell10,8,Section 8: Completion time of consultations on Cabinet confidences,Section 8 : Délais de traitement des demandes de consultation sur les documents confidentiels du Cabinet,8.2,8.2 Requests with Privy Council Office,8.2 Demandes auprès du Bureau du Conseil privé,Requests with Privy Council Office - More than 5000 pages processed: Pages disclosed - Number of days: 121 to 180 days,Demandes auprès du Bureau du Conseil privé - Plus de 5 000 pages traitées : Pages communiquées - Nombre de jours : 121 à 180,
Q8_2Row6Cell10,8,Section 8: Completion time of consultations on Cabinet confidences,Section 8 : Délais de traitement des demandes de consultation sur les documents confidentiels du Cabinet,8.2,8.2 Requests with Privy Council Office,8.2 Demandes auprès du Bureau du Conseil privé,Requests with Privy Council Office - More than 5000 pages processed: Pages disclosed - Number of days: 181 to 365 days,Demandes auprès du Bureau du Conseil privé - Plus de 5 000 pages traitées : Pages communiquées de 181 à 365 jours,
Q8_2Row7Cell10,8,Section 8: Completion time of consultations on Cabinet confidences,Section 8 : Délais de traitement des demandes de consultation sur les documents confidentiels du Cabinet,8.2,8.2 Requests with Privy Council Office,8.2 Demandes auprès du Bureau du Conseil privé,Requests with Privy Council Office - More than 5000 pages processed: Pages disclosed - Number of days: more than 365 days,Demandes auprès du Bureau du Conseil privé - Plus de 5 000 pages traitées : Pages communiquées - Nombre de jours : plus de 365,
Q8_2Row8Cell10,8,Section 8: Completion time of consultations on Cabinet confidences,Section 8 : Délais de traitement des demandes de consultation sur les documents confidentiels du Cabinet,8.2,8.2 Requests with Privy Council Office,8.2 Demandes auprès du Bureau du Conseil privé,Requests with Privy Council Office - Total of More than 5000 pages processed - Pages disclosed,Demandes auprès du Bureau du Conseil privé - Total Plus de 5 000 pages traitées : Pages communiquées,
Q9Row1Cell1,9,Section 9: Investigations and reports of finding,Section 9 : Enquêtes et comptes rendus de conclusion,9.1,9.1 Investigations,9.1 Enquêtes,Complaints and Investigations - Section 32 Notice of intention to investigate,Plaintes et enquêtes - Article 32 Avis d’enquête,
Q9Row1Cell2,9,Section 9: Investigations and reports of finding,Section 9 : Enquêtes et comptes rendus de conclusion,9.1,9.1 Investigations,9.1 Enquêtes,Complaints and Investigations - Subsection 30(5) Ceased to investigate,Plaintes et enquêtes - Article 30(5) Cessation de l’enquête,
Q9Row1Cell3,9,Section 9: Investigations and reports of finding,Section 9 : Enquêtes et comptes rendus de conclusion,9.1,9.1 Investigations,9.1 Enquêtes,Complaints and Investigations - Section 35 Formal representations,Plaintes et enquêtes - Article 35 Présenter des observations officielles,
Q9_2Row1Cell1,9,Section 9: Investigations and reports of finding,Section 9 : Enquêtes et comptes rendus de conclusion,9.2,9.2 Investigations and reports of finding,9.2 Enquêtes et rapports des conclusions,Investigations and reports of finding - Section 37(1) Initial Reports: Received,Enquêtes et rapports des conclusions - Article 37(1) Comptes rendus initiaux: Reçus,
Q9_2Row1Cell2,9,Section 9: Investigations and reports of finding,Section 9 : Enquêtes et comptes rendus de conclusion,9.2,9.2 Investigations and reports of finding,9.2 Enquêtes et rapports des conclusions,Investigations and reports of finding - Section 37(1) Initial Reports: Containing recommendations issued by the Information Commissioner,Enquêtes et rapports des conclusions - Article 37(1) Comptes rendus initiaux: Contenant des recommandations émis par la Commissaire à l’information,
Q9_2Row1Cell3,9,Section 9: Investigations and reports of finding,Section 9 : Enquêtes et comptes rendus de conclusion,9.2,9.2 Investigations and reports of finding,9.2 Enquêtes et rapports des conclusions,Investigations and reports of finding - Section 37(1) Initial Reports: Containing orders issued by the Information Commissioner,Enquêtes et rapports des conclusions - Article 37(1) Comptes rendus initiaux: Contenant des ordonnances émis par la Commissaire à l’information,
Q9_2Row1Cell4,9,Section 9: Investigations and reports of finding,Section 9 : Enquêtes et comptes rendus de conclusion,9.2,9.2 Investigations and reports of finding,9.2 Enquêtes et rapports des conclusions,Investigations and reports of finding - Section 37(2) Final Reports: Received,Enquêtes et rapports des conclusions - Article 37(2) Compte rendus finaux: Reçus,
Q9_2Row1Cell5,9,Section 9: Investigations and reports of finding,Section 9 : Enquêtes et comptes rendus de conclusion,9.2,9.2 Investigations and reports of finding,9.2 Enquêtes et rapports des conclusions,Investigations and reports of finding - Section 37(2) Final Reports: Containing recommendations issued by the Information Commissioner,Enquêtes et rapports des conclusions - Article 37(2) Compte rendus finaux: Contenant des recommandations émis par la Commissaire à l’information,
Q9_2Row1Cell6,9,Section 9: Investigations and reports of finding,Section 9 : Enquêtes et comptes rendus de conclusion,9.2,9.2 Investigations and reports of finding,9.2 Enquêtes et rapports des conclusions,Investigations and reports of finding - Section 37(2) Final Reports: Containing orders issued by the Information Commissioner,Enquêtes et rapports des conclusions - Article 37(2) Compte rendus finaux: Contenant des ordonnances émis par la Commissaire à l’information,
Q10_1Row1Cell1,10,Section 10: Court action,Section 10 : Recours judiciaire,10.1,10.1 Court actions on complaints,10.1 Recours judiciaires sur les plaintes,Court actions on complaints - Section 41: Complainant (1),Recours judiciaires sur les plaintes - Article 41 : Plaignant (1),
Q10_1Row1Cell2,10,Section 10: Court action,Section 10 : Recours judiciaire,10.1,10.1 Court actions on complaints,10.1 Recours judiciaires sur les plaintes,Court actions on complaints - Section 41: Institution (2),Recours judiciaires sur les plaintes - Article 41 : Institution (2),
Q10_1Row1Cell3,10,Section 10: Court action,Section 10 : Recours judiciaire,10.1,10.1 Court actions on complaints,10.1 Recours judiciaires sur les plaintes,Court actions on complaints - Section 41: Third Party (3),Recours judiciaires sur les plaintes - Article 41 : Tier (3),
Q10_1Row1Cell4,10,Section 10: Court action,Section 10 : Recours judiciaire,10.1,10.1 Court actions on complaints,10.1 Recours judiciaires sur les plaintes,Court actions on complaints - Section 41: Privacy Commissioner (4),Recours judiciaires sur les plaintes - Article 41 : Commissiaire à la protection de la vie privée (4),
Q10_1Row1Cell5,10,Section 10: Court action,Section 10 : Recours judiciaire,10.1,10.1 Court actions on complaints,10.1 Recours judiciaires sur les plaintes,Court actions on complaints - Section 41: Total,Recours judiciaires sur les plaintes - Article 41 : Total,
Q10_2Row1Cell2,10,Section 10: Court action,Section 10 : Recours judiciaire,10.2,10.2 Court actions on third party notifications under paragraph 28(1)(b),10.2 Recours judiciaires sur les plaintes de tiers en vertu de l’alinéa 28(1)b),Section 44 - under paragraph 28(1)(b),Article 44 – en vertu de l’alinéa 28(1)b),
Q11_1Row1Cell1,11,Section 11: Resources related to theAccess to Information Act,Section 11 : Ressources liées à laLoi sur l’accès à l’information,11.1,11.1 Allocated costs,11.1 Coûts,Amount - Expenditures: Salaries,Montant - Dépenses : Salaires,
Q11_1Row2Cell1,11,Section 11: Resources related to theAccess to Information Act,Section 11 : Ressources liées à laLoi sur l’accès à l’information,11.1,11.1 Allocated costs,11.1 Coûts,Amount - Expenditures: Overtime,Montant - Dépenses : Heures supplémentaires,
Q11_1Row3Cell1,11,Section 11: Resources related to theAccess to Information Act,Section 11 : Ressources liées à laLoi sur l’accès à l’information,11.1,11.1 Allocated costs,11.1 Coûts,Amount - Expenditures: Goods and services,Montant - Dépenses : Biens et services,
Q11_1Row4Cell1,11,Section 11: Resources related to theAccess to Information Act,Section 11 : Ressources liées à laLoi sur l’accès à l’information,11.1,11.1 Allocated costs,11.1 Coûts,Amount - Expenditures: Professional services contracts,Montant - Dépenses : Contracts de services professionnels,
Q11_1Row5Cell1,11,Section 11: Resources related to theAccess to Information Act,Section 11 : Ressources liées à laLoi sur l’accès à l’information,11.1,11.1 Allocated costs,11.1 Coûts,Amount - Expenditures: Other,Montant - Dépenses : Autres,
Q11_1Row6Cell1,11,Section 11: Resources related to theAccess to Information Act,Section 11 : Ressources liées à laLoi sur l’accès à l’information,11.1,11.1 Allocated costs,11.1 Coûts,Amount - Expenditures: Total,Montant - Dépenses : Total,
Q11_2Row1Cell1,11,Section 11: Resources related to theAccess to Information Act,Section 11 : Ressources liées à laLoi sur l’accès à l’information,11.2,11.2 Human resources,11.2 Ressources humaines,Person Years Dedicated to Access to Information Activities - Resources: Full-time employees,Années-personnes consacrées aux activités liées à l’accès à l’information - Ressources - Employés à temps plein,
Q11_2Row2Cell1,11,Section 11: Resources related to theAccess to Information Act,Section 11 : Ressources liées à laLoi sur l’accès à l’information,11.2,11.2 Human resources,11.2 Ressources humaines,Person Years Dedicated to Access to Information Activities - Resources: Part-time and casual employees,Années-personnes consacrées aux activités liées à l’accès à l’information - Ressources - Employés à temps partiel et occasionnels,
Q11_2Row3Cell1,11,Section 11: Resources related to theAccess to Information Act,Section 11 : Ressources liées à laLoi sur l’accès à l’information,11.2,11.2 Human resources,11.2 Ressources humaines,Person Years Dedicated to Access to Information Activities - Resources: Regional staff,Années-personnes consacrées aux activités liées à l’accès à l’information - Ressources - Employés régionaux,
Q11_2Row4Cell1,11,Section 11: Resources related to theAccess to Information Act,Section 11 : Ressources liées à laLoi sur l’accès à l’information,11.2,11.2 Human resources,11.2 Ressources humaines,Person Years Dedicated to Access to Information Activities - Resources: Consultants and agency personnel,Années-personnes consacrées aux activités liées à l’accès à l’information - Ressources - Experts-conseils et personnel d’agenc,
Q11_2Row5Cell1,11,Section 11: Resources related to theAccess to Information Act,Section 11 : Ressources liées à laLoi sur l’accès à l’information,11.2,11.2 Human resources,11.2 Ressources humaines,Person Years Dedicated to Access to Information Activities - Resources: Students,Années-personnes consacrées aux activités liées à l’accès à l’information - Ressources - Étudiants,
Q11_2Row6Cell1,11,Section 11: Resources related to theAccess to Information Act,Section 11 : Ressources liées à laLoi sur l’accès à l’information,11.2,11.2 Human resources,11.2 Ressources humaines,Person Years Dedicated to Access to Information Activities - Resources: Total,Années-personnes consacrées aux activités liées à l’accès à l’information - Ressources - Total,
